<?xml version="1.0" encoding="UTF-8"?>

<ConceptMap xmlns="http://hl7.org/fhir">
  <id value="101"/>
  <text>
    <status value="generated"/>
    <div xmlns="http://www.w3.org/1999/xhtml">
      <h2>FHIR/v3 Address Use Mapping (http://hl7.org/fhir/ConceptMap/101)</h2>
      <p>Mapping from 
        <a href="valueset-address-use.html">http://hl7.org/fhir/ValueSet/address-use</a> to 
        <a href="v3/AddressUse/vs.html">http://hl7.org/fhir/ValueSet/v3-AddressUse</a>
      </p>
      <p>DRAFT (not intended for production usage). Published on Jun 13, 2012 by HL7, Inc (FHIR project team (example): 
        <a href="http://hl7.org/fhir">http://hl7.org/fhir</a>; ). Creative Commons 0
      </p>
      <p>A mapping between the FHIR and HL7 v3 AddressUse Code systems</p>
      <br/>
      <table class="grid">
        <tr>
          <td>
            <b>Source Code</b>
          </td>
          <td>
            <b>Equivalence</b>
          </td>
          <td>
            <b>Destination Code</b>
          </td>
          <td>
            <b>Comments</b>
          </td>
        </tr>
        <tr>
          <td>home (Home)</td>
          <td>equivalent</td>
          <td>H (home address)</td>
          <td/>
        </tr>
        <tr>
          <td>home (Home)</td>
          <td>equivalent</td>
          <td>H (home address)</td>
          <td/>
        </tr>
        <tr>
          <td>work (Work)</td>
          <td>equivalent</td>
          <td>WP (work place)</td>
          <td/>
        </tr>
        <tr>
          <td>temp (Temporary)</td>
          <td>equivalent</td>
          <td>TMP (temporary address)</td>
          <td/>
        </tr>
        <tr>
          <td>old (Old / Incorrect)</td>
          <td>disjoint</td>
          <td>BAD (bad address)</td>
          <td>In the HL7 v3 AD, old is handled by the usablePeriod element, but you have to provide a time, there&#39;s no simple equivalent of flagging an address as old</td>
        </tr>
      </table>
    </div>
  </text>
  <url value="http://hl7.org/fhir/ConceptMap/101"/>
  <identifier>
    <system value="urn:ietf:rfc:3986"/>
    <value value="urn:uuid:53cd62ee-033e-414c-9f58-3ca97b5ffc3b"/>
  </identifier>
  <version value="20120613"/>
  <name value="FHIR/v3 Address Use Mapping"/>
  <status value="draft"/>
  <experimental value="true"/>
  <publisher value="HL7, Inc"/>
  <contact>
    <name value="FHIR project team (example)"/>
    <telecom>
      <system value="other"/>
      <value value="http://hl7.org/fhir"/>
    </telecom>
  </contact>
  <date value="2012-06-13"/>
  <description value="A mapping between the FHIR and HL7 v3 AddressUse Code systems"/>
  <useContext>
    <text value="for CDA Usage"/>
  </useContext>
  <requirements value="To help implementers map from HL7 v3/CDA to FHIR"/>
  <copyright value="Creative Commons 0"/>
  <sourceReference>
    <reference value="http://hl7.org/fhir/ValueSet/address-use"/>
  </sourceReference>
  <targetReference>
    <reference value="http://hl7.org/fhir/ValueSet/v3-AddressUse"/>
  </targetReference>
  <element>
    <system value="http://hl7.org/fhir/address-use"/>
    <code value="home"/>
    <target>
      <system value="http://hl7.org/fhir/v3/AddressUse"/>
      <code value="H"/>
      <equivalence value="equivalent"/>
    </target>
  </element>
  <element>
    <system value="http://hl7.org/fhir/address-use"/>
    <code value="home"/>
    <target>
      <system value="http://hl7.org/fhir/v3/AddressUse"/>
      <code value="H"/>
      <equivalence value="equivalent"/>
    </target>
  </element>
  <element>
    <system value="http://hl7.org/fhir/address-use"/>
    <code value="work"/>
    <target>
      <system value="http://hl7.org/fhir/v3/AddressUse"/>
      <code value="WP"/>
      <equivalence value="equivalent"/>
    </target>
  </element>
  <element>
    <system value="http://hl7.org/fhir/address-use"/>
    <code value="temp"/>
    <target>
      <system value="http://hl7.org/fhir/v3/AddressUse"/>
      <code value="TMP"/>
      <equivalence value="equivalent"/>
    </target>
  </element>
  <element>
    <system value="http://hl7.org/fhir/address-use"/>
    <code value="old"/>
    <target>
      <system value="http://hl7.org/fhir/v3/AddressUse"/>
      <code value="BAD"/>
      <equivalence value="disjoint"/>
      <comments value="In the HL7 v3 AD, old is handled by the usablePeriod element, but you have to provide a time, there&#39;s no simple equivalent of flagging an address as old"/>
    </target>
  </element>
</ConceptMap>