<?xml version="1.0" encoding="UTF-8"?><Consent xmlns="http://hl7.org/fhir">
  <id value="consent-example-Out"/>

  <text>
    <status value="generated"/>
    <div xmlns="http://www.w3.org/1999/xhtml">The following scenario is based on existing jurisdictional policy and are realized in existing systems in Canada. 
	The default policy is one of implied consent for the provision of care, so these scenarios all deal with withdrawal or withholding consent for that purpose. 
	In other jurisdictions, where an express consent model is used (Opt-In), these would examples would contain the phrase &quot;consent to&quot; rather 
	than &quot;withhold&quot; or &quot;withdraw&quot; consent for.
    <p>
	specific to use-case 0) Withhold Authorization for Treatment
	</p><p>
    Patient &quot;P. van de Heuvel&quot; wishes to have no data at the Good Health Psychiatric Hospital 
   available for normal treatment use.
   </p>
   </div>
  </text>

  <status value="active"/>
   
  <!--  Opt-In is explicit authorization with explicit exceptions  -->
  <type>
     <coding>
	   <system value="http://hl7.org/fhir/consenttypecodes"/>
	   <code value="Opt-Out"/>
	   <display value="Authorization refused with explicit exceptions."/>
	 </coding>
  </type>
 
  <issued value="2016-05-11"/>
 <!--  not bound by a timeframe - consent.applies  -->
 
  <patient>
    <reference value="Patient/f001"/>
    <display value="P. van de Heuvel"/>
  </patient>

  <!--  I assume the example given is Canada Infoway wide???  AND I assume it is desired to state that in the consent.authority element  -->
  <authority>
      <reference value="Organization/Infoway"/>
	  <display value="Canada Infoway"/>
   </authority>
	  
   <!--  and/or would this [also] go into Consent.domain as a Jurisdiction?? (see the example on UK Pharamacy Juristiction)  -->
  <domain>
      <reference value="Location/Infoway"/>
	  <display value="Canada Infoway"/>
   </domain>

 <!--  no special terms (exceptions)  -->
 

     <contentAttachment>
	   <title value="The terms of the consent in lawyer speak."/>
	   <!--  likely use url pointer to common text  -->
	 </contentAttachment>

</Consent>