<?xml version="1.0" encoding="UTF-8"?><ImagingManifest xmlns="http://hl7.org/fhir">
  <id value="example"/>
  <text>
    <status value="generated"/>
    <div xmlns="http://www.w3.org/1999/xhtml">A set of images accompanying to an exam document, including one SC image and two CT images, to publish the exam sharing</div>
  </text>
  <uid value="urn:oid:2.16.124.113543.6003.189642796.63084.16748.2599092901"/>	
  <patient>
    <reference value="Patient/dicom"/>
  </patient>
  <authoringTime value="2014-11-20T11:01:20-08:00"/>
  <title>
    <coding>
	  <system value="http://nema.org/dicom/dicm"/>
	  <code value="113030"/>
	  <display value="Manifest"/>
	</coding>
	<text value="A set of objects that have been exported for sharing"/>
  </title>
  <description value="1 SC image (screen snapshot) and 2 CT images to share a chest CT exam"/>
  <study>
	  <uid value="urn:oid:2.16.124.113543.6003.189642796.63084.16749.2599092904"/>
	  <baseLocation>
	      <type>
    	  <code value="WADO-RS"/>
		  </type>
	      <url value="http://localhost/wado/SCP/2.16.124.113543.6003.189642796.63084.16749.2599092904"/>
      </baseLocation>
    
	  <series>
		  <uid value="urn:oid:2.16.124.113543.6003.189642796.63084.16750.2599092901"/>
		  <instance>
			  <sopClass value="urn:oid:1.2.840.10008.5.1.4.1.1.7"/>
			  <uid value="urn:oid:2.16.124.113543.6003.189642796.63084.16748.2599092902"/>
		  </instance>
	  </series>
	  <series>
		  <uid value="urn:oid:2.16.124.113543.6003.189642796.63084.16750.2599092902"/>
		  <instance>
			  <sopClass value="urn:oid:1.2.840.10008.5.1.4.1.1.2"/>
			  <uid value="urn:oid:2.16.124.113543.6003.189642796.63084.16748.2599092903"/>
		  </instance>
		  <instance>
			  <sopClass value="urn:oid:1.2.840.10008.5.1.4.1.1.2"/>
			  <uid value="urn:oid:2.16.124.113543.6003.189642796.63084.16748.2599092904"/>
		  </instance>
	  </series>
  </study> 
</ImagingManifest>