<?xml version="1.0" encoding="UTF-8"?><Medication xmlns="http://hl7.org/fhir">
   <id value="med0319"/>
   <text><status value="generated"/><div xmlns="http://www.w3.org/1999/xhtml"><p><b>Generated Narrative with Details</b></p><p><b>id</b>: med0319</p><p><b>isBrand</b>: false</p><blockquote><p><b>product</b></p><p><b>form</b>: Ointment <span>(Details : {SNOMED CT code &#39;385101003&#39; = &#39;Ointment&#39;, given as &#39;Ointment&#39;})</span></p><blockquote><p><b>ingredient</b></p><p><b>item</b>: Salicyclic Acid (substance) <span>(Details : {SNOMED CT code &#39;387253001&#39; = &#39;Salicylic acid (substance)&#39;, given as &#39;Salicyclic Acid (substance)&#39;})</span></p><p><b>amount</b>: 5 g<span> (Details: http://unitsofmeasure.org code g = &#39;g&#39;)</span>/100 g<span> (Details: http://unitsofmeasure.org code g = &#39;g&#39;)</span></p></blockquote><blockquote><p><b>ingredient</b></p><p><b>item</b>: Salicyclic Acid (substance) <span>(Details : {SNOMED CT code &#39;396458002&#39; = &#39;Hydrocortisone (substance)&#39;, given as &#39;Salicyclic Acid (substance)&#39;})</span></p><p><b>amount</b>: 1 g<span> (Details: http://unitsofmeasure.org code g = &#39;g&#39;)</span>/100 g<span> (Details: http://unitsofmeasure.org code g = &#39;g&#39;)</span></p></blockquote><blockquote><p><b>ingredient</b></p><p><b>item</b>: White Petrolatum (substance) <span>(Details : {SNOMED CT code &#39;126066007&#39; = &#39;White petroleum&#39;, given as &#39;White Petrolatum (substance)&#39;})</span></p><p><b>amount</b>: 94 g<span> (Details: http://unitsofmeasure.org code g = &#39;g&#39;)</span>/100 g<span> (Details: http://unitsofmeasure.org code g = &#39;g&#39;)</span></p></blockquote></blockquote></div></text><isBrand value="false"/>
   <product>
      <form>
         <coding>
            <system value="http://snomed.info/sct"/>
            <code value="385101003"/>
            <display value="Ointment"/>
         </coding>
         <text value="Ointment"/>
      </form>
      <ingredient>
         <itemCodeableConcept>
            <coding>
               <system value="http://snomed.info/sct"/>
               <code value="387253001"/>
               <display value="Salicyclic Acid (substance)"/>
            </coding>
         </itemCodeableConcept>
         <amount>
            <numerator>
               <value value="5"/>
               <system value="http://unitsofmeasure.org"/>
               <code value="g"/>
            </numerator>
            <denominator>
               <value value="100"/>
               <system value="http://unitsofmeasure.org"/>
               <code value="g"/>
            </denominator>
         </amount>
      </ingredient>
      <ingredient>
         <itemCodeableConcept>
            <coding>
               <system value="http://snomed.info/sct"/>
               <code value="396458002"/>
               <display value="Salicyclic Acid (substance)"/>
            </coding>
         </itemCodeableConcept>
         <amount>
            <numerator>
               <value value="1"/>
               <system value="http://unitsofmeasure.org"/>
               <code value="g"/>
            </numerator>
            <denominator>
               <value value="100"/>
               <system value="http://unitsofmeasure.org"/>
               <code value="g"/>
            </denominator>
         </amount>
      </ingredient>
      <ingredient>
         <itemCodeableConcept>
            <coding>
               <system value="http://snomed.info/sct"/>
               <code value="126066007"/>
               <display value="White Petrolatum (substance)"/>
            </coding>
         </itemCodeableConcept>
         <amount>
            <numerator>
               <value value="94"/>
               <system value="http://unitsofmeasure.org"/>
               <code value="g"/>
            </numerator>
            <denominator>
               <value value="100"/>
               <system value="http://unitsofmeasure.org"/>
               <code value="g"/>
            </denominator>
         </amount>
      </ingredient>
   </product>
</Medication>