<?xml version="1.0" encoding="UTF-8"?>

<OperationDefinition xmlns="http://hl7.org/fhir">
  <id value="Task-reserve"/>
  <text>
    <status value="generated"/>
    <div xmlns="http://www.w3.org/1999/xhtml">
      <h2>Reserve Task</h2>
      <p>OPERATION: Reserve Task</p>
      <div>
        <p>Reserve this task for the specified entity.  Makes the specified entity the task owner, and transitions the task to the Ready state.  This operation may be used by an entity to claim a task for itself, or to delegate or forward the task to another entity.</p>

      </div>
      <p>Parameters</p>
      <table class="grid">
        <tr>
          <td>
            <b>Use</b>
          </td>
          <td>
            <b>Name</b>
          </td>
          <td>
            <b>Cardinality</b>
          </td>
          <td>
            <b>Type</b>
          </td>
          <td>
            <b>Binding</b>
          </td>
          <td>
            <b>Documentation</b>
          </td>
        </tr>
        <tr>
          <td>IN</td>
          <td>owner</td>
          <td>1..1</td>
          <td>Reference</td>
          <td/>
          <td>
            <div>
              <p>The entity who is to be assigned ownership of this task.</p>

            </div>
          </td>
        </tr>
      </table>
    </div>
  </text>
  <url value="http://hl7.org/fhir/OperationDefinition/Task-reserve"/>
  <name value="Reserve Task"/>
  <status value="draft"/>
  <kind value="operation"/>
  <date value="2016-06-06T20:14:04+00:00"/>
  <publisher value="HL7 (FHIR Project)"/>
  <contact>
    <telecom>
      <system value="other"/>
      <value value="http://hl7.org/fhir"/>
    </telecom>
    <telecom>
      <system value="email"/>
      <value value="fhir@lists.hl7.org"/>
    </telecom>
  </contact>
  <description value="Reserve this task for the specified entity.  Makes the specified entity the task owner, and transitions the task to the Ready state.  This operation may be used by an entity to claim a task for itself, or to delegate or forward the task to another entity."/>
  <code value="reserve"/>
  <system value="false"/>
  <instance value="true"/>
  <parameter>
    <name value="owner"/>
    <use value="in"/>
    <min value="1"/>
    <max value="1"/>
    <documentation value="The entity who is to be assigned ownership of this task."/>
    <type value="Reference"/>
  </parameter>
</OperationDefinition>