<?xml version="1.0" encoding="UTF-8"?>

<OperationDefinition xmlns="http://hl7.org/fhir">
  <id value="Task-suspend"/>
  <text>
    <status value="generated"/>
    <div xmlns="http://www.w3.org/1999/xhtml">
      <h2>Suspend Task</h2>
      <p>OPERATION: Suspend Task</p>
      <div>
        <p>Place a hold on any activity for this task until it is subsequently resumed.  The task remains in  its current state but is marked as being suspended, indicating that no additional activity should b performed.  If the task has subtasks, these are also suspended.</p>

      </div>
      <p>Parameters</p>
      <table class="grid">
        <tr>
          <td>
            <b>Use</b>
          </td>
          <td>
            <b>Name</b>
          </td>
          <td>
            <b>Cardinality</b>
          </td>
          <td>
            <b>Type</b>
          </td>
          <td>
            <b>Binding</b>
          </td>
          <td>
            <b>Documentation</b>
          </td>
        </tr>
      </table>
    </div>
  </text>
  <url value="http://hl7.org/fhir/OperationDefinition/Task-suspend"/>
  <name value="Suspend Task"/>
  <status value="draft"/>
  <kind value="operation"/>
  <date value="2016-06-06T20:14:04+00:00"/>
  <publisher value="HL7 (FHIR Project)"/>
  <contact>
    <telecom>
      <system value="other"/>
      <value value="http://hl7.org/fhir"/>
    </telecom>
    <telecom>
      <system value="email"/>
      <value value="fhir@lists.hl7.org"/>
    </telecom>
  </contact>
  <description value="Place a hold on any activity for this task until it is subsequently resumed.  The task remains in  its current state but is marked as being suspended, indicating that no additional activity should b performed.  If the task has subtasks, these are also suspended."/>
  <code value="suspend"/>
  <system value="false"/>
  <instance value="true"/>
</OperationDefinition>