<?xml version="1.0" encoding="UTF-8"?>

<OperationDefinition xmlns="http://hl7.org/fhir">
  <id value="Task-cancel"/>
  <text>
    <status value="generated"/>
    <div xmlns="http://www.w3.org/1999/xhtml">
      <h2>Cancel Task</h2>
      <p>OPERATION: Cancel Task</p>
      <div>
        <p>Cancel the task.  Set the status of the task to cancelled.</p>

      </div>
      <p>Parameters</p>
      <table class="grid">
        <tr>
          <td>
            <b>Use</b>
          </td>
          <td>
            <b>Name</b>
          </td>
          <td>
            <b>Cardinality</b>
          </td>
          <td>
            <b>Type</b>
          </td>
          <td>
            <b>Binding</b>
          </td>
          <td>
            <b>Documentation</b>
          </td>
        </tr>
      </table>
    </div>
  </text>
  <url value="http://hl7.org/fhir/OperationDefinition/Task-cancel"/>
  <name value="Cancel Task"/>
  <status value="draft"/>
  <kind value="operation"/>
  <date value="2016-06-06T20:14:04+00:00"/>
  <publisher value="HL7 (FHIR Project)"/>
  <contact>
    <telecom>
      <system value="other"/>
      <value value="http://hl7.org/fhir"/>
    </telecom>
    <telecom>
      <system value="email"/>
      <value value="fhir@lists.hl7.org"/>
    </telecom>
  </contact>
  <description value="Cancel the task.  Set the status of the task to cancelled."/>
  <code value="cancel"/>
  <system value="false"/>
  <instance value="true"/>
</OperationDefinition>