<?xml version="1.0" encoding="UTF-8"?>

<ValueSet xmlns="http://hl7.org/fhir">
  <id value="nhin-purposeofuse"/>
  <text>
    <status value="generated"/>
    <div xmlns="http://www.w3.org/1999/xhtml">
      <h2>NHIN PurposeOfUse</h2>
      <p>This value set is suitable for use with the provenance resource. It is derived from, but not compatible with, the HL7 v3 Purpose of use Code system.</p>
      <p>This value set includes codes from the following code systems:</p>
      <ul>
        <li>Include all codes defined in 
          <a href="codesystem-nhin-purposeofuse.html">http://healthit.gov/nhin/purposeofuse</a>
        </li>
      </ul>
    </div>
  </text>
  <contained>
    <ConceptMap>
      <id value="map"/>
      <name value="NHIN / V3 Mapping"/>
      <status value="draft"/>
      <sourceReference>
        <reference value="http://hl7.org/fhir/ValueSet/nhin-purposeofuse"/>
      </sourceReference>
      <targetReference>
        <reference value="http://hl7.org/fhir/ValueSet/v3-PurposeOfUse"/>
      </targetReference>
      <element>
        <system value="http://healthit.gov/nhin/purposeofuse"/>
        <code value="TREATMENT"/>
        <target>
          <system value="http://hl7.org/fhir/v3/ActReason"/>
          <code value="TREAT"/>
          <equivalence value="equivalent"/>
        </target>
      </element>
      <element>
        <system value="http://healthit.gov/nhin/purposeofuse"/>
        <code value="PAYMENT"/>
        <target>
          <system value="http://hl7.org/fhir/v3/ActReason"/>
          <code value="HPAYMT"/>
          <equivalence value="equivalent"/>
        </target>
      </element>
      <element>
        <system value="http://healthit.gov/nhin/purposeofuse"/>
        <code value="OPERATIONS"/>
        <target>
          <system value="http://hl7.org/fhir/v3/ActReason"/>
          <code value="HOPERAT"/>
          <equivalence value="equivalent"/>
        </target>
      </element>
      <element>
        <system value="http://healthit.gov/nhin/purposeofuse"/>
        <code value="SYSADMIN"/>
        <target>
          <system value="http://hl7.org/fhir/v3/ActReason"/>
          <code value="SYSADMIN"/>
          <equivalence value="equivalent"/>
        </target>
      </element>
      <element>
        <system value="http://healthit.gov/nhin/purposeofuse"/>
        <code value="FRAUD"/>
        <target>
          <system value="http://hl7.org/fhir/v3/ActReason"/>
          <code value="FRAUD"/>
          <equivalence value="equivalent"/>
        </target>
      </element>
      <element>
        <system value="http://healthit.gov/nhin/purposeofuse"/>
        <code value="PSYCHOTHERAPY"/>
        <target>
          <system value="http://hl7.org/fhir/v3/ActReason"/>
          <code value="PSYCHOTHERAPY"/>
          <equivalence value="equivalent"/>
        </target>
      </element>
      <element>
        <system value="http://healthit.gov/nhin/purposeofuse"/>
        <code value="TRAINING"/>
        <target>
          <system value="http://hl7.org/fhir/v3/ActReason"/>
          <code value="TRAINING"/>
          <equivalence value="equivalent"/>
        </target>
      </element>
      <element>
        <system value="http://healthit.gov/nhin/purposeofuse"/>
        <code value="LEGAL"/>
        <target>
          <system value="http://hl7.org/fhir/v3/ActReason"/>
          <code value="HLEGAL"/>
          <equivalence value="equivalent"/>
        </target>
      </element>
      <element>
        <system value="http://healthit.gov/nhin/purposeofuse"/>
        <code value="MARKETING"/>
        <target>
          <system value="http://hl7.org/fhir/v3/ActReason"/>
          <code value="HMARKT"/>
          <equivalence value="narrower"/>
          <comments value="Not clear how much difference there is between &#39;marketing&#39; and &#39;healthcare marketing&#39;"/>
        </target>
      </element>
      <element>
        <system value="http://healthit.gov/nhin/purposeofuse"/>
        <code value="DIRECTORY"/>
        <target>
          <system value="http://hl7.org/fhir/v3/ActReason"/>
          <code value="HDIRECT"/>
          <equivalence value="equivalent"/>
        </target>
      </element>
      <element>
        <system value="http://healthit.gov/nhin/purposeofuse"/>
        <code value="DISASTER"/>
        <target>
          <system value="http://hl7.org/fhir/v3/ActReason"/>
          <code value="DISASTER"/>
          <equivalence value="equivalent"/>
        </target>
      </element>
      <element>
        <system value="http://healthit.gov/nhin/purposeofuse"/>
        <code value="PUBLICHEALTH"/>
        <target>
          <system value="http://hl7.org/fhir/v3/ActReason"/>
          <code value="PUBHLTH"/>
          <equivalence value="equivalent"/>
        </target>
      </element>
      <element>
        <system value="http://healthit.gov/nhin/purposeofuse"/>
        <code value="JUDICIAL"/>
        <target>
          <system value="http://hl7.org/fhir/v3/ActReason"/>
          <code value="HLEGAL"/>
          <equivalence value="wider"/>
        </target>
      </element>
      <element>
        <system value="http://healthit.gov/nhin/purposeofuse"/>
        <code value="LAW"/>
        <target>
          <system value="http://hl7.org/fhir/v3/ActReason"/>
          <code value="HLEGAL"/>
          <equivalence value="wider"/>
        </target>
      </element>
      <element>
        <system value="http://healthit.gov/nhin/purposeofuse"/>
        <code value="DONATION"/>
        <target>
          <system value="http://hl7.org/fhir/v3/ActReason"/>
          <code value="DONAT"/>
          <equivalence value="equivalent"/>
        </target>
      </element>
      <element>
        <system value="http://healthit.gov/nhin/purposeofuse"/>
        <code value="RESEARCH"/>
        <target>
          <system value="http://hl7.org/fhir/v3/ActReason"/>
          <code value="HRESCH"/>
          <equivalence value="narrower"/>
          <comments value="Not clear how much difference there is between &#39;research&#39; and &#39;healthcare research&#39;"/>
        </target>
      </element>
      <element>
        <system value="http://healthit.gov/nhin/purposeofuse"/>
        <code value="THREAT"/>
        <target>
          <system value="http://hl7.org/fhir/v3/ActReason"/>
          <code value="THREAT"/>
          <equivalence value="equivalent"/>
        </target>
      </element>
      <element>
        <system value="http://healthit.gov/nhin/purposeofuse"/>
        <code value="GOVERNMENT"/>
        <target>
          <system value="http://hl7.org/fhir/v3/ActReason"/>
          <code value="GOV"/>
          <equivalence value="equivalent"/>
        </target>
      </element>
      <element>
        <system value="http://healthit.gov/nhin/purposeofuse"/>
        <code value="COVERAGE"/>
        <target>
          <system value="http://hl7.org/fhir/v3/ActReason"/>
          <code value="OVAUTH"/>
          <equivalence value="equivalent"/>
        </target>
      </element>
      <element>
        <system value="http://healthit.gov/nhin/purposeofuse"/>
        <code value="REQUEST"/>
        <target>
          <system value="http://hl7.org/fhir/v3/ActReason"/>
          <code value="PATRQT"/>
          <equivalence value="equivalent"/>
        </target>
      </element>
    </ConceptMap>
  </contained>
  <extension url="http://hl7.org/fhir/StructureDefinition/valueset-map">
    <valueReference>
      <reference value="#map"/>
    </valueReference>
  </extension>
  <url value="http://hl7.org/fhir/ValueSet/nhin-purposeofuse"/>
  <version value="2.0"/>
  <name value="NHIN PurposeOfUse"/>
  <status value="active"/>
  <experimental value="false"/>
  <publisher value="Nationwide Health Information Network (NHIN)"/>
  <contact>
    <telecom>
      <system value="other"/>
      <value value="https://www.healthit.gov/sites/default/files/nhin-authorization-framework-production-specification-v2.0-1.pdf"/>
    </telecom>
  </contact>
  <date value="2010-01-29"/>
  <description value="This value set is suitable for use with the provenance resource. It is derived from, but not compatible with, the HL7 v3 Purpose of use Code system."/>
  <compose>
    <include>
      <system value="http://healthit.gov/nhin/purposeofuse"/>
    </include>
  </compose>
</ValueSet>