﻿{
  "$schema": "http://json-schema.org/draft-04/schema#",
  "id": "http://hl7.org/fhir/json-schema/ClinicalImpression",
  "$ref": "#/definitions/ClinicalImpression",
  "description": "see http://hl7.org/fhir/json.html#schema for information about the FHIR Json Schemas",
  "definitions": {
    "ClinicalImpression": {
      "allOf": [
        {
          "$ref": "DomainResource.schema.json/definitions/DomainResource"
        },
        {
          "description": "A record of a clinical assessment performed to determine what problem(s) may affect the patient and before planning the treatments or management strategies that are best to manage a patient\u0027s condition. Assessments are often 1:1 with a clinical consultation / encounter,  but this varies greatly depending on the clinical workflow. This resource is called \"ClinicalImpression\" rather than \"ClinicalAssessment\" to avoid confusion with the recording of assessment tools such as Apgar score.",
          "properties": {
            "resourceType": {
              "description": "This is a ClinicalImpression resource",
              "type": "string",
              "enum": [
                "ClinicalImpression"
              ]
            },
            "patient": {
              "description": "The patient being assessed.",
              "$ref": "Reference.schema.json/definitions/Reference"
            },
            "assessor": {
              "description": "The clinician performing the assessment.",
              "$ref": "Reference.schema.json/definitions/Reference"
            },
            "status": {
              "description": "Identifies the workflow status of the assessment.",
              "type": "string",
              "pattern": "[^\\s]+([\\s]?[^\\s]+)*"
            },
            "status_": {
              "description": "Extensions for status",
              "$ref": "Element.schema.json/definitions/Element"
            },
            "date": {
              "description": "The point in time at which the assessment was concluded (not when it was recorded).",
              "type": "string",
              "pattern": "-?[0-9]{4}(-(0[1-9]|1[0-2])(-(0[0-9]|[1-2][0-9]|3[0-1])(T([01][0-9]|2[0-3]):[0-5][0-9]:[0-5][0-9](\\.[0-9]+)?(Z|(\\+|-)((0[0-9]|1[0-3]):[0-5][0-9]|14:00)))?)?)?"
            },
            "date_": {
              "description": "Extensions for date",
              "$ref": "Element.schema.json/definitions/Element"
            },
            "description": {
              "description": "A summary of the context and/or cause of the assessment - why / where was it peformed, and what patient events/sstatus prompted it.",
              "type": "string"
            },
            "description_": {
              "description": "Extensions for description",
              "$ref": "Element.schema.json/definitions/Element"
            },
            "previous": {
              "description": "A reference to the last assesment that was conducted bon this patient. Assessments are often/usually ongoing in nature; a care provider (practitioner or team) will make new assessments on an ongoing basis as new data arises or the patient\u0027s conditions changes.",
              "$ref": "Reference.schema.json/definitions/Reference"
            },
            "problem": {
              "description": "This a list of the general problems/conditions for a patient.",
              "type": "array",
              "items": {
                "$ref": "Reference.schema.json/definitions/Reference"
              }
            },
            "triggerCodeableConcept": {
              "description": "The request or event that necessitated this assessment. This may be a diagnosis, a Care Plan, a Request Referral, or some other resource.",
              "$ref": "CodeableConcept.schema.json/definitions/CodeableConcept"
            },
            "triggerReference": {
              "description": "The request or event that necessitated this assessment. This may be a diagnosis, a Care Plan, a Request Referral, or some other resource.",
              "$ref": "Reference.schema.json/definitions/Reference"
            },
            "investigations": {
              "description": "One or more sets of investigations (signs, symptions, etc.). The actual grouping of investigations vary greatly depending on the type and context of the assessment. These investigations may include data generated during the assessment process, or data previously generated and recorded that is pertinent to the outcomes.",
              "type": "array",
              "items": {
                "$ref": "#/definitions/ClinicalImpression.Investigations"
              }
            },
            "protocol": {
              "description": "Reference to a specific published clinical protocol that was followed during this assessment, and/or that provides evidence in support of the diagnosis.",
              "type": "string"
            },
            "protocol_": {
              "description": "Extensions for protocol",
              "$ref": "Element.schema.json/definitions/Element"
            },
            "summary": {
              "description": "A text summary of the investigations and the diagnosis.",
              "type": "string"
            },
            "summary_": {
              "description": "Extensions for summary",
              "$ref": "Element.schema.json/definitions/Element"
            },
            "finding": {
              "description": "Specific findings or diagnoses that was considered likely or relevant to ongoing treatment.",
              "type": "array",
              "items": {
                "$ref": "#/definitions/ClinicalImpression.Finding"
              }
            },
            "resolved": {
              "description": "Diagnoses/conditions resolved since the last assessment.",
              "type": "array",
              "items": {
                "$ref": "CodeableConcept.schema.json/definitions/CodeableConcept"
              }
            },
            "ruledOut": {
              "description": "Diagnosis considered not possible.",
              "type": "array",
              "items": {
                "$ref": "#/definitions/ClinicalImpression.RuledOut"
              }
            },
            "prognosis": {
              "description": "Estimate of likely outcome.",
              "type": "string"
            },
            "prognosis_": {
              "description": "Extensions for prognosis",
              "$ref": "Element.schema.json/definitions/Element"
            },
            "plan": {
              "description": "Plan of action after assessment.",
              "type": "array",
              "items": {
                "$ref": "Reference.schema.json/definitions/Reference"
              }
            },
            "action": {
              "description": "Actions taken during assessment.",
              "type": "array",
              "items": {
                "$ref": "Reference.schema.json/definitions/Reference"
              }
            }
          },
          "required": [
            "patient",
            "resourceType"
          ]
        }
      ]
    },
    "ClinicalImpression.Investigations": {
      "allOf": [
        {
          "$ref": "BackboneElement.schema.json/definitions/BackboneElement"
        },
        {
          "description": "A record of a clinical assessment performed to determine what problem(s) may affect the patient and before planning the treatments or management strategies that are best to manage a patient\u0027s condition. Assessments are often 1:1 with a clinical consultation / encounter,  but this varies greatly depending on the clinical workflow. This resource is called \"ClinicalImpression\" rather than \"ClinicalAssessment\" to avoid confusion with the recording of assessment tools such as Apgar score.",
          "properties": {
            "code": {
              "description": "A name/code for the group (\"set\") of investigations. Typically, this will be something like \"signs\", \"symptoms\", \"clinical\", \"diagnostic\", but the list is not constrained, and others such groups such as (exposure|family|travel|nutitirional) history may be used.",
              "$ref": "CodeableConcept.schema.json/definitions/CodeableConcept"
            },
            "item": {
              "description": "A record of a specific investigation that was undertaken.",
              "type": "array",
              "items": {
                "$ref": "Reference.schema.json/definitions/Reference"
              }
            }
          },
          "required": [
            "code"
          ]
        }
      ]
    },
    "ClinicalImpression.Finding": {
      "allOf": [
        {
          "$ref": "BackboneElement.schema.json/definitions/BackboneElement"
        },
        {
          "description": "A record of a clinical assessment performed to determine what problem(s) may affect the patient and before planning the treatments or management strategies that are best to manage a patient\u0027s condition. Assessments are often 1:1 with a clinical consultation / encounter,  but this varies greatly depending on the clinical workflow. This resource is called \"ClinicalImpression\" rather than \"ClinicalAssessment\" to avoid confusion with the recording of assessment tools such as Apgar score.",
          "properties": {
            "item": {
              "description": "Specific text of code for finding or diagnosis.",
              "$ref": "CodeableConcept.schema.json/definitions/CodeableConcept"
            },
            "cause": {
              "description": "Which investigations support finding or diagnosis.",
              "type": "string"
            },
            "cause_": {
              "description": "Extensions for cause",
              "$ref": "Element.schema.json/definitions/Element"
            }
          },
          "required": [
            "item"
          ]
        }
      ]
    },
    "ClinicalImpression.RuledOut": {
      "allOf": [
        {
          "$ref": "BackboneElement.schema.json/definitions/BackboneElement"
        },
        {
          "description": "A record of a clinical assessment performed to determine what problem(s) may affect the patient and before planning the treatments or management strategies that are best to manage a patient\u0027s condition. Assessments are often 1:1 with a clinical consultation / encounter,  but this varies greatly depending on the clinical workflow. This resource is called \"ClinicalImpression\" rather than \"ClinicalAssessment\" to avoid confusion with the recording of assessment tools such as Apgar score.",
          "properties": {
            "item": {
              "description": "Specific text of code for diagnosis.",
              "$ref": "CodeableConcept.schema.json/definitions/CodeableConcept"
            },
            "reason": {
              "description": "Grounds for elimination.",
              "type": "string"
            },
            "reason_": {
              "description": "Extensions for reason",
              "$ref": "Element.schema.json/definitions/Element"
            }
          },
          "required": [
            "item"
          ]
        }
      ]
    }
  }
}