﻿{
  "$schema": "http://json-schema.org/draft-04/schema#",
  "id": "http://hl7.org/fhir/json-schema/DeviceUseRequest",
  "$ref": "#/definitions/DeviceUseRequest",
  "description": "see http://hl7.org/fhir/json.html#schema for information about the FHIR Json Schemas",
  "definitions": {
    "DeviceUseRequest": {
      "allOf": [
        {
          "$ref": "DomainResource.schema.json/definitions/DomainResource"
        },
        {
          "description": "Represents a request for a patient to employ a medical device. The device may be an implantable device, or an external assistive device, such as a walker.",
          "properties": {
            "resourceType": {
              "description": "This is a DeviceUseRequest resource",
              "type": "string",
              "enum": [
                "DeviceUseRequest"
              ]
            },
            "bodySiteCodeableConcept": {
              "description": "Indicates the site on the subject\u0027s body where the device should be used ( i.e. the target site).",
              "$ref": "CodeableConcept.schema.json/definitions/CodeableConcept"
            },
            "bodySiteReference": {
              "description": "Indicates the site on the subject\u0027s body where the device should be used ( i.e. the target site).",
              "$ref": "Reference.schema.json/definitions/Reference"
            },
            "status": {
              "description": "The status of the request.",
              "type": "string",
              "pattern": "[^\\s]+([\\s]?[^\\s]+)*"
            },
            "status_": {
              "description": "Extensions for status",
              "$ref": "Element.schema.json/definitions/Element"
            },
            "device": {
              "description": "The details of the device  to be used.",
              "$ref": "Reference.schema.json/definitions/Reference"
            },
            "encounter": {
              "description": "An encounter that provides additional context in which this request is made.",
              "$ref": "Reference.schema.json/definitions/Reference"
            },
            "identifier": {
              "description": "Identifiers assigned to this order by the orderer or by the receiver.",
              "type": "array",
              "items": {
                "$ref": "Identifier.schema.json/definitions/Identifier"
              }
            },
            "indication": {
              "description": "Reason or justification for the use of this device.",
              "type": "array",
              "items": {
                "$ref": "CodeableConcept.schema.json/definitions/CodeableConcept"
              }
            },
            "notes": {
              "description": "Details about this request that were not represented at all or sufficiently in one of the attributes provided in a class. These may include for example a comment, an instruction, or a note associated with the statement.",
              "type": "array",
              "items": {
                "type": "string"
              }
            },
            "notes_": {
              "description": "Extensions for notes",
              "items": {
                "$ref": "Element.schema.json/definitions/Element"
              }
            },
            "prnReason": {
              "description": "The proposed act must be performed if the indicated conditions occur, e.g.., shortness of breath, SpO2 less than x%.",
              "type": "array",
              "items": {
                "$ref": "CodeableConcept.schema.json/definitions/CodeableConcept"
              }
            },
            "orderedOn": {
              "description": "The time when the request was made.",
              "type": "string",
              "pattern": "-?[0-9]{4}(-(0[1-9]|1[0-2])(-(0[0-9]|[1-2][0-9]|3[0-1])(T([01][0-9]|2[0-3]):[0-5][0-9]:[0-5][0-9](\\.[0-9]+)?(Z|(\\+|-)((0[0-9]|1[0-3]):[0-5][0-9]|14:00)))?)?)?"
            },
            "orderedOn_": {
              "description": "Extensions for orderedOn",
              "$ref": "Element.schema.json/definitions/Element"
            },
            "recordedOn": {
              "description": "The time at which the request was made/recorded.",
              "type": "string",
              "pattern": "-?[0-9]{4}(-(0[1-9]|1[0-2])(-(0[0-9]|[1-2][0-9]|3[0-1])(T([01][0-9]|2[0-3]):[0-5][0-9]:[0-5][0-9](\\.[0-9]+)?(Z|(\\+|-)((0[0-9]|1[0-3]):[0-5][0-9]|14:00)))?)?)?"
            },
            "recordedOn_": {
              "description": "Extensions for recordedOn",
              "$ref": "Element.schema.json/definitions/Element"
            },
            "subject": {
              "description": "The patient who will use the device.",
              "$ref": "Reference.schema.json/definitions/Reference"
            },
            "timingTiming": {
              "description": "The timing schedule for the use of the device The Schedule data type allows many different expressions, for example. \"Every 8 hours\"; \"Three times a day\"; \"1/2 an hour before breakfast for 10 days from 23-Dec 2011:\"; \"15 Oct 2013, 17 Oct 2013 and 1 Nov 2013\".",
              "$ref": "Timing.schema.json/definitions/Timing"
            },
            "timingPeriod": {
              "description": "The timing schedule for the use of the device The Schedule data type allows many different expressions, for example. \"Every 8 hours\"; \"Three times a day\"; \"1/2 an hour before breakfast for 10 days from 23-Dec 2011:\"; \"15 Oct 2013, 17 Oct 2013 and 1 Nov 2013\".",
              "$ref": "Period.schema.json/definitions/Period"
            },
            "timingDateTime": {
              "description": "The timing schedule for the use of the device The Schedule data type allows many different expressions, for example. \"Every 8 hours\"; \"Three times a day\"; \"1/2 an hour before breakfast for 10 days from 23-Dec 2011:\"; \"15 Oct 2013, 17 Oct 2013 and 1 Nov 2013\".",
              "pattern": "-?[0-9]{4}(-(0[1-9]|1[0-2])(-(0[0-9]|[1-2][0-9]|3[0-1])(T([01][0-9]|2[0-3]):[0-5][0-9]:[0-5][0-9](\\.[0-9]+)?(Z|(\\+|-)((0[0-9]|1[0-3]):[0-5][0-9]|14:00)))?)?)?",
              "type": "string"
            },
            "timingDateTime_": {
              "description": "Extensions for timingDateTime",
              "$ref": "Element.schema.json/definitions/Element"
            },
            "priority": {
              "description": "Characterizes how quickly the  use of device must be initiated. Includes concepts such as stat, urgent, routine.",
              "type": "string",
              "pattern": "[^\\s]+([\\s]?[^\\s]+)*"
            },
            "priority_": {
              "description": "Extensions for priority",
              "$ref": "Element.schema.json/definitions/Element"
            }
          },
          "required": [
            "subject",
            "device",
            "resourceType"
          ]
        }
      ]
    }
  }
}