﻿{
  "$schema": "http://json-schema.org/draft-04/schema#",
  "id": "http://hl7.org/fhir/json-schema/DeviceComponent",
  "$ref": "#/definitions/DeviceComponent",
  "description": "see http://hl7.org/fhir/json.html#schema for information about the FHIR Json Schemas",
  "definitions": {
    "DeviceComponent": {
      "allOf": [
        {
          "$ref": "DomainResource.schema.json/definitions/DomainResource"
        },
        {
          "description": "Describes the characteristics, operational status and capabilities of a medical-related component of a medical device.",
          "properties": {
            "resourceType": {
              "description": "This is a DeviceComponent resource",
              "type": "string",
              "enum": [
                "DeviceComponent"
              ]
            },
            "type": {
              "description": "Describes the specific component type as defined in the object-oriented or metric nomenclature partition.",
              "$ref": "CodeableConcept.schema.json/definitions/CodeableConcept"
            },
            "identifier": {
              "description": "Describes the local assigned unique identification by the software. For example: handle ID.",
              "$ref": "Identifier.schema.json/definitions/Identifier"
            },
            "lastSystemChange": {
              "description": "Describes the timestamp for the most recent system change which includes device configuration or setting change.",
              "type": "string"
            },
            "lastSystemChange_": {
              "description": "Extensions for lastSystemChange",
              "$ref": "Element.schema.json/definitions/Element"
            },
            "source": {
              "description": "Describes the link to the source Device that contains administrative device information such as manufacture, serial number, etc.",
              "$ref": "Reference.schema.json/definitions/Reference"
            },
            "parent": {
              "description": "Describes the link to the parent resource. For example: Channel is linked to its VMD parent.",
              "$ref": "Reference.schema.json/definitions/Reference"
            },
            "operationalStatus": {
              "description": "Indicates current operational status of the device. For example: On, Off, Standby, etc.",
              "type": "array",
              "items": {
                "$ref": "CodeableConcept.schema.json/definitions/CodeableConcept"
              }
            },
            "parameterGroup": {
              "description": "Describes the parameter group supported by the current device component that is based on some nomenclature, e.g. cardiovascular.",
              "$ref": "CodeableConcept.schema.json/definitions/CodeableConcept"
            },
            "measurementPrinciple": {
              "description": "Describes the physical principle of the measurement. For example: thermal, chemical, acoustical, etc.",
              "type": "string",
              "pattern": "[^\\s]+([\\s]?[^\\s]+)*"
            },
            "measurementPrinciple_": {
              "description": "Extensions for measurementPrinciple",
              "$ref": "Element.schema.json/definitions/Element"
            },
            "productionSpecification": {
              "description": "Describes the production specification such as component revision, serial number, etc.",
              "type": "array",
              "items": {
                "$ref": "#/definitions/DeviceComponent.ProductionSpecification"
              }
            },
            "languageCode": {
              "description": "Describes the language code for the human-readable text string produced by the device. This language code will follow the IETF language tag. Example: en-US.",
              "$ref": "CodeableConcept.schema.json/definitions/CodeableConcept"
            }
          },
          "required": [
            "identifier",
            "type",
            "resourceType"
          ]
        }
      ]
    },
    "DeviceComponent.ProductionSpecification": {
      "allOf": [
        {
          "$ref": "BackboneElement.schema.json/definitions/BackboneElement"
        },
        {
          "description": "Describes the characteristics, operational status and capabilities of a medical-related component of a medical device.",
          "properties": {
            "specType": {
              "description": "Describes the specification type, such as, serial number, part number, hardware revision, software revision, etc.",
              "$ref": "CodeableConcept.schema.json/definitions/CodeableConcept"
            },
            "componentId": {
              "description": "Describes the internal component unique identification. This is a provision for manufacture specific standard components using a private OID. 11073-10101 has a partition for private OID semantic that the manufacture can make use of.",
              "$ref": "Identifier.schema.json/definitions/Identifier"
            },
            "productionSpec": {
              "description": "Describes the printable string defining the component.",
              "type": "string"
            },
            "productionSpec_": {
              "description": "Extensions for productionSpec",
              "$ref": "Element.schema.json/definitions/Element"
            }
          }
        }
      ]
    }
  }
}