﻿{
  "$schema": "http://json-schema.org/draft-04/schema#",
  "id": "http://hl7.org/fhir/json-schema/DiagnosticOrder",
  "$ref": "#/definitions/DiagnosticOrder",
  "description": "see http://hl7.org/fhir/json.html#schema for information about the FHIR Json Schemas",
  "definitions": {
    "DiagnosticOrder": {
      "allOf": [
        {
          "$ref": "DomainResource.schema.json/definitions/DomainResource"
        },
        {
          "description": "A record of a request for a diagnostic investigation service to be performed.",
          "properties": {
            "resourceType": {
              "description": "This is a DiagnosticOrder resource",
              "type": "string",
              "enum": [
                "DiagnosticOrder"
              ]
            },
            "identifier": {
              "description": "Identifiers assigned to this order instance by the orderer and/or  the receiver and/or order fulfiller.",
              "type": "array",
              "items": {
                "$ref": "Identifier.schema.json/definitions/Identifier"
              }
            },
            "status": {
              "description": "The status of the order.",
              "type": "string",
              "pattern": "[^\\s]+([\\s]?[^\\s]+)*"
            },
            "status_": {
              "description": "Extensions for status",
              "$ref": "Element.schema.json/definitions/Element"
            },
            "priority": {
              "description": "The clinical priority associated with this order.",
              "type": "string",
              "pattern": "[^\\s]+([\\s]?[^\\s]+)*"
            },
            "priority_": {
              "description": "Extensions for priority",
              "$ref": "Element.schema.json/definitions/Element"
            },
            "subject": {
              "description": "On whom or what the investigation is to be performed. This is usually a human patient, but diagnostic tests can also be requested on animals, groups of humans or animals, devices such as dialysis machines, or even locations (typically for environmental scans).",
              "$ref": "Reference.schema.json/definitions/Reference"
            },
            "encounter": {
              "description": "An encounter that provides additional information about the healthcare context in which this request is made.",
              "$ref": "Reference.schema.json/definitions/Reference"
            },
            "orderer": {
              "description": "The practitioner that holds legal responsibility for ordering the investigation.",
              "$ref": "Reference.schema.json/definitions/Reference"
            },
            "reason": {
              "description": "An explanation or justification for why this diagnostic investigation is being requested.   This is often for billing purposes.  May relate to the resources referred to in supportingInformation.",
              "type": "array",
              "items": {
                "$ref": "CodeableConcept.schema.json/definitions/CodeableConcept"
              }
            },
            "supportingInformation": {
              "description": "Additional clinical information about the patient or specimen that may influence test interpretations.  This includes observations explicitly requested by the producer(filler) to provide context or supporting information needed to complete the order.",
              "type": "array",
              "items": {
                "$ref": "Reference.schema.json/definitions/Reference"
              }
            },
            "event": {
              "description": "A summary of the events of interest that have occurred as the request is processed; e.g. when the order was made, various processing steps (specimens received), when it was completed.",
              "type": "array",
              "items": {
                "$ref": "#/definitions/DiagnosticOrder.Event"
              }
            },
            "item": {
              "description": "The specific diagnostic investigations that are requested as part of this request. Sometimes, there can only be one item per request, but in most contexts, more than one investigation can be requested.",
              "type": "array",
              "items": {
                "$ref": "#/definitions/DiagnosticOrder.Item"
              }
            },
            "note": {
              "description": "Any other notes associated with this patient, specimen or order (e.g. \"patient hates needles\").",
              "type": "array",
              "items": {
                "$ref": "Annotation.schema.json/definitions/Annotation"
              }
            }
          },
          "required": [
            "subject",
            "resourceType"
          ]
        }
      ]
    },
    "DiagnosticOrder.Event": {
      "allOf": [
        {
          "$ref": "BackboneElement.schema.json/definitions/BackboneElement"
        },
        {
          "description": "A record of a request for a diagnostic investigation service to be performed.",
          "properties": {
            "status": {
              "description": "The status for the event.",
              "type": "string",
              "pattern": "[^\\s]+([\\s]?[^\\s]+)*"
            },
            "status_": {
              "description": "Extensions for status",
              "$ref": "Element.schema.json/definitions/Element"
            },
            "description": {
              "description": "Additional information about the event that occurred - e.g. if the status remained unchanged.",
              "$ref": "CodeableConcept.schema.json/definitions/CodeableConcept"
            },
            "dateTime": {
              "description": "The date/time at which the event occurred.",
              "type": "string",
              "pattern": "-?[0-9]{4}(-(0[1-9]|1[0-2])(-(0[0-9]|[1-2][0-9]|3[0-1])(T([01][0-9]|2[0-3]):[0-5][0-9]:[0-5][0-9](\\.[0-9]+)?(Z|(\\+|-)((0[0-9]|1[0-3]):[0-5][0-9]|14:00)))?)?)?"
            },
            "dateTime_": {
              "description": "Extensions for dateTime",
              "$ref": "Element.schema.json/definitions/Element"
            },
            "actor": {
              "description": "The person responsible for performing or recording the action.",
              "$ref": "Reference.schema.json/definitions/Reference"
            }
          }
        }
      ]
    },
    "DiagnosticOrder.Item": {
      "allOf": [
        {
          "$ref": "BackboneElement.schema.json/definitions/BackboneElement"
        },
        {
          "description": "A record of a request for a diagnostic investigation service to be performed.",
          "properties": {
            "code": {
              "description": "A code that identifies a particular diagnostic investigation, or panel of investigations, that have been requested.",
              "$ref": "CodeableConcept.schema.json/definitions/CodeableConcept"
            },
            "bodySite": {
              "description": "Anatomical location where the request test should be performed.  This is the target site.",
              "$ref": "CodeableConcept.schema.json/definitions/CodeableConcept"
            },
            "status": {
              "description": "The status of this individual item within the order.",
              "type": "string",
              "pattern": "[^\\s]+([\\s]?[^\\s]+)*"
            },
            "status_": {
              "description": "Extensions for status",
              "$ref": "Element.schema.json/definitions/Element"
            },
            "event": {
              "description": "A summary of the events of interest that have occurred as this item of the request is processed.",
              "type": "array",
              "items": {
                "$ref": "#/definitions/DiagnosticOrder.Event"
              }
            }
          },
          "required": [
            "code"
          ]
        }
      ]
    }
  }
}