﻿{
  "$schema": "http://json-schema.org/draft-04/schema#",
  "id": "http://hl7.org/fhir/json-schema/Measure",
  "$ref": "#/definitions/Measure",
  "description": "see http://hl7.org/fhir/json.html#schema for information about the FHIR Json Schemas",
  "definitions": {
    "Measure": {
      "allOf": [
        {
          "$ref": "DomainResource.schema.json/definitions/DomainResource"
        },
        {
          "description": "The Measure resource provides the definition of a quality measure.",
          "properties": {
            "resourceType": {
              "description": "This is a Measure resource",
              "type": "string",
              "enum": [
                "Measure"
              ]
            },
            "moduleMetadata": {
              "description": "The metadata for the measure, including publishing, life-cycle, version, documentation, and supporting evidence.",
              "$ref": "ModuleMetadata.schema.json/definitions/ModuleMetadata"
            },
            "library": {
              "description": "A reference to a Library resource containing the formal logic used by the measure.",
              "type": "array",
              "items": {
                "$ref": "Reference.schema.json/definitions/Reference"
              }
            },
            "disclaimer": {
              "description": "A disclaimer for the use of the measure.",
              "type": "string"
            },
            "disclaimer_": {
              "description": "Extensions for disclaimer",
              "$ref": "Element.schema.json/definitions/Element"
            },
            "scoring": {
              "description": "The measure scoring type, e.g. proportion, CV.",
              "type": "string",
              "pattern": "[^\\s]+([\\s]?[^\\s]+)*"
            },
            "scoring_": {
              "description": "Extensions for scoring",
              "$ref": "Element.schema.json/definitions/Element"
            },
            "type": {
              "description": "The measure type, e.g. process, outcome.",
              "type": "array",
              "items": {
                "type": "string",
                "pattern": "[^\\s]+([\\s]?[^\\s]+)*"
              }
            },
            "type_": {
              "description": "Extensions for type",
              "items": {
                "$ref": "Element.schema.json/definitions/Element"
              }
            },
            "riskAdjustment": {
              "description": "A description of the risk adjustment factors that may impact the resulting score for the measure and how they may be accounted for when computing and reporting measure results.",
              "type": "string"
            },
            "riskAdjustment_": {
              "description": "Extensions for riskAdjustment",
              "$ref": "Element.schema.json/definitions/Element"
            },
            "rateAggregation": {
              "description": "A description of the rate aggregation for the measure.",
              "type": "string"
            },
            "rateAggregation_": {
              "description": "Extensions for rateAggregation",
              "$ref": "Element.schema.json/definitions/Element"
            },
            "rationale": {
              "description": "The rationale for the measure.",
              "type": "string"
            },
            "rationale_": {
              "description": "Extensions for rationale",
              "$ref": "Element.schema.json/definitions/Element"
            },
            "clinicalRecommendationStatement": {
              "description": "The clinical recommendation statement for the measure.",
              "type": "string"
            },
            "clinicalRecommendationStatement_": {
              "description": "Extensions for clinicalRecommendationStatement",
              "$ref": "Element.schema.json/definitions/Element"
            },
            "improvementNotation": {
              "description": "Improvement notation for the measure, e.g. higher score indicates better quality.",
              "type": "string"
            },
            "improvementNotation_": {
              "description": "Extensions for improvementNotation",
              "$ref": "Element.schema.json/definitions/Element"
            },
            "definition": {
              "description": "A narrative description of the complete measure calculation.",
              "type": "string"
            },
            "definition_": {
              "description": "Extensions for definition",
              "$ref": "Element.schema.json/definitions/Element"
            },
            "guidance": {
              "description": "Additional guidance for the measure including how it can be used in a clinical context, and the intent of the measure.",
              "type": "string"
            },
            "guidance_": {
              "description": "Extensions for guidance",
              "$ref": "Element.schema.json/definitions/Element"
            },
            "set": {
              "description": "The measure set, e.g. Preventive Care and Screening.",
              "type": "string"
            },
            "set_": {
              "description": "Extensions for set",
              "$ref": "Element.schema.json/definitions/Element"
            },
            "group": {
              "description": "A group of population criteria for the measure.",
              "type": "array",
              "items": {
                "$ref": "#/definitions/Measure.Group"
              }
            },
            "supplementalData": {
              "description": "The supplemental data criteria for the measure report, specified as either the name of a valid CQL expression within a referenced library, or a valid FHIR Resource Path.",
              "type": "array",
              "items": {
                "$ref": "#/definitions/Measure.SupplementalData"
              }
            }
          },
          "required": [
            "resourceType"
          ]
        }
      ]
    },
    "Measure.Group": {
      "allOf": [
        {
          "$ref": "BackboneElement.schema.json/definitions/BackboneElement"
        },
        {
          "description": "The Measure resource provides the definition of a quality measure.",
          "properties": {
            "identifier": {
              "description": "A unique identifier for the group. This identifier will used to report data for the group in the measure report.",
              "$ref": "Identifier.schema.json/definitions/Identifier"
            },
            "name": {
              "description": "Optional name or short description of this group.",
              "type": "string"
            },
            "name_": {
              "description": "Extensions for name",
              "$ref": "Element.schema.json/definitions/Element"
            },
            "description": {
              "description": "The human readable description of this population group.",
              "type": "string"
            },
            "description_": {
              "description": "Extensions for description",
              "$ref": "Element.schema.json/definitions/Element"
            },
            "population": {
              "description": "A population criteria for the measure.",
              "type": "array",
              "items": {
                "$ref": "#/definitions/Measure.Population"
              }
            },
            "stratifier": {
              "description": "The stratifier criteria for the measure report, specified as either the name of a valid CQL expression defined within a referenced library, or a valid FHIR Resource Path.",
              "type": "array",
              "items": {
                "$ref": "#/definitions/Measure.Stratifier"
              }
            }
          },
          "required": [
            "identifier"
          ]
        }
      ]
    },
    "Measure.Population": {
      "allOf": [
        {
          "$ref": "BackboneElement.schema.json/definitions/BackboneElement"
        },
        {
          "description": "The Measure resource provides the definition of a quality measure.",
          "properties": {
            "type": {
              "description": "The type of population criteria.",
              "type": "string",
              "pattern": "[^\\s]+([\\s]?[^\\s]+)*"
            },
            "type_": {
              "description": "Extensions for type",
              "$ref": "Element.schema.json/definitions/Element"
            },
            "identifier": {
              "description": "A unique identifier for the population criteria. This identifier is used to report data against this criteria within the measure report.",
              "$ref": "Identifier.schema.json/definitions/Identifier"
            },
            "name": {
              "description": "Optional name or short description of this population.",
              "type": "string"
            },
            "name_": {
              "description": "Extensions for name",
              "$ref": "Element.schema.json/definitions/Element"
            },
            "description": {
              "description": "The human readable description of this population criteria.",
              "type": "string"
            },
            "description_": {
              "description": "Extensions for description",
              "$ref": "Element.schema.json/definitions/Element"
            },
            "criteria": {
              "description": "The name of a valid referenced CQL expression (may be namespaced) that defines this population criteria.",
              "type": "string"
            },
            "criteria_": {
              "description": "Extensions for criteria",
              "$ref": "Element.schema.json/definitions/Element"
            }
          },
          "required": [
            "identifier"
          ]
        }
      ]
    },
    "Measure.Stratifier": {
      "allOf": [
        {
          "$ref": "BackboneElement.schema.json/definitions/BackboneElement"
        },
        {
          "description": "The Measure resource provides the definition of a quality measure.",
          "properties": {
            "identifier": {
              "description": "The identifier for the stratifier used to coordinate the reported data back to this stratifier.",
              "$ref": "Identifier.schema.json/definitions/Identifier"
            },
            "criteria": {
              "description": "The criteria for the stratifier. This must be the name of an expression defined within a referenced library.",
              "type": "string"
            },
            "criteria_": {
              "description": "Extensions for criteria",
              "$ref": "Element.schema.json/definitions/Element"
            },
            "path": {
              "description": "The path to an element that defines the stratifier, specified as a valid FHIR resource path.",
              "type": "string"
            },
            "path_": {
              "description": "Extensions for path",
              "$ref": "Element.schema.json/definitions/Element"
            }
          },
          "required": [
            "identifier"
          ]
        }
      ]
    },
    "Measure.SupplementalData": {
      "allOf": [
        {
          "$ref": "BackboneElement.schema.json/definitions/BackboneElement"
        },
        {
          "description": "The Measure resource provides the definition of a quality measure.",
          "properties": {
            "identifier": {
              "description": "An identifier for the supplemental data.",
              "$ref": "Identifier.schema.json/definitions/Identifier"
            },
            "usage": {
              "description": "An indicator of the intended usage for the supplemental data element. Supplemental data indicates the data is additional information requested to augment the measure information. Risk adjustment factor indicates the data is additional information used to calculate risk adjustment factors when applying a risk model to the measure calculation.",
              "type": "array",
              "items": {
                "type": "string",
                "pattern": "[^\\s]+([\\s]?[^\\s]+)*"
              }
            },
            "usage_": {
              "description": "Extensions for usage",
              "items": {
                "$ref": "Element.schema.json/definitions/Element"
              }
            },
            "criteria": {
              "description": "The criteria for the supplemental data. This must be the name of a valid expression defined within a referenced library, and defines the data to be returned for this element.",
              "type": "string"
            },
            "criteria_": {
              "description": "Extensions for criteria",
              "$ref": "Element.schema.json/definitions/Element"
            },
            "path": {
              "description": "The supplemental data to be supplied as part of the measure response, specified as a valid FHIR Resource Path.",
              "type": "string"
            },
            "path_": {
              "description": "Extensions for path",
              "$ref": "Element.schema.json/definitions/Element"
            }
          },
          "required": [
            "identifier"
          ]
        }
      ]
    }
  }
}