﻿{
  "$schema": "http://json-schema.org/draft-04/schema#",
  "id": "http://hl7.org/fhir/json-schema/MedicationStatement",
  "$ref": "#/definitions/MedicationStatement",
  "description": "see http://hl7.org/fhir/json.html#schema for information about the FHIR Json Schemas",
  "definitions": {
    "MedicationStatement": {
      "allOf": [
        {
          "$ref": "DomainResource.schema.json/definitions/DomainResource"
        },
        {
          "description": "A record of a medication that is being consumed by a patient.   A MedicationStatement may indicate that the patient may be taking the medication now, or has taken the medication in the past or will be taking the medication in the future.  The source of this information can be the patient, significant other (such as a family member or spouse), or a clinician.  A common scenario where this information is captured is during the history taking process during a patient visit or stay.   The medication information may come from e.g. the patient\u0027s memory, from a prescription bottle,  or from a list of medications the patient, clinician or other party maintains \r\rThe primary difference between a medication statement and a medication administration is that the medication administration has complete administration information and is based on actual administration information from the person who administered the medication.  A medication statement is often, if not always, less specific.  There is no required date/time when the medication was administered, in fact we only know that a source has reported the patient is taking this medication, where details such as time, quantity, or rate or even medication product may be incomplete or missing or less precise.  As stated earlier, the medication statement information may come from the patient\u0027s memory, from a prescription bottle or from a list of medications the patient, clinician or other party maintains.  Medication administration is more formal and is not missing detailed information.",
          "properties": {
            "resourceType": {
              "description": "This is a MedicationStatement resource",
              "type": "string",
              "enum": [
                "MedicationStatement"
              ]
            },
            "identifier": {
              "description": "External identifier - FHIR will generate its own internal identifiers (probably URLs) which do not need to be explicitly managed by the resource.  The identifier here is one that would be used by another non-FHIR system - for example an automated medication pump would provide a record each time it operated; an administration while the patient was off the ward might be made with a different system and entered after the event.  Particularly important if these records have to be updated.",
              "type": "array",
              "items": {
                "$ref": "Identifier.schema.json/definitions/Identifier"
              }
            },
            "status": {
              "description": "A code representing the patient or other source\u0027s judgment about the state of the medication used that this statement is about.  Generally this will be active or completed.",
              "type": "string",
              "pattern": "[^\\s]+([\\s]?[^\\s]+)*"
            },
            "status_": {
              "description": "Extensions for status",
              "$ref": "Element.schema.json/definitions/Element"
            },
            "medicationCodeableConcept": {
              "description": "Identifies the medication being administered. This is either a link to a resource representing the details of the medication or a simple attribute carrying a code that identifies the medication from a known list of medications.",
              "$ref": "CodeableConcept.schema.json/definitions/CodeableConcept"
            },
            "medicationReference": {
              "description": "Identifies the medication being administered. This is either a link to a resource representing the details of the medication or a simple attribute carrying a code that identifies the medication from a known list of medications.",
              "$ref": "Reference.schema.json/definitions/Reference"
            },
            "patient": {
              "description": "The person or animal who is/was taking the medication.",
              "$ref": "Reference.schema.json/definitions/Reference"
            },
            "effectiveDateTime": {
              "description": "The interval of time during which it is being asserted that the patient was taking the medication (or was not taking, when the wasNotGiven element is true).",
              "pattern": "-?[0-9]{4}(-(0[1-9]|1[0-2])(-(0[0-9]|[1-2][0-9]|3[0-1])(T([01][0-9]|2[0-3]):[0-5][0-9]:[0-5][0-9](\\.[0-9]+)?(Z|(\\+|-)((0[0-9]|1[0-3]):[0-5][0-9]|14:00)))?)?)?",
              "type": "string"
            },
            "effectiveDateTime_": {
              "description": "Extensions for effectiveDateTime",
              "$ref": "Element.schema.json/definitions/Element"
            },
            "effectivePeriod": {
              "description": "The interval of time during which it is being asserted that the patient was taking the medication (or was not taking, when the wasNotGiven element is true).",
              "$ref": "Period.schema.json/definitions/Period"
            },
            "informationSource": {
              "description": "The person who provided the information about the taking of this medication.  Note:  A MedicationStatement may be derived from supportingInformation e.g claims or medicationOrder.",
              "$ref": "Reference.schema.json/definitions/Reference"
            },
            "supportingInformation": {
              "description": "Allows linking the MedicationStatement to the underlying MedicationOrder, or to other information that supports or is used to derive the MedicationStatement.",
              "type": "array",
              "items": {
                "$ref": "Reference.schema.json/definitions/Reference"
              }
            },
            "dateAsserted": {
              "description": "The date when the medication statement was asserted by the information source.",
              "type": "string",
              "pattern": "-?[0-9]{4}(-(0[1-9]|1[0-2])(-(0[0-9]|[1-2][0-9]|3[0-1])(T([01][0-9]|2[0-3]):[0-5][0-9]:[0-5][0-9](\\.[0-9]+)?(Z|(\\+|-)((0[0-9]|1[0-3]):[0-5][0-9]|14:00)))?)?)?"
            },
            "dateAsserted_": {
              "description": "Extensions for dateAsserted",
              "$ref": "Element.schema.json/definitions/Element"
            },
            "wasNotTaken": {
              "description": "Set this to true if the record is saying that the medication was NOT taken.",
              "type": "true | false"
            },
            "wasNotTaken_": {
              "description": "Extensions for wasNotTaken",
              "$ref": "Element.schema.json/definitions/Element"
            },
            "reasonNotTaken": {
              "description": "A code indicating why the medication was not taken.",
              "type": "array",
              "items": {
                "$ref": "CodeableConcept.schema.json/definitions/CodeableConcept"
              }
            },
            "reasonForUseCode": {
              "description": "A reason for why the medication is being/was taken.",
              "type": "array",
              "items": {
                "$ref": "CodeableConcept.schema.json/definitions/CodeableConcept"
              }
            },
            "reasonForUseReference": {
              "description": "Condition that supports why the medication is being/was taken.",
              "type": "array",
              "items": {
                "$ref": "Reference.schema.json/definitions/Reference"
              }
            },
            "note": {
              "description": "Provides extra information about the medication statement that is not conveyed by the other attributes.",
              "type": "array",
              "items": {
                "$ref": "Annotation.schema.json/definitions/Annotation"
              }
            },
            "dosage": {
              "description": "Indicates how the medication is/was used by the patient.",
              "type": "array",
              "items": {
                "$ref": "#/definitions/MedicationStatement.Dosage"
              }
            }
          },
          "required": [
            "patient",
            "resourceType"
          ]
        }
      ]
    },
    "MedicationStatement.Dosage": {
      "allOf": [
        {
          "$ref": "BackboneElement.schema.json/definitions/BackboneElement"
        },
        {
          "description": "A record of a medication that is being consumed by a patient.   A MedicationStatement may indicate that the patient may be taking the medication now, or has taken the medication in the past or will be taking the medication in the future.  The source of this information can be the patient, significant other (such as a family member or spouse), or a clinician.  A common scenario where this information is captured is during the history taking process during a patient visit or stay.   The medication information may come from e.g. the patient\u0027s memory, from a prescription bottle,  or from a list of medications the patient, clinician or other party maintains \r\rThe primary difference between a medication statement and a medication administration is that the medication administration has complete administration information and is based on actual administration information from the person who administered the medication.  A medication statement is often, if not always, less specific.  There is no required date/time when the medication was administered, in fact we only know that a source has reported the patient is taking this medication, where details such as time, quantity, or rate or even medication product may be incomplete or missing or less precise.  As stated earlier, the medication statement information may come from the patient\u0027s memory, from a prescription bottle or from a list of medications the patient, clinician or other party maintains.  Medication administration is more formal and is not missing detailed information.",
          "properties": {
            "text": {
              "description": "Free text dosage information as reported about a patient\u0027s medication use. When coded dosage information is present, the free text may still be present for display to humans.",
              "type": "string"
            },
            "text_": {
              "description": "Extensions for text",
              "$ref": "Element.schema.json/definitions/Element"
            },
            "additionalInstructions": {
              "description": "Additional instructions such as \"Swallow with plenty of water\" which may or may not be coded.",
              "type": "array",
              "items": {
                "$ref": "CodeableConcept.schema.json/definitions/CodeableConcept"
              }
            },
            "timing": {
              "description": "The timing schedule for giving the medication to the patient.  The Schedule data type allows many different expressions, for example.  \"Every  8 hours\"; \"Three times a day\"; \"1/2 an hour before breakfast for 10 days from 23-Dec 2011:\";  \"15 Oct 2013, 17 Oct 2013 and 1 Nov 2013\".  Sometimes, a rate can imply duration when expressed as total volume / duration (e.g.  500mL/2 hours implies a duration of 2 hours).  However, when rate doesn\u0027t imply duration (e.g. 250mL/hour), then the timing.repeat.duration is needed to convey the infuse over time period.",
              "$ref": "Timing.schema.json/definitions/Timing"
            },
            "asNeededBoolean": {
              "description": "Indicates whether the Medication is only taken when needed within a specific dosing schedule (Boolean option), or it indicates the precondition for taking the Medication (CodeableConcept).  \n\nSpecifically if \u0027boolean\u0027 datatype is selected, then the following logic applies:  If set to True, this indicates that the medication is only taken when needed, within the specified schedule.",
              "type": "true | false"
            },
            "asNeededBoolean_": {
              "description": "Extensions for asNeededBoolean",
              "$ref": "Element.schema.json/definitions/Element"
            },
            "asNeededCodeableConcept": {
              "description": "Indicates whether the Medication is only taken when needed within a specific dosing schedule (Boolean option), or it indicates the precondition for taking the Medication (CodeableConcept).  \n\nSpecifically if \u0027boolean\u0027 datatype is selected, then the following logic applies:  If set to True, this indicates that the medication is only taken when needed, within the specified schedule.",
              "$ref": "CodeableConcept.schema.json/definitions/CodeableConcept"
            },
            "siteCodeableConcept": {
              "description": "A coded specification of or a reference to the anatomic site where the medication first enters the body.",
              "$ref": "CodeableConcept.schema.json/definitions/CodeableConcept"
            },
            "siteReference": {
              "description": "A coded specification of or a reference to the anatomic site where the medication first enters the body.",
              "$ref": "Reference.schema.json/definitions/Reference"
            },
            "route": {
              "description": "A code specifying the route or physiological path of administration of a therapeutic agent into or onto a subject.",
              "$ref": "CodeableConcept.schema.json/definitions/CodeableConcept"
            },
            "method": {
              "description": "A coded value indicating the method by which the medication is intended to be or was introduced into or on the body.  This attribute will most often NOT be populated.  It is most commonly used for injections.  For example, Slow Push, Deep IV.",
              "$ref": "CodeableConcept.schema.json/definitions/CodeableConcept"
            },
            "doseSimpleQuantity": {
              "description": "The amount of therapeutic or other substance given at one administration event.",
              "$ref": "SimpleQuantity.schema.json/definitions/SimpleQuantity"
            },
            "doseRange": {
              "description": "The amount of therapeutic or other substance given at one administration event.",
              "$ref": "Range.schema.json/definitions/Range"
            },
            "rateRatio": {
              "description": "Identifies the speed with which the medication was or will be introduced into the patient. Typically the rate for an infusion e.g. 100 ml per 1 hour or 100 ml/hr.  May also be expressed as a rate per unit of time e.g. 500 ml per 2 hours.   Other examples: 200 mcg/min or 200 mcg/1 minute; 1 liter/8 hours.  Sometimes, a rate can imply duration when expressed as total volume / duration (e.g.  500mL/2 hours implies a duration of 2 hours).  However, when rate doesn\u0027t imply duration (e.g. 250mL/hour), then the timing.repeat.duration is needed to convey the infuse over time period.",
              "$ref": "Ratio.schema.json/definitions/Ratio"
            },
            "rateRange": {
              "description": "Identifies the speed with which the medication was or will be introduced into the patient. Typically the rate for an infusion e.g. 100 ml per 1 hour or 100 ml/hr.  May also be expressed as a rate per unit of time e.g. 500 ml per 2 hours.   Other examples: 200 mcg/min or 200 mcg/1 minute; 1 liter/8 hours.  Sometimes, a rate can imply duration when expressed as total volume / duration (e.g.  500mL/2 hours implies a duration of 2 hours).  However, when rate doesn\u0027t imply duration (e.g. 250mL/hour), then the timing.repeat.duration is needed to convey the infuse over time period.",
              "$ref": "Range.schema.json/definitions/Range"
            },
            "rateSimpleQuantity": {
              "description": "Identifies the speed with which the medication was or will be introduced into the patient. Typically the rate for an infusion e.g. 100 ml per 1 hour or 100 ml/hr.  May also be expressed as a rate per unit of time e.g. 500 ml per 2 hours.   Other examples: 200 mcg/min or 200 mcg/1 minute; 1 liter/8 hours.  Sometimes, a rate can imply duration when expressed as total volume / duration (e.g.  500mL/2 hours implies a duration of 2 hours).  However, when rate doesn\u0027t imply duration (e.g. 250mL/hour), then the timing.repeat.duration is needed to convey the infuse over time period.",
              "$ref": "SimpleQuantity.schema.json/definitions/SimpleQuantity"
            },
            "maxDosePerPeriod": {
              "description": "The maximum total quantity of a therapeutic substance that may be administered to a subject over the period of time.  For example, 1000mg in 24 hours.",
              "$ref": "Ratio.schema.json/definitions/Ratio"
            }
          }
        }
      ]
    }
  }
}