﻿{
  "$schema": "http://json-schema.org/draft-04/schema#",
  "id": "http://hl7.org/fhir/json-schema/Narrative",
  "$ref": "#/definitions/Narrative",
  "description": "see http://hl7.org/fhir/json.html#schema for information about the FHIR Json Schemas",
  "definitions": {
    "Narrative": {
      "allOf": [
        {
          "$ref": "Type.schema.json/definitions/Type"
        },
        {
          "description": "A human-readable formatted text, including images.",
          "properties": {
            "status": {
              "description": "The status of the narrative - whether it\u0027s entirely generated (from just the defined data or the extensions too), or whether a human authored it and it may contain additional data.",
              "type": "string",
              "pattern": "[^\\s]+([\\s]?[^\\s]+)*"
            },
            "status_": {
              "description": "Extensions for status",
              "$ref": "Element.schema.json/definitions/Element"
            },
            "div": {
              "description": "The actual narrative content, a stripped down version of XHTML.",
              "$ref": "xhtml.schema.json/definitions/xhtml"
            }
          },
          "required": [
            "div"
          ]
        }
      ]
    }
  }
}