﻿{
  "$schema": "http://json-schema.org/draft-04/schema#",
  "id": "http://hl7.org/fhir/json-schema/Period",
  "$ref": "#/definitions/Period",
  "description": "see http://hl7.org/fhir/json.html#schema for information about the FHIR Json Schemas",
  "definitions": {
    "Period": {
      "allOf": [
        {
          "$ref": "Type.schema.json/definitions/Type"
        },
        {
          "description": "A time period defined by a start and end date and optionally time.",
          "properties": {
            "start": {
              "description": "The start of the period. The boundary is inclusive.",
              "type": "string",
              "pattern": "-?[0-9]{4}(-(0[1-9]|1[0-2])(-(0[0-9]|[1-2][0-9]|3[0-1])(T([01][0-9]|2[0-3]):[0-5][0-9]:[0-5][0-9](\\.[0-9]+)?(Z|(\\+|-)((0[0-9]|1[0-3]):[0-5][0-9]|14:00)))?)?)?"
            },
            "start_": {
              "description": "Extensions for start",
              "$ref": "Element.schema.json/definitions/Element"
            },
            "end": {
              "description": "The end of the period. If the end of the period is missing, it means that the period is ongoing. The start may be in the past, and the end date in the future, which means that period is expected/planned to end at that time.",
              "type": "string",
              "pattern": "-?[0-9]{4}(-(0[1-9]|1[0-2])(-(0[0-9]|[1-2][0-9]|3[0-1])(T([01][0-9]|2[0-3]):[0-5][0-9]:[0-5][0-9](\\.[0-9]+)?(Z|(\\+|-)((0[0-9]|1[0-3]):[0-5][0-9]|14:00)))?)?)?"
            },
            "end_": {
              "description": "Extensions for end",
              "$ref": "Element.schema.json/definitions/Element"
            }
          }
        }
      ]
    }
  }
}