{"contained":[{"description":"Type options for AuditEvent.agent.reference","expansion":{"contains":[{"code":"Practitioner","display":"Practitioner","system":"http://hl7.org/fhir/resource-types"},{"code":"Organization","display":"Organization","system":"http://hl7.org/fhir/resource-types"},{"code":"Device","display":"Device","system":"http://hl7.org/fhir/resource-types"},{"code":"Patient","display":"Patient","system":"http://hl7.org/fhir/resource-types"},{"code":"RelatedPerson","display":"RelatedPerson","system":"http://hl7.org/fhir/resource-types"}],"identifier":"urn:uuid:655a1dc5-0ca1-4a7a-95ae-a182717dc04f","timestamp":"2016-06-06T20:20:23+00:00"},"id":"vs2","name":"Type options for AuditEvent.agent.reference","resourceType":"ValueSet","status":"active"}],"date":"2016-06-06T20:14:04+00:00","id":"qs1","identifier":[{"system":"urn:ietf:rfc:3986"}],"item":[{"item":[{"text":"Based on ATNA (RFC 3881).","type":"display"},{"extension":[{"url":"http://hl7.org/fhir/StructureDefinition/questionnaire-itemControl","valueCodeableConcept":{"coding":[{"code":"flyover","display":"Fly-over","system":"http://hl7.org/fhir/questionnaire-item-control"}]}}],"text":"A record of an event made for purposes of maintaining a security log. Typical uses include detection of intrusion attempts and monitoring for inappropriate usage.","type":"display"},{"extension":[{"url":"http://hl7.org/fhir/StructureDefinition/questionnaire-maxOccurs","valueInteger":1},{"url":"http://hl7.org/fhir/StructureDefinition/questionnaire-fhirType","valueString":"string"}],"item":[{"extension":[{"url":"http://hl7.org/fhir/StructureDefinition/questionnaire-itemControl","valueCodeableConcept":{"coding":[{"code":"flyover","display":"Fly-over","system":"http://hl7.org/fhir/questionnaire-item-control"}]}}],"text":"The logical id of the resource, as used in the URL for the resource. Once assigned, this value never changes. The only time that a resource does not have an id is when it is being submitted to the server using a create operation. Bundles always have an id, though it is usually a generated UUID.","type":"display"},{"linkId":"AuditEvent.id.value","repeats":false,"required":false,"text":"Logical id of this artifact","type":"string"}],"linkId":"AuditEvent.id","repeats":true,"required":false,"type":"group"},{"extension":[{"url":"http://hl7.org/fhir/StructureDefinition/questionnaire-maxOccurs","valueInteger":1}],"item":[{"extension":[{"url":"http://hl7.org/fhir/StructureDefinition/questionnaire-itemControl","valueCodeableConcept":{"coding":[{"code":"flyover","display":"Fly-over","system":"http://hl7.org/fhir/questionnaire-item-control"}]}}],"text":"The metadata about the resource. This is content that is maintained by the infrastructure. Changes to the content may not always be associated with version changes to the resource.","type":"display"}],"linkId":"AuditEvent.meta","repeats":true,"required":false,"text":"Metadata about the resource","type":"group"},{"extension":[{"url":"http://hl7.org/fhir/StructureDefinition/questionnaire-maxOccurs","valueInteger":1},{"url":"http://hl7.org/fhir/StructureDefinition/questionnaire-fhirType","valueString":"uri"}],"item":[{"extension":[{"url":"http://hl7.org/fhir/StructureDefinition/questionnaire-itemControl","valueCodeableConcept":{"coding":[{"code":"flyover","display":"Fly-over","system":"http://hl7.org/fhir/questionnaire-item-control"}]}}],"text":"A reference to a set of rules that were followed when the resource was constructed, and which must be understood when processing the content. Asserting this rule set restricts the content to be only understood by a limited set of trading partners. This inherently limits the usefulness of the data in the long term. However, the existing health eco-system is highly fractured, and not yet ready to define, collect, and exchange data in a generally computable sense. Wherever possible, implementers and/or specification writers should avoid using this element as much as possible.","type":"display"},{"linkId":"AuditEvent.implicitRules.value","repeats":false,"required":false,"text":"A set of rules under which this content was created","type":"string"}],"linkId":"AuditEvent.implicitRules","repeats":true,"required":false,"type":"group"},{"extension":[{"url":"http://hl7.org/fhir/StructureDefinition/questionnaire-maxOccurs","valueInteger":1},{"url":"http://hl7.org/fhir/StructureDefinition/questionnaire-fhirType","valueString":"code"}],"item":[{"extension":[{"url":"http://hl7.org/fhir/StructureDefinition/questionnaire-itemControl","valueCodeableConcept":{"coding":[{"code":"flyover","display":"Fly-over","system":"http://hl7.org/fhir/questionnaire-item-control"}]}}],"text":"The base language in which the resource is written. Language is provided to support indexing and accessibility (typically, services such as text to speech use the language tag). The html language tag in the narrative applies  to the narrative. The language tag on the resource may be used to specify the language of other presentations generated from the data in the resource  Not all the content has to be in the base language. The Resource.language should not be assumed to apply to the narrative automatically. If a language is specified, it should it also be specified on the div element in the html (see rules in HTML5 for information about the relationship between xml:lang and the html lang attribute).","type":"display"},{"linkId":"AuditEvent.language.value","repeats":false,"required":false,"text":"language","type":"choice"}],"linkId":"AuditEvent.language","repeats":true,"required":false,"type":"group"},{"extension":[{"url":"http://hl7.org/fhir/StructureDefinition/questionnaire-maxOccurs","valueInteger":1}],"item":[{"extension":[{"url":"http://hl7.org/fhir/StructureDefinition/questionnaire-itemControl","valueCodeableConcept":{"coding":[{"code":"flyover","display":"Fly-over","system":"http://hl7.org/fhir/questionnaire-item-control"}]}}],"text":"A human-readable narrative that contains a summary of the resource, and may be used to represent the content of the resource to a human. The narrative need not encode all the structured data, but is required to contain sufficient detail to make it \"clinically safe\" for a human to just read the narrative. Resource definitions may define what content should be represented in the narrative to ensure clinical safety. Contained resources do not have narrative. Resources that are not contained SHOULD have a narrative.","type":"display"}],"linkId":"AuditEvent.text","repeats":true,"required":false,"text":"Text summary of the resource, for human interpretation","type":"group"},{"item":[{"extension":[{"url":"http://hl7.org/fhir/StructureDefinition/questionnaire-itemControl","valueCodeableConcept":{"coding":[{"code":"flyover","display":"Fly-over","system":"http://hl7.org/fhir/questionnaire-item-control"}]}}],"text":"These resources do not have an independent existence apart from the resource that contains them - they cannot be identified independently, and nor can they have their own independent transaction scope. This should never be done when the content can be identified properly, as once identification is lost, it is extremely difficult (and context dependent) to restore it again.","type":"display"}],"linkId":"AuditEvent.contained","repeats":true,"required":false,"text":"Contained, inline Resources","type":"group"},{"item":[{"extension":[{"url":"http://hl7.org/fhir/StructureDefinition/questionnaire-itemControl","valueCodeableConcept":{"coding":[{"code":"flyover","display":"Fly-over","system":"http://hl7.org/fhir/questionnaire-item-control"}]}}],"text":"May be used to represent additional information that is not part of the basic definition of the resource. In order to make the use of extensions safe and manageable, there is a strict set of governance  applied to the definition and use of extensions. Though any implementer is allowed to define an extension, there is a set of requirements that SHALL be met as part of the definition of the extension. There can be no stigma associated with the use of extensions by any application, project, or standard - regardless of the institution or jurisdiction that uses or defines the extensions.  The use of extensions is what allows the FHIR specification to retain a core level of simplicity for everyone.","type":"display"}],"linkId":"AuditEvent.extension","repeats":true,"required":false,"text":"Additional Content defined by implementations","type":"group"},{"item":[{"extension":[{"url":"http://hl7.org/fhir/StructureDefinition/questionnaire-itemControl","valueCodeableConcept":{"coding":[{"code":"flyover","display":"Fly-over","system":"http://hl7.org/fhir/questionnaire-item-control"}]}}],"text":"May be used to represent additional information that is not part of the basic definition of the resource, and that modifies the understanding of the element that contains it. Usually modifier elements provide negation or qualification. In order to make the use of extensions safe and manageable, there is a strict set of governance applied to the definition and use of extensions. Though any implementer is allowed to define an extension, there is a set of requirements that SHALL be met as part of the definition of the extension. Applications processing a resource are required to check for modifier extensions. There can be no stigma associated with the use of extensions by any application, project, or standard - regardless of the institution or jurisdiction that uses or defines the extensions.  The use of extensions is what allows the FHIR specification to retain a core level of simplicity for everyone.","type":"display"}],"linkId":"AuditEvent.modifierExtension","repeats":true,"required":false,"text":"Extensions that cannot be ignored","type":"group"},{"extension":[{"url":"http://hl7.org/fhir/StructureDefinition/questionnaire-minOccurs","valueInteger":1},{"url":"http://hl7.org/fhir/StructureDefinition/questionnaire-maxOccurs","valueInteger":1},{"url":"http://hl7.org/fhir/StructureDefinition/questionnaire-fhirType","valueString":"Coding"}],"item":[{"extension":[{"url":"http://hl7.org/fhir/StructureDefinition/questionnaire-itemControl","valueCodeableConcept":{"coding":[{"code":"flyover","display":"Fly-over","system":"http://hl7.org/fhir/questionnaire-item-control"}]}}],"text":"Identifier for a family of the event.  For example, a menu item, program, rule, policy, function code, application name or URL. It identifies the performed function.","type":"display"},{"linkId":"AuditEvent.type.value","repeats":false,"required":false,"text":"Type/identifier of event","type":"open-choice"}],"linkId":"AuditEvent.type","repeats":true,"required":true,"type":"group"},{"extension":[{"url":"http://hl7.org/fhir/StructureDefinition/questionnaire-fhirType","valueString":"Coding"}],"item":[{"extension":[{"url":"http://hl7.org/fhir/StructureDefinition/questionnaire-itemControl","valueCodeableConcept":{"coding":[{"code":"flyover","display":"Fly-over","system":"http://hl7.org/fhir/questionnaire-item-control"}]}}],"text":"Identifier for the category of event.","type":"display"},{"linkId":"AuditEvent.subtype.value","repeats":false,"required":false,"text":"More specific type/id for the event","type":"open-choice"}],"linkId":"AuditEvent.subtype","repeats":true,"required":false,"type":"group"},{"extension":[{"url":"http://hl7.org/fhir/StructureDefinition/questionnaire-maxOccurs","valueInteger":1},{"url":"http://hl7.org/fhir/StructureDefinition/questionnaire-fhirType","valueString":"code"}],"item":[{"extension":[{"url":"http://hl7.org/fhir/StructureDefinition/questionnaire-itemControl","valueCodeableConcept":{"coding":[{"code":"flyover","display":"Fly-over","system":"http://hl7.org/fhir/questionnaire-item-control"}]}}],"text":"Indicator for type of action performed during the event that generated the audit.","type":"display"},{"linkId":"AuditEvent.action.value","repeats":false,"required":false,"text":"action","type":"choice"}],"linkId":"AuditEvent.action","repeats":true,"required":false,"type":"group"},{"extension":[{"url":"http://hl7.org/fhir/StructureDefinition/questionnaire-minOccurs","valueInteger":1},{"url":"http://hl7.org/fhir/StructureDefinition/questionnaire-maxOccurs","valueInteger":1},{"url":"http://hl7.org/fhir/StructureDefinition/questionnaire-fhirType","valueString":"instant"}],"item":[{"extension":[{"url":"http://hl7.org/fhir/StructureDefinition/questionnaire-itemControl","valueCodeableConcept":{"coding":[{"code":"flyover","display":"Fly-over","system":"http://hl7.org/fhir/questionnaire-item-control"}]}}],"text":"The time when the event occurred on the source. In a distributed system, some sort of common time base (e.g. an NTP [RFC1305] server) is a good implementation tactic.","type":"display"},{"linkId":"AuditEvent.recorded.value","repeats":false,"required":false,"text":"Time when the event occurred on source","type":"instant"}],"linkId":"AuditEvent.recorded","repeats":true,"required":true,"type":"group"},{"extension":[{"url":"http://hl7.org/fhir/StructureDefinition/questionnaire-maxOccurs","valueInteger":1},{"url":"http://hl7.org/fhir/StructureDefinition/questionnaire-fhirType","valueString":"code"}],"item":[{"extension":[{"url":"http://hl7.org/fhir/StructureDefinition/questionnaire-itemControl","valueCodeableConcept":{"coding":[{"code":"flyover","display":"Fly-over","system":"http://hl7.org/fhir/questionnaire-item-control"}]}}],"text":"Indicates whether the event succeeded or failed. In some cases a \"success\" may be partial, for example, an incomplete or interrupted transfer of a radiological study. For the purpose of establishing accountability, these distinctions are not relevant.","type":"display"},{"linkId":"AuditEvent.outcome.value","repeats":false,"required":false,"text":"outcome","type":"choice"}],"linkId":"AuditEvent.outcome","repeats":true,"required":false,"type":"group"},{"extension":[{"url":"http://hl7.org/fhir/StructureDefinition/questionnaire-maxOccurs","valueInteger":1},{"url":"http://hl7.org/fhir/StructureDefinition/questionnaire-fhirType","valueString":"string"}],"item":[{"extension":[{"url":"http://hl7.org/fhir/StructureDefinition/questionnaire-itemControl","valueCodeableConcept":{"coding":[{"code":"flyover","display":"Fly-over","system":"http://hl7.org/fhir/questionnaire-item-control"}]}}],"text":"A free text description of the outcome of the event.","type":"display"},{"linkId":"AuditEvent.outcomeDesc.value","repeats":false,"required":false,"text":"Description of the event outcome","type":"string"}],"linkId":"AuditEvent.outcomeDesc","repeats":true,"required":false,"type":"group"},{"extension":[{"url":"http://hl7.org/fhir/StructureDefinition/questionnaire-fhirType","valueString":"Coding"}],"item":[{"extension":[{"url":"http://hl7.org/fhir/StructureDefinition/questionnaire-itemControl","valueCodeableConcept":{"coding":[{"code":"flyover","display":"Fly-over","system":"http://hl7.org/fhir/questionnaire-item-control"}]}}],"text":"The purposeOfUse (reason) that was used during the event being recorded. Use AuditEvent.agent.purposeOfUse when you know that is specific to the agent, otherwise use AuditEvent.purposeOfEvent. For example, during a machine-to-machine transfer it might not be obvious to the audit system who caused the event, but it does know why.","type":"display"},{"linkId":"AuditEvent.purposeOfEvent.value","repeats":false,"required":false,"text":"The purposeOfUse of the event","type":"open-choice"}],"linkId":"AuditEvent.purposeOfEvent","repeats":true,"required":false,"type":"group"},{"extension":[{"url":"http://hl7.org/fhir/StructureDefinition/questionnaire-minOccurs","valueInteger":1}],"item":[{"text":"Several agents may be associated (i.e. have some responsibility for an activity) with an event or activity.\n\nFor example, an activity may be initiated by one user for other users or involve more than one user. However, only one user may be the initiator/requestor for the activity.","type":"display"},{"extension":[{"url":"http://hl7.org/fhir/StructureDefinition/questionnaire-itemControl","valueCodeableConcept":{"coding":[{"code":"flyover","display":"Fly-over","system":"http://hl7.org/fhir/questionnaire-item-control"}]}}],"text":"An actor taking an active role in the event or activity that is logged.","type":"display"},{"extension":[{"url":"http://hl7.org/fhir/StructureDefinition/questionnaire-maxOccurs","valueInteger":1},{"url":"http://hl7.org/fhir/StructureDefinition/questionnaire-fhirType","valueString":"string"}],"item":[{"extension":[{"url":"http://hl7.org/fhir/StructureDefinition/questionnaire-itemControl","valueCodeableConcept":{"coding":[{"code":"flyover","display":"Fly-over","system":"http://hl7.org/fhir/questionnaire-item-control"}]}}],"text":"unique id for the element within a resource (for internal references).","type":"display"},{"linkId":"AuditEvent.agent.id.value","repeats":false,"required":false,"text":"xml:id (or equivalent in JSON)","type":"string"}],"linkId":"AuditEvent.agent.id","repeats":true,"required":false,"type":"group"},{"item":[{"extension":[{"url":"http://hl7.org/fhir/StructureDefinition/questionnaire-itemControl","valueCodeableConcept":{"coding":[{"code":"flyover","display":"Fly-over","system":"http://hl7.org/fhir/questionnaire-item-control"}]}}],"text":"May be used to represent additional information that is not part of the basic definition of the element. In order to make the use of extensions safe and manageable, there is a strict set of governance  applied to the definition and use of extensions. Though any implementer is allowed to define an extension, there is a set of requirements that SHALL be met as part of the definition of the extension. There can be no stigma associated with the use of extensions by any application, project, or standard - regardless of the institution or jurisdiction that uses or defines the extensions.  The use of extensions is what allows the FHIR specification to retain a core level of simplicity for everyone.","type":"display"}],"linkId":"AuditEvent.agent.extension","repeats":true,"required":false,"text":"Additional Content defined by implementations","type":"group"},{"item":[{"extension":[{"url":"http://hl7.org/fhir/StructureDefinition/questionnaire-itemControl","valueCodeableConcept":{"coding":[{"code":"flyover","display":"Fly-over","system":"http://hl7.org/fhir/questionnaire-item-control"}]}}],"text":"May be used to represent additional information that is not part of the basic definition of the element, and that modifies the understanding of the element that contains it. Usually modifier elements provide negation or qualification. In order to make the use of extensions safe and manageable, there is a strict set of governance applied to the definition and use of extensions. Though any implementer is allowed to define an extension, there is a set of requirements that SHALL be met as part of the definition of the extension. Applications processing a resource are required to check for modifier extensions. There can be no stigma associated with the use of extensions by any application, project, or standard - regardless of the institution or jurisdiction that uses or defines the extensions.  The use of extensions is what allows the FHIR specification to retain a core level of simplicity for everyone.","type":"display"}],"linkId":"AuditEvent.agent.modifierExtension","repeats":true,"required":false,"text":"Extensions that cannot be ignored","type":"group"},{"extension":[{"url":"http://hl7.org/fhir/StructureDefinition/questionnaire-fhirType","valueString":"CodeableConcept"}],"item":[{"extension":[{"url":"http://hl7.org/fhir/StructureDefinition/questionnaire-itemControl","valueCodeableConcept":{"coding":[{"code":"flyover","display":"Fly-over","system":"http://hl7.org/fhir/questionnaire-item-control"}]}}],"text":"Specification of the role(s) the user plays when performing the event. Usually the codes used in this element are local codes defined by the access control security system (e.g. RBAC, ABAC) used in the local context. should be roles relevant to the event. Should  not be an exhaustive list of roles.","type":"display"},{"linkId":"AuditEvent.agent.role.coding","repeats":false,"required":false,"text":"code:","type":"open-choice"},{"linkId":"AuditEvent.agent.role.text","repeats":false,"required":false,"text":"text:","type":"string"}],"linkId":"AuditEvent.agent.role","repeats":true,"required":false,"text":"Agent role in the event","type":"group"},{"extension":[{"url":"http://hl7.org/fhir/StructureDefinition/questionnaire-maxOccurs","valueInteger":1}],"item":[{"extension":[{"url":"http://hl7.org/fhir/StructureDefinition/questionnaire-itemControl","valueCodeableConcept":{"coding":[{"code":"flyover","display":"Fly-over","system":"http://hl7.org/fhir/questionnaire-item-control"}]}}],"text":"Direct reference to a resource that identifies the agent.","type":"display"},{"item":[{"extension":[{"url":"http://hl7.org/fhir/StructureDefinition/questionnaire-fhirType","valueString":"Reference"}],"item":[{"extension":[{"url":"http://hl7.org/fhir/StructureDefinition/questionnaire-allowedResource","valueCode":"Practitioner"},{"url":"http://hl7.org/fhir/StructureDefinition/questionnaire-referenceFilter","valueString":"subject=$subj&patient=$subj&encounter=$encounter"}],"linkId":"AuditEvent.agent.reference._Practitioner.value","repeats":false,"required":false,"text":"Practitioner","type":"reference"}],"linkId":"AuditEvent.agent.reference._Practitioner","type":"group"},{"extension":[{"url":"http://hl7.org/fhir/StructureDefinition/questionnaire-fhirType","valueString":"Reference"}],"item":[{"extension":[{"url":"http://hl7.org/fhir/StructureDefinition/questionnaire-allowedResource","valueCode":"Organization"},{"url":"http://hl7.org/fhir/StructureDefinition/questionnaire-referenceFilter","valueString":"subject=$subj&patient=$subj&encounter=$encounter"}],"linkId":"AuditEvent.agent.reference._Organization.value","repeats":false,"required":false,"text":"Organization","type":"reference"}],"linkId":"AuditEvent.agent.reference._Organization","type":"group"},{"extension":[{"url":"http://hl7.org/fhir/StructureDefinition/questionnaire-fhirType","valueString":"Reference"}],"item":[{"extension":[{"url":"http://hl7.org/fhir/StructureDefinition/questionnaire-allowedResource","valueCode":"Device"},{"url":"http://hl7.org/fhir/StructureDefinition/questionnaire-referenceFilter","valueString":"subject=$subj&patient=$subj&encounter=$encounter"}],"linkId":"AuditEvent.agent.reference._Device.value","repeats":false,"required":false,"text":"Device","type":"reference"}],"linkId":"AuditEvent.agent.reference._Device","type":"group"},{"extension":[{"url":"http://hl7.org/fhir/StructureDefinition/questionnaire-fhirType","valueString":"Reference"}],"item":[{"extension":[{"url":"http://hl7.org/fhir/StructureDefinition/questionnaire-allowedResource","valueCode":"Patient"},{"url":"http://hl7.org/fhir/StructureDefinition/questionnaire-referenceFilter","valueString":"subject=$subj&patient=$subj&encounter=$encounter"}],"linkId":"AuditEvent.agent.reference._Patient.value","repeats":false,"required":false,"text":"Patient","type":"reference"}],"linkId":"AuditEvent.agent.reference._Patient","type":"group"},{"extension":[{"url":"http://hl7.org/fhir/StructureDefinition/questionnaire-fhirType","valueString":"Reference"}],"item":[{"extension":[{"url":"http://hl7.org/fhir/StructureDefinition/questionnaire-allowedResource","valueCode":"RelatedPerson"},{"url":"http://hl7.org/fhir/StructureDefinition/questionnaire-referenceFilter","valueString":"subject=$subj&patient=$subj&encounter=$encounter"}],"linkId":"AuditEvent.agent.reference._RelatedPerson.value","repeats":false,"required":false,"text":"RelatedPerson","type":"reference"}],"linkId":"AuditEvent.agent.reference._RelatedPerson","type":"group"}],"linkId":"AuditEvent.agent.reference._type","options":{"reference":"#vs2"},"repeats":false,"required":false,"text":"type","type":"choice"}],"linkId":"AuditEvent.agent.reference","repeats":true,"required":false,"text":"Direct reference to resource","type":"group"},{"extension":[{"url":"http://hl7.org/fhir/StructureDefinition/questionnaire-maxOccurs","valueInteger":1},{"url":"http://hl7.org/fhir/StructureDefinition/questionnaire-fhirType","valueString":"Identifier"}],"item":[{"extension":[{"url":"http://hl7.org/fhir/StructureDefinition/questionnaire-itemControl","valueCodeableConcept":{"coding":[{"code":"flyover","display":"Fly-over","system":"http://hl7.org/fhir/questionnaire-item-control"}]}}],"text":"Unique identifier for the user actively participating in the event. a unique value within the Audit Source ID. For node-based authentication -- where only the system hardware or process, but not a human user, is identified -- User ID would be the node name.","type":"display"},{"linkId":"AuditEvent.agent.userId.label","repeats":false,"required":false,"text":"label:","type":"string"},{"linkId":"AuditEvent.agent.userId.system","repeats":false,"required":false,"text":"system:","type":"string"},{"linkId":"AuditEvent.agent.userId.value","repeats":false,"required":false,"text":"value:","type":"string"}],"linkId":"AuditEvent.agent.userId","repeats":true,"required":false,"text":"Unique identifier for the user","type":"group"},{"extension":[{"url":"http://hl7.org/fhir/StructureDefinition/questionnaire-maxOccurs","valueInteger":1},{"url":"http://hl7.org/fhir/StructureDefinition/questionnaire-fhirType","valueString":"string"}],"item":[{"extension":[{"url":"http://hl7.org/fhir/StructureDefinition/questionnaire-itemControl","valueCodeableConcept":{"coding":[{"code":"flyover","display":"Fly-over","system":"http://hl7.org/fhir/questionnaire-item-control"}]}}],"text":"Alternative agent Identifier. For a human, this should be a user identifier text string from authentication system. This identifier would be one known to a common authentication system (e.g. single sign-on), if available.","type":"display"},{"linkId":"AuditEvent.agent.altId.value","repeats":false,"required":false,"text":"Alternative User id e.g. authentication","type":"string"}],"linkId":"AuditEvent.agent.altId","repeats":true,"required":false,"type":"group"},{"extension":[{"url":"http://hl7.org/fhir/StructureDefinition/questionnaire-maxOccurs","valueInteger":1},{"url":"http://hl7.org/fhir/StructureDefinition/questionnaire-fhirType","valueString":"string"}],"item":[{"extension":[{"url":"http://hl7.org/fhir/StructureDefinition/questionnaire-itemControl","valueCodeableConcept":{"coding":[{"code":"flyover","display":"Fly-over","system":"http://hl7.org/fhir/questionnaire-item-control"}]}}],"text":"Human-meaningful name for the agent.","type":"display"},{"linkId":"AuditEvent.agent.name.value","repeats":false,"required":false,"text":"Human-meaningful name for the agent","type":"string"}],"linkId":"AuditEvent.agent.name","repeats":true,"required":false,"type":"group"},{"extension":[{"url":"http://hl7.org/fhir/StructureDefinition/questionnaire-minOccurs","valueInteger":1},{"url":"http://hl7.org/fhir/StructureDefinition/questionnaire-maxOccurs","valueInteger":1},{"url":"http://hl7.org/fhir/StructureDefinition/questionnaire-fhirType","valueString":"boolean"}],"item":[{"extension":[{"url":"http://hl7.org/fhir/StructureDefinition/questionnaire-itemControl","valueCodeableConcept":{"coding":[{"code":"flyover","display":"Fly-over","system":"http://hl7.org/fhir/questionnaire-item-control"}]}}],"text":"Indicator that the user is or is not the requestor, or initiator, for the event being audited. There can only be one initiator. If the initiator is not clear, then do not choose any one agent as the initiator.","type":"display"},{"linkId":"AuditEvent.agent.requestor.value","repeats":false,"required":false,"text":"Whether user is initiator","type":"boolean"}],"linkId":"AuditEvent.agent.requestor","repeats":true,"required":true,"type":"group"},{"extension":[{"url":"http://hl7.org/fhir/StructureDefinition/questionnaire-maxOccurs","valueInteger":1},{"url":"http://hl7.org/fhir/StructureDefinition/questionnaire-fhirType","valueString":"Reference"}],"item":[{"extension":[{"url":"http://hl7.org/fhir/StructureDefinition/questionnaire-itemControl","valueCodeableConcept":{"coding":[{"code":"flyover","display":"Fly-over","system":"http://hl7.org/fhir/questionnaire-item-control"}]}}],"text":"Where the event occurred.","type":"display"},{"extension":[{"url":"http://hl7.org/fhir/StructureDefinition/questionnaire-allowedResource","valueCode":"Location"},{"url":"http://hl7.org/fhir/StructureDefinition/questionnaire-referenceFilter","valueString":"subject=$subj&patient=$subj&encounter=$encounter"}],"linkId":"AuditEvent.agent.location.value","repeats":false,"required":false,"text":"Where","type":"reference"}],"linkId":"AuditEvent.agent.location","repeats":true,"required":false,"type":"group"},{"extension":[{"url":"http://hl7.org/fhir/StructureDefinition/questionnaire-fhirType","valueString":"uri"}],"item":[{"extension":[{"url":"http://hl7.org/fhir/StructureDefinition/questionnaire-itemControl","valueCodeableConcept":{"coding":[{"code":"flyover","display":"Fly-over","system":"http://hl7.org/fhir/questionnaire-item-control"}]}}],"text":"The policy or plan that authorized the activity being recorded. Typically, a single activity may have multiple applicable policies, such as patient consent, guarantor funding, etc. The policy would also indicate the security token used. For example: Where an OAuth token authorizes, the unique identifier from the OAuth token is placed into the policy element Where a policy engine (e.g. XACML) holds policy logic, the unique policy identifier is placed into the policy element.","type":"display"},{"linkId":"AuditEvent.agent.policy.value","repeats":false,"required":false,"text":"Policy that authorized event","type":"string"}],"linkId":"AuditEvent.agent.policy","repeats":true,"required":false,"type":"group"},{"extension":[{"url":"http://hl7.org/fhir/StructureDefinition/questionnaire-maxOccurs","valueInteger":1},{"url":"http://hl7.org/fhir/StructureDefinition/questionnaire-fhirType","valueString":"Coding"}],"item":[{"extension":[{"url":"http://hl7.org/fhir/StructureDefinition/questionnaire-itemControl","valueCodeableConcept":{"coding":[{"code":"flyover","display":"Fly-over","system":"http://hl7.org/fhir/questionnaire-item-control"}]}}],"text":"Type of media involved. Used when the event is about exporting/importing onto media.","type":"display"},{"linkId":"AuditEvent.agent.media.value","repeats":false,"required":false,"text":"Type of media","type":"open-choice"}],"linkId":"AuditEvent.agent.media","repeats":true,"required":false,"type":"group"},{"extension":[{"url":"http://hl7.org/fhir/StructureDefinition/questionnaire-maxOccurs","valueInteger":1}],"item":[{"extension":[{"url":"http://hl7.org/fhir/StructureDefinition/questionnaire-itemControl","valueCodeableConcept":{"coding":[{"code":"flyover","display":"Fly-over","system":"http://hl7.org/fhir/questionnaire-item-control"}]}}],"text":"Logical network location for application activity, if the activity has a network location.","type":"display"},{"extension":[{"url":"http://hl7.org/fhir/StructureDefinition/questionnaire-maxOccurs","valueInteger":1},{"url":"http://hl7.org/fhir/StructureDefinition/questionnaire-fhirType","valueString":"string"}],"item":[{"extension":[{"url":"http://hl7.org/fhir/StructureDefinition/questionnaire-itemControl","valueCodeableConcept":{"coding":[{"code":"flyover","display":"Fly-over","system":"http://hl7.org/fhir/questionnaire-item-control"}]}}],"text":"unique id for the element within a resource (for internal references).","type":"display"},{"linkId":"AuditEvent.agent.network.id.value","repeats":false,"required":false,"text":"xml:id (or equivalent in JSON)","type":"string"}],"linkId":"AuditEvent.agent.network.id","repeats":true,"required":false,"type":"group"},{"item":[{"extension":[{"url":"http://hl7.org/fhir/StructureDefinition/questionnaire-itemControl","valueCodeableConcept":{"coding":[{"code":"flyover","display":"Fly-over","system":"http://hl7.org/fhir/questionnaire-item-control"}]}}],"text":"May be used to represent additional information that is not part of the basic definition of the element. In order to make the use of extensions safe and manageable, there is a strict set of governance  applied to the definition and use of extensions. Though any implementer is allowed to define an extension, there is a set of requirements that SHALL be met as part of the definition of the extension. There can be no stigma associated with the use of extensions by any application, project, or standard - regardless of the institution or jurisdiction that uses or defines the extensions.  The use of extensions is what allows the FHIR specification to retain a core level of simplicity for everyone.","type":"display"}],"linkId":"AuditEvent.agent.network.extension","repeats":true,"required":false,"text":"Additional Content defined by implementations","type":"group"},{"item":[{"extension":[{"url":"http://hl7.org/fhir/StructureDefinition/questionnaire-itemControl","valueCodeableConcept":{"coding":[{"code":"flyover","display":"Fly-over","system":"http://hl7.org/fhir/questionnaire-item-control"}]}}],"text":"May be used to represent additional information that is not part of the basic definition of the element, and that modifies the understanding of the element that contains it. Usually modifier elements provide negation or qualification. In order to make the use of extensions safe and manageable, there is a strict set of governance applied to the definition and use of extensions. Though any implementer is allowed to define an extension, there is a set of requirements that SHALL be met as part of the definition of the extension. Applications processing a resource are required to check for modifier extensions. There can be no stigma associated with the use of extensions by any application, project, or standard - regardless of the institution or jurisdiction that uses or defines the extensions.  The use of extensions is what allows the FHIR specification to retain a core level of simplicity for everyone.","type":"display"}],"linkId":"AuditEvent.agent.network.modifierExtension","repeats":true,"required":false,"text":"Extensions that cannot be ignored","type":"group"},{"extension":[{"url":"http://hl7.org/fhir/StructureDefinition/questionnaire-maxOccurs","valueInteger":1},{"url":"http://hl7.org/fhir/StructureDefinition/questionnaire-fhirType","valueString":"string"}],"item":[{"extension":[{"url":"http://hl7.org/fhir/StructureDefinition/questionnaire-itemControl","valueCodeableConcept":{"coding":[{"code":"flyover","display":"Fly-over","system":"http://hl7.org/fhir/questionnaire-item-control"}]}}],"text":"An identifier for the network access point of the user device for the audit event. This could be a device id, IP address or some other identifier associated with a device.","type":"display"},{"linkId":"AuditEvent.agent.network.address.value","repeats":false,"required":false,"text":"Identifier for the network access point of the user device","type":"string"}],"linkId":"AuditEvent.agent.network.address","repeats":true,"required":false,"type":"group"},{"extension":[{"url":"http://hl7.org/fhir/StructureDefinition/questionnaire-maxOccurs","valueInteger":1},{"url":"http://hl7.org/fhir/StructureDefinition/questionnaire-fhirType","valueString":"code"}],"item":[{"extension":[{"url":"http://hl7.org/fhir/StructureDefinition/questionnaire-itemControl","valueCodeableConcept":{"coding":[{"code":"flyover","display":"Fly-over","system":"http://hl7.org/fhir/questionnaire-item-control"}]}}],"text":"An identifier for the type of network access point that originated the audit event.","type":"display"},{"linkId":"AuditEvent.agent.network.type.value","repeats":false,"required":false,"text":"type","type":"choice"}],"linkId":"AuditEvent.agent.network.type","repeats":true,"required":false,"type":"group"}],"linkId":"AuditEvent.agent.network","repeats":false,"required":false,"text":"Logical network location for application activity","type":"group"},{"extension":[{"url":"http://hl7.org/fhir/StructureDefinition/questionnaire-fhirType","valueString":"Coding"}],"item":[{"extension":[{"url":"http://hl7.org/fhir/StructureDefinition/questionnaire-itemControl","valueCodeableConcept":{"coding":[{"code":"flyover","display":"Fly-over","system":"http://hl7.org/fhir/questionnaire-item-control"}]}}],"text":"The reason (purpose of use), specific to this agent, that was used during the event being recorded. Use AuditEvent.agent.purposeOfUse when you know that is specific to the agent, otherwise use AuditEvent.purposeOfEvent. For example, during a machine-to-machine transfer it might not be obvious to the audit system who caused the event, but it does know why.","type":"display"},{"linkId":"AuditEvent.agent.purposeOfUse.value","repeats":false,"required":false,"text":"Reason given for this user","type":"open-choice"}],"linkId":"AuditEvent.agent.purposeOfUse","repeats":true,"required":false,"type":"group"}],"linkId":"AuditEvent.agent","repeats":true,"required":true,"text":"Actor involved in the event","type":"group"},{"extension":[{"url":"http://hl7.org/fhir/StructureDefinition/questionnaire-minOccurs","valueInteger":1},{"url":"http://hl7.org/fhir/StructureDefinition/questionnaire-maxOccurs","valueInteger":1}],"item":[{"text":"Since multi-tier, distributed, or composite applications make source identification ambiguous, this collection of fields may repeat for each application or process actively involved in the event. For example, multiple value-sets can identify participating web servers, application processes, and database server threads in an n-tier distributed application. Passive event participants (e.g. low-level network transports) need not be identified.","type":"display"},{"extension":[{"url":"http://hl7.org/fhir/StructureDefinition/questionnaire-itemControl","valueCodeableConcept":{"coding":[{"code":"flyover","display":"Fly-over","system":"http://hl7.org/fhir/questionnaire-item-control"}]}}],"text":"Application systems and processes.","type":"display"},{"extension":[{"url":"http://hl7.org/fhir/StructureDefinition/questionnaire-maxOccurs","valueInteger":1},{"url":"http://hl7.org/fhir/StructureDefinition/questionnaire-fhirType","valueString":"string"}],"item":[{"extension":[{"url":"http://hl7.org/fhir/StructureDefinition/questionnaire-itemControl","valueCodeableConcept":{"coding":[{"code":"flyover","display":"Fly-over","system":"http://hl7.org/fhir/questionnaire-item-control"}]}}],"text":"unique id for the element within a resource (for internal references).","type":"display"},{"linkId":"AuditEvent.source.id.value","repeats":false,"required":false,"text":"xml:id (or equivalent in JSON)","type":"string"}],"linkId":"AuditEvent.source.id","repeats":true,"required":false,"type":"group"},{"item":[{"extension":[{"url":"http://hl7.org/fhir/StructureDefinition/questionnaire-itemControl","valueCodeableConcept":{"coding":[{"code":"flyover","display":"Fly-over","system":"http://hl7.org/fhir/questionnaire-item-control"}]}}],"text":"May be used to represent additional information that is not part of the basic definition of the element. In order to make the use of extensions safe and manageable, there is a strict set of governance  applied to the definition and use of extensions. Though any implementer is allowed to define an extension, there is a set of requirements that SHALL be met as part of the definition of the extension. There can be no stigma associated with the use of extensions by any application, project, or standard - regardless of the institution or jurisdiction that uses or defines the extensions.  The use of extensions is what allows the FHIR specification to retain a core level of simplicity for everyone.","type":"display"}],"linkId":"AuditEvent.source.extension","repeats":true,"required":false,"text":"Additional Content defined by implementations","type":"group"},{"item":[{"extension":[{"url":"http://hl7.org/fhir/StructureDefinition/questionnaire-itemControl","valueCodeableConcept":{"coding":[{"code":"flyover","display":"Fly-over","system":"http://hl7.org/fhir/questionnaire-item-control"}]}}],"text":"May be used to represent additional information that is not part of the basic definition of the element, and that modifies the understanding of the element that contains it. Usually modifier elements provide negation or qualification. In order to make the use of extensions safe and manageable, there is a strict set of governance applied to the definition and use of extensions. Though any implementer is allowed to define an extension, there is a set of requirements that SHALL be met as part of the definition of the extension. Applications processing a resource are required to check for modifier extensions. There can be no stigma associated with the use of extensions by any application, project, or standard - regardless of the institution or jurisdiction that uses or defines the extensions.  The use of extensions is what allows the FHIR specification to retain a core level of simplicity for everyone.","type":"display"}],"linkId":"AuditEvent.source.modifierExtension","repeats":true,"required":false,"text":"Extensions that cannot be ignored","type":"group"},{"extension":[{"url":"http://hl7.org/fhir/StructureDefinition/questionnaire-maxOccurs","valueInteger":1},{"url":"http://hl7.org/fhir/StructureDefinition/questionnaire-fhirType","valueString":"string"}],"item":[{"extension":[{"url":"http://hl7.org/fhir/StructureDefinition/questionnaire-itemControl","valueCodeableConcept":{"coding":[{"code":"flyover","display":"Fly-over","system":"http://hl7.org/fhir/questionnaire-item-control"}]}}],"text":"Logical source location within the healthcare enterprise network.  For example, a hospital or other provider location within a multi-entity provider group.","type":"display"},{"linkId":"AuditEvent.source.site.value","repeats":false,"required":false,"text":"Logical source location within the enterprise","type":"string"}],"linkId":"AuditEvent.source.site","repeats":true,"required":false,"type":"group"},{"extension":[{"url":"http://hl7.org/fhir/StructureDefinition/questionnaire-minOccurs","valueInteger":1},{"url":"http://hl7.org/fhir/StructureDefinition/questionnaire-maxOccurs","valueInteger":1},{"url":"http://hl7.org/fhir/StructureDefinition/questionnaire-fhirType","valueString":"Identifier"}],"item":[{"extension":[{"url":"http://hl7.org/fhir/StructureDefinition/questionnaire-itemControl","valueCodeableConcept":{"coding":[{"code":"flyover","display":"Fly-over","system":"http://hl7.org/fhir/questionnaire-item-control"}]}}],"text":"Identifier of the source where the event was detected.","type":"display"},{"linkId":"AuditEvent.source.identifier.label","repeats":false,"required":false,"text":"label:","type":"string"},{"linkId":"AuditEvent.source.identifier.system","repeats":false,"required":false,"text":"system:","type":"string"},{"linkId":"AuditEvent.source.identifier.value","repeats":false,"required":false,"text":"value:","type":"string"}],"linkId":"AuditEvent.source.identifier","repeats":true,"required":true,"text":"The identity of source detecting the event","type":"group"},{"extension":[{"url":"http://hl7.org/fhir/StructureDefinition/questionnaire-fhirType","valueString":"Coding"}],"item":[{"extension":[{"url":"http://hl7.org/fhir/StructureDefinition/questionnaire-itemControl","valueCodeableConcept":{"coding":[{"code":"flyover","display":"Fly-over","system":"http://hl7.org/fhir/questionnaire-item-control"}]}}],"text":"Code specifying the type of source where event originated.","type":"display"},{"linkId":"AuditEvent.source.type.value","repeats":false,"required":false,"text":"The type of source where event originated","type":"open-choice"}],"linkId":"AuditEvent.source.type","repeats":true,"required":false,"type":"group"}],"linkId":"AuditEvent.source","repeats":false,"required":true,"text":"Application systems and processes","type":"group"},{"item":[{"text":"Required unless the values for event identification, agent identification, and audit source identification are sufficient to document the entire auditable event. Because events may have more than one entity, this group can be a repeating set of values.","type":"display"},{"extension":[{"url":"http://hl7.org/fhir/StructureDefinition/questionnaire-itemControl","valueCodeableConcept":{"coding":[{"code":"flyover","display":"Fly-over","system":"http://hl7.org/fhir/questionnaire-item-control"}]}}],"text":"Specific instances of data or objects that have been accessed.","type":"display"},{"extension":[{"url":"http://hl7.org/fhir/StructureDefinition/questionnaire-maxOccurs","valueInteger":1},{"url":"http://hl7.org/fhir/StructureDefinition/questionnaire-fhirType","valueString":"string"}],"item":[{"extension":[{"url":"http://hl7.org/fhir/StructureDefinition/questionnaire-itemControl","valueCodeableConcept":{"coding":[{"code":"flyover","display":"Fly-over","system":"http://hl7.org/fhir/questionnaire-item-control"}]}}],"text":"unique id for the element within a resource (for internal references).","type":"display"},{"linkId":"AuditEvent.entity.id.value","repeats":false,"required":false,"text":"xml:id (or equivalent in JSON)","type":"string"}],"linkId":"AuditEvent.entity.id","repeats":true,"required":false,"type":"group"},{"item":[{"extension":[{"url":"http://hl7.org/fhir/StructureDefinition/questionnaire-itemControl","valueCodeableConcept":{"coding":[{"code":"flyover","display":"Fly-over","system":"http://hl7.org/fhir/questionnaire-item-control"}]}}],"text":"May be used to represent additional information that is not part of the basic definition of the element. In order to make the use of extensions safe and manageable, there is a strict set of governance  applied to the definition and use of extensions. Though any implementer is allowed to define an extension, there is a set of requirements that SHALL be met as part of the definition of the extension. There can be no stigma associated with the use of extensions by any application, project, or standard - regardless of the institution or jurisdiction that uses or defines the extensions.  The use of extensions is what allows the FHIR specification to retain a core level of simplicity for everyone.","type":"display"}],"linkId":"AuditEvent.entity.extension","repeats":true,"required":false,"text":"Additional Content defined by implementations","type":"group"},{"item":[{"extension":[{"url":"http://hl7.org/fhir/StructureDefinition/questionnaire-itemControl","valueCodeableConcept":{"coding":[{"code":"flyover","display":"Fly-over","system":"http://hl7.org/fhir/questionnaire-item-control"}]}}],"text":"May be used to represent additional information that is not part of the basic definition of the element, and that modifies the understanding of the element that contains it. Usually modifier elements provide negation or qualification. In order to make the use of extensions safe and manageable, there is a strict set of governance applied to the definition and use of extensions. Though any implementer is allowed to define an extension, there is a set of requirements that SHALL be met as part of the definition of the extension. Applications processing a resource are required to check for modifier extensions. There can be no stigma associated with the use of extensions by any application, project, or standard - regardless of the institution or jurisdiction that uses or defines the extensions.  The use of extensions is what allows the FHIR specification to retain a core level of simplicity for everyone.","type":"display"}],"linkId":"AuditEvent.entity.modifierExtension","repeats":true,"required":false,"text":"Extensions that cannot be ignored","type":"group"},{"extension":[{"url":"http://hl7.org/fhir/StructureDefinition/questionnaire-maxOccurs","valueInteger":1},{"url":"http://hl7.org/fhir/StructureDefinition/questionnaire-fhirType","valueString":"Identifier"}],"item":[{"extension":[{"url":"http://hl7.org/fhir/StructureDefinition/questionnaire-itemControl","valueCodeableConcept":{"coding":[{"code":"flyover","display":"Fly-over","system":"http://hl7.org/fhir/questionnaire-item-control"}]}}],"text":"Identifies a specific instance of the entity. The reference should always be version specific. Identifier detail depends on entity type.","type":"display"},{"linkId":"AuditEvent.entity.identifier.label","repeats":false,"required":false,"text":"label:","type":"string"},{"linkId":"AuditEvent.entity.identifier.system","repeats":false,"required":false,"text":"system:","type":"string"},{"linkId":"AuditEvent.entity.identifier.value","repeats":false,"required":false,"text":"value:","type":"string"}],"linkId":"AuditEvent.entity.identifier","repeats":true,"required":false,"text":"Specific instance of object (e.g. versioned)","type":"group"},{"extension":[{"url":"http://hl7.org/fhir/StructureDefinition/questionnaire-maxOccurs","valueInteger":1},{"url":"http://hl7.org/fhir/StructureDefinition/questionnaire-fhirType","valueString":"Reference"}],"item":[{"extension":[{"url":"http://hl7.org/fhir/StructureDefinition/questionnaire-itemControl","valueCodeableConcept":{"coding":[{"code":"flyover","display":"Fly-over","system":"http://hl7.org/fhir/questionnaire-item-control"}]}}],"text":"Identifies a specific instance of the entity. The reference should always be version specific.","type":"display"},{"extension":[{"url":"http://hl7.org/fhir/StructureDefinition/questionnaire-allowedResource","valueCode":"Resource"},{"url":"http://hl7.org/fhir/StructureDefinition/questionnaire-referenceFilter","valueString":"subject=$subj&patient=$subj&encounter=$encounter"}],"linkId":"AuditEvent.entity.reference.value","repeats":false,"required":false,"text":"Specific instance of resource (e.g. versioned)","type":"reference"}],"linkId":"AuditEvent.entity.reference","repeats":true,"required":false,"type":"group"},{"extension":[{"url":"http://hl7.org/fhir/StructureDefinition/questionnaire-maxOccurs","valueInteger":1},{"url":"http://hl7.org/fhir/StructureDefinition/questionnaire-fhirType","valueString":"Coding"}],"item":[{"extension":[{"url":"http://hl7.org/fhir/StructureDefinition/questionnaire-itemControl","valueCodeableConcept":{"coding":[{"code":"flyover","display":"Fly-over","system":"http://hl7.org/fhir/questionnaire-item-control"}]}}],"text":"The type of the object that was involved in this audit event. This value is distinct from the user's role or any user relationship to the entity.","type":"display"},{"linkId":"AuditEvent.entity.type.value","repeats":false,"required":false,"text":"Type of object involved","type":"open-choice"}],"linkId":"AuditEvent.entity.type","repeats":true,"required":false,"type":"group"},{"extension":[{"url":"http://hl7.org/fhir/StructureDefinition/questionnaire-maxOccurs","valueInteger":1},{"url":"http://hl7.org/fhir/StructureDefinition/questionnaire-fhirType","valueString":"Coding"}],"item":[{"extension":[{"url":"http://hl7.org/fhir/StructureDefinition/questionnaire-itemControl","valueCodeableConcept":{"coding":[{"code":"flyover","display":"Fly-over","system":"http://hl7.org/fhir/questionnaire-item-control"}]}}],"text":"Code representing the role the entity played in the event being audited.","type":"display"},{"linkId":"AuditEvent.entity.role.value","repeats":false,"required":false,"text":"What role the entity played","type":"open-choice"}],"linkId":"AuditEvent.entity.role","repeats":true,"required":false,"type":"group"},{"extension":[{"url":"http://hl7.org/fhir/StructureDefinition/questionnaire-maxOccurs","valueInteger":1},{"url":"http://hl7.org/fhir/StructureDefinition/questionnaire-fhirType","valueString":"Coding"}],"item":[{"extension":[{"url":"http://hl7.org/fhir/StructureDefinition/questionnaire-itemControl","valueCodeableConcept":{"coding":[{"code":"flyover","display":"Fly-over","system":"http://hl7.org/fhir/questionnaire-item-control"}]}}],"text":"Identifier for the data life-cycle stage for the entity. This can be used to provide an audit trail for data, over time, as it passes through the system.","type":"display"},{"linkId":"AuditEvent.entity.lifecycle.value","repeats":false,"required":false,"text":"Life-cycle stage for the object","type":"open-choice"}],"linkId":"AuditEvent.entity.lifecycle","repeats":true,"required":false,"type":"group"},{"extension":[{"url":"http://hl7.org/fhir/StructureDefinition/questionnaire-fhirType","valueString":"Coding"}],"item":[{"extension":[{"url":"http://hl7.org/fhir/StructureDefinition/questionnaire-itemControl","valueCodeableConcept":{"coding":[{"code":"flyover","display":"Fly-over","system":"http://hl7.org/fhir/questionnaire-item-control"}]}}],"text":"Denotes security labels for the identified entity.","type":"display"},{"linkId":"AuditEvent.entity.securityLabel.value","repeats":false,"required":false,"text":"Security labels applied to the object","type":"open-choice"}],"linkId":"AuditEvent.entity.securityLabel","repeats":true,"required":false,"type":"group"},{"extension":[{"url":"http://hl7.org/fhir/StructureDefinition/questionnaire-maxOccurs","valueInteger":1},{"url":"http://hl7.org/fhir/StructureDefinition/questionnaire-fhirType","valueString":"string"}],"item":[{"extension":[{"url":"http://hl7.org/fhir/StructureDefinition/questionnaire-itemControl","valueCodeableConcept":{"coding":[{"code":"flyover","display":"Fly-over","system":"http://hl7.org/fhir/questionnaire-item-control"}]}}],"text":"A name of the entity in the audit event. This field may be used in a query/report to identify audit events for a specific person.  For example, where multiple synonymous entity identifers (patient number, medical record number, encounter number, etc.) have been used.","type":"display"},{"linkId":"AuditEvent.entity.name.value","repeats":false,"required":false,"text":"Descriptor for entity","type":"string"}],"linkId":"AuditEvent.entity.name","repeats":true,"required":false,"type":"group"},{"extension":[{"url":"http://hl7.org/fhir/StructureDefinition/questionnaire-maxOccurs","valueInteger":1},{"url":"http://hl7.org/fhir/StructureDefinition/questionnaire-fhirType","valueString":"string"}],"item":[{"extension":[{"url":"http://hl7.org/fhir/StructureDefinition/questionnaire-itemControl","valueCodeableConcept":{"coding":[{"code":"flyover","display":"Fly-over","system":"http://hl7.org/fhir/questionnaire-item-control"}]}}],"text":"Text that describes the entity in more detail.","type":"display"},{"linkId":"AuditEvent.entity.description.value","repeats":false,"required":false,"text":"Descriptive text","type":"string"}],"linkId":"AuditEvent.entity.description","repeats":true,"required":false,"type":"group"},{"extension":[{"url":"http://hl7.org/fhir/StructureDefinition/questionnaire-maxOccurs","valueInteger":1},{"url":"http://hl7.org/fhir/StructureDefinition/questionnaire-fhirType","valueString":"binary"}],"item":[{"extension":[{"url":"http://hl7.org/fhir/StructureDefinition/questionnaire-itemControl","valueCodeableConcept":{"coding":[{"code":"flyover","display":"Fly-over","system":"http://hl7.org/fhir/questionnaire-item-control"}]}}],"text":"The query parameters for a query-type entities.","type":"display"}],"linkId":"AuditEvent.entity.query","repeats":true,"required":false,"text":"Query parameters","type":"group"},{"item":[{"extension":[{"url":"http://hl7.org/fhir/StructureDefinition/questionnaire-itemControl","valueCodeableConcept":{"coding":[{"code":"flyover","display":"Fly-over","system":"http://hl7.org/fhir/questionnaire-item-control"}]}}],"text":"Additional Information about the entity.","type":"display"},{"extension":[{"url":"http://hl7.org/fhir/StructureDefinition/questionnaire-maxOccurs","valueInteger":1},{"url":"http://hl7.org/fhir/StructureDefinition/questionnaire-fhirType","valueString":"string"}],"item":[{"extension":[{"url":"http://hl7.org/fhir/StructureDefinition/questionnaire-itemControl","valueCodeableConcept":{"coding":[{"code":"flyover","display":"Fly-over","system":"http://hl7.org/fhir/questionnaire-item-control"}]}}],"text":"unique id for the element within a resource (for internal references).","type":"display"},{"linkId":"AuditEvent.entity.detail.id.value","repeats":false,"required":false,"text":"xml:id (or equivalent in JSON)","type":"string"}],"linkId":"AuditEvent.entity.detail.id","repeats":true,"required":false,"type":"group"},{"item":[{"extension":[{"url":"http://hl7.org/fhir/StructureDefinition/questionnaire-itemControl","valueCodeableConcept":{"coding":[{"code":"flyover","display":"Fly-over","system":"http://hl7.org/fhir/questionnaire-item-control"}]}}],"text":"May be used to represent additional information that is not part of the basic definition of the element. In order to make the use of extensions safe and manageable, there is a strict set of governance  applied to the definition and use of extensions. Though any implementer is allowed to define an extension, there is a set of requirements that SHALL be met as part of the definition of the extension. There can be no stigma associated with the use of extensions by any application, project, or standard - regardless of the institution or jurisdiction that uses or defines the extensions.  The use of extensions is what allows the FHIR specification to retain a core level of simplicity for everyone.","type":"display"}],"linkId":"AuditEvent.entity.detail.extension","repeats":true,"required":false,"text":"Additional Content defined by implementations","type":"group"},{"item":[{"extension":[{"url":"http://hl7.org/fhir/StructureDefinition/questionnaire-itemControl","valueCodeableConcept":{"coding":[{"code":"flyover","display":"Fly-over","system":"http://hl7.org/fhir/questionnaire-item-control"}]}}],"text":"May be used to represent additional information that is not part of the basic definition of the element, and that modifies the understanding of the element that contains it. Usually modifier elements provide negation or qualification. In order to make the use of extensions safe and manageable, there is a strict set of governance applied to the definition and use of extensions. Though any implementer is allowed to define an extension, there is a set of requirements that SHALL be met as part of the definition of the extension. Applications processing a resource are required to check for modifier extensions. There can be no stigma associated with the use of extensions by any application, project, or standard - regardless of the institution or jurisdiction that uses or defines the extensions.  The use of extensions is what allows the FHIR specification to retain a core level of simplicity for everyone.","type":"display"}],"linkId":"AuditEvent.entity.detail.modifierExtension","repeats":true,"required":false,"text":"Extensions that cannot be ignored","type":"group"},{"extension":[{"url":"http://hl7.org/fhir/StructureDefinition/questionnaire-minOccurs","valueInteger":1},{"url":"http://hl7.org/fhir/StructureDefinition/questionnaire-maxOccurs","valueInteger":1},{"url":"http://hl7.org/fhir/StructureDefinition/questionnaire-fhirType","valueString":"string"}],"item":[{"extension":[{"url":"http://hl7.org/fhir/StructureDefinition/questionnaire-itemControl","valueCodeableConcept":{"coding":[{"code":"flyover","display":"Fly-over","system":"http://hl7.org/fhir/questionnaire-item-control"}]}}],"text":"Name of the property.","type":"display"},{"linkId":"AuditEvent.entity.detail.type.value","repeats":false,"required":false,"text":"Name of the property","type":"string"}],"linkId":"AuditEvent.entity.detail.type","repeats":true,"required":true,"type":"group"},{"extension":[{"url":"http://hl7.org/fhir/StructureDefinition/questionnaire-minOccurs","valueInteger":1},{"url":"http://hl7.org/fhir/StructureDefinition/questionnaire-maxOccurs","valueInteger":1},{"url":"http://hl7.org/fhir/StructureDefinition/questionnaire-fhirType","valueString":"binary"}],"item":[{"extension":[{"url":"http://hl7.org/fhir/StructureDefinition/questionnaire-itemControl","valueCodeableConcept":{"coding":[{"code":"flyover","display":"Fly-over","system":"http://hl7.org/fhir/questionnaire-item-control"}]}}],"text":"Property value.","type":"display"}],"linkId":"AuditEvent.entity.detail.value","repeats":true,"required":true,"text":"Property value","type":"group"}],"linkId":"AuditEvent.entity.detail","repeats":true,"required":false,"text":"Additional Information about the entity","type":"group"}],"linkId":"AuditEvent.entity","repeats":true,"required":false,"text":"Specific instances of data or objects that have been accessed","type":"group"}],"linkId":"AuditEvent","repeats":true,"required":false,"text":"Event record kept for security purposes","type":"group"}],"publisher":"Health Level Seven International (Security)","resourceType":"Questionnaire","status":"draft"}