{
  "resourceType": "AuditEvent",
  "id": "example-logout",
  "text": {
    "status": "generated",
    "div": "<div xmlns=\"http://www.w3.org/1999/xhtml\"><p><b>Generated Narrative with Details</b></p><p><b>id</b>: example-logout</p><p><b>type</b>: User Authentication (Details: http://nema.org/dicom/dicm code 110114 = 'User Authentication', stated as 'User Authentication')</p><p><b>subtype</b>: Logout (Details: http://nema.org/dicom/dicm code 110123 = 'Logout', stated as 'Logout')</p><p><b>action</b>: E</p><p><b>recorded</b>: Jun 20, 2013 11:46:41 PM</p><p><b>outcome</b>: 0</p><blockquote><p><b>agent</b></p><p><b>userId</b>: 95</p><p><b>altId</b>: 601847123</p><p><b>name</b>: Grahame Grieve</p><p><b>requestor</b>: true</p><h3>Networks</h3><table><tr><td>-</td><td><b>Address</b></td><td><b>Type</b></td></tr><tr><td>*</td><td>127.0.0.1</td><td>2</td></tr></table></blockquote><h3>Sources</h3><table><tr><td>-</td><td><b>Site</b></td><td><b>Identifier</b></td><td><b>Type</b></td></tr><tr><td>*</td><td>Cloud</td><td>hl7connect.healthintersections.com.au</td><td>Web Server (Details: http://hl7.org/fhir/security-source-type code 3 = 'Web Server', stated as 'Web Server')</td></tr></table></div>"
  },
  "type": {
    "system": "http://nema.org/dicom/dicm",
    "code": "110114",
    "display": "User Authentication"
  },
  "subtype": [
    {
      "system": "http://nema.org/dicom/dicm",
      "code": "110123",
      "display": "Logout"
    }
  ],
  "action": "E",
  "recorded": "2013-06-20T23:46:41Z",
  "outcome": "0",
  "agent": [
    {
      "userId": {
        "value": "95"
      },
      "altId": "601847123",
      "name": "Grahame Grieve",
      "requestor": true,
      "network": {
        "address": "127.0.0.1",
        "type": "2"
      }
    }
  ],
  "source": {
    "site": "Cloud",
    "identifier": {
      "value": "hl7connect.healthintersections.com.au"
    },
    "type": [
      {
        "system": "http://hl7.org/fhir/security-source-type",
        "code": "3",
        "display": "Web Server"
      }
    ]
  }
}