{
  "resourceType": "Claim",
  "id": "100153",
  "text": {
    "status": "generated",
    "div": "<div xmlns=\"http://www.w3.org/1999/xhtml\">A human-readable rendering of the Oral Health Claim</div>"
  },
  "type": "oral",
  "identifier": [
    {
      "system": "http://happyvalley.com/claim",
      "value": "12355"
    }
  ],
  "created": "2015-03-16",
  "targetReference": {
    "reference": "Organization/2"
  },
  "organizationReference": {
    "reference": "Organization/1"
  },
  "use": "proposed",
  "priority": {
    "code": "normal"
  },
  "fundsReserve": {
    "code": "provider"
  },
  "payee": {
    "type": {
      "code": "provider"
    }
  },
  "diagnosis": [
    {
      "sequence": 1,
      "diagnosis": {
        "system": "http://hl7.org/fhir/sid/icd-10",
        "code": "123457"
      }
    }
  ],
  "patientReference": {
    "reference": "Patient/1"
  },
  "coverage": [
    {
      "sequence": 1,
      "focal": true,
      "coverageReference": {
        "reference": "Coverage/9876B1"
      }
    }
  ],
  "item": [
    {
      "sequence": 1,
      "type": {
        "system": "http://hl7.org/fhir/v3/ActCode",
        "code": "FRAMEING"
      },
      "careTeam": [
        {
          "providerReference": {
            "reference": "Practitioner/example"
          }
        }
      ],
      "diagnosisLinkId": [
        1
      ],
      "service": {
        "system": "http://hl7.org/fhir/oralservicecodes",
        "code": "ORTHPLAN"
      },
      "servicedDate": "2015-05-16",
      "unitPrice": {
        "value": 9000.00,
        "system": "urn:iso:std:iso:4217",
        "code": "USD"
      },
      "net": {
        "value": 9000.00,
        "system": "urn:iso:std:iso:4217",
        "code": "USD"
      },
      "detail": [
        {
          "sequence": 1,
          "type": {
            "system": "http://hl7.org/fhir/v3/ActCode",
            "code": "CSINV"
          },
          "service": {
            "system": "http://hl7.org/fhir/oralservicecodes",
            "code": "ORTHOEXAM"
          },
          "unitPrice": {
            "value": 1000.00,
            "system": "urn:iso:std:iso:4217",
            "code": "USD"
          },
          "net": {
            "value": 1000.00,
            "system": "urn:iso:std:iso:4217",
            "code": "USD"
          }
        },
        {
          "sequence": 2,
          "type": {
            "system": "http://hl7.org/fhir/v3/ActCode",
            "code": "CSINV"
          },
          "service": {
            "system": "http://hl7.org/fhir/oralservicecodes",
            "code": "ORTHODIAG"
          },
          "unitPrice": {
            "value": 1500.00,
            "system": "urn:iso:std:iso:4217",
            "code": "USD"
          },
          "net": {
            "value": 1500.00,
            "system": "urn:iso:std:iso:4217",
            "code": "USD"
          }
        },
        {
          "sequence": 3,
          "type": {
            "system": "http://hl7.org/fhir/v3/ActCode",
            "code": "CSINV"
          },
          "service": {
            "system": "http://hl7.org/fhir/oralservicecodes",
            "code": "ORTHOINITIAL"
          },
          "unitPrice": {
            "value": 500.00,
            "system": "urn:iso:std:iso:4217",
            "code": "USD"
          },
          "net": {
            "value": 500.00,
            "system": "urn:iso:std:iso:4217",
            "code": "USD"
          }
        },
        {
          "sequence": 4,
          "type": {
            "system": "http://hl7.org/fhir/v3/ActCode",
            "code": "CSINV"
          },
          "service": {
            "system": "http://hl7.org/fhir/oralservicecodes",
            "code": "ORTHOMONTHS"
          },
          "quantity": {
            "value": 24
          }
        },
        {
          "sequence": 5,
          "type": {
            "system": "http://hl7.org/fhir/v3/ActCode",
            "code": "CSINV"
          },
          "service": {
            "system": "http://hl7.org/fhir/oralservicecodes",
            "code": "ORTHOPERIODIC"
          },
          "quantity": {
            "value": 24
          },
          "unitPrice": {
            "value": 250.00,
            "system": "urn:iso:std:iso:4217",
            "code": "USD"
          },
          "net": {
            "value": 250.00,
            "system": "urn:iso:std:iso:4217",
            "code": "USD"
          }
        }
      ]
    },
    {
      "sequence": 2,
      "type": {
        "code": "service"
      },
      "careTeam": [
        {
          "providerReference": {
            "reference": "Practitioner/example"
          }
        }
      ],
      "service": {
        "system": "http://hl7.org/fhir/oralservicecodes",
        "code": "21211"
      },
      "servicedDate": "2014-08-16",
      "unitPrice": {
        "value": 105.00,
        "system": "urn:iso:std:iso:4217",
        "code": "USD"
      },
      "net": {
        "value": 105.00,
        "system": "urn:iso:std:iso:4217",
        "code": "USD"
      },
      "bodySite": {
        "system": "http://fdi.org/fhir/oraltoothcodes",
        "code": "21"
      },
      "subSite": [
        {
          "system": "http://fdi.org/fhir/oralsurfacecodes",
          "code": "L"
        }
      ]
    },
    {
      "sequence": 3,
      "type": {
        "code": "group"
      },
      "careTeam": [
        {
          "providerReference": {
            "reference": "Practitioner/example"
          }
        }
      ],
      "service": {
        "system": "http://hl7.org/fhir/oralservicecodes",
        "code": "27211"
      },
      "servicedDate": "2014-08-16",
      "unitPrice": {
        "value": 1100.00,
        "system": "urn:iso:std:iso:4217",
        "code": "USD"
      },
      "net": {
        "value": 1100.00,
        "system": "urn:iso:std:iso:4217",
        "code": "USD"
      },
      "bodySite": {
        "system": "http://fdi.org/fhir/oraltoothcodes",
        "code": "36"
      },
      "detail": [
        {
          "sequence": 1,
          "type": {
            "code": "service"
          },
          "service": {
            "system": "http://hl7.org/fhir/oralservicecodes",
            "code": "27211"
          },
          "unitPrice": {
            "value": 750.00,
            "system": "urn:iso:std:iso:4217",
            "code": "USD"
          },
          "net": {
            "value": 750.00,
            "system": "urn:iso:std:iso:4217",
            "code": "USD"
          }
        },
        {
          "sequence": 2,
          "type": {
            "code": "service"
          },
          "service": {
            "system": "http://hl7.org/fhir/oralservicecodes",
            "code": "lab"
          },
          "unitPrice": {
            "value": 350.00,
            "system": "urn:iso:std:iso:4217",
            "code": "USD"
          },
          "net": {
            "value": 350.00,
            "system": "urn:iso:std:iso:4217",
            "code": "USD"
          }
        }
      ]
    }
  ]
}