{"caseSensitive":true,"concept":[{"code":"level1","definition":"Little or no confidence in the asserted identity's accuracy.","display":"Level 1"},{"code":"level2","definition":"Some confidence in the asserted identity's accuracy.","display":"Level 2"},{"code":"level3","definition":"High confidence in the asserted identity's accuracy.","display":"Level 3"},{"code":"level4","definition":"Very high confidence in the asserted identity's accuracy.","display":"Level 4"}],"contact":[{"telecom":[{"system":"other","value":"http://hl7.org/fhir"},{"system":"email","value":"fhir@lists.hl7.org"}]}],"content":"complete","date":"2016-06-06T20:14:04+00:00","description":"The level of confidence that this link represents the same actual person, based on NIST Authentication Levels.","experimental":false,"extension":[{"url":"http://hl7.org/fhir/StructureDefinition/valueset-oid","valueUri":"urn:oid:2.16.840.1.113883.4.642.1.342"}],"id":"identity-assuranceLevel","meta":{"lastUpdated":"2016-06-06T20:14:04.181+00:00"},"name":"IdentityAssuranceLevel","publisher":"HL7 (FHIR Project)","resourceType":"CodeSystem","status":"draft","text":{"div":"<div xmlns=\"http://www.w3.org/1999/xhtml\"><h2>IdentityAssuranceLevel</h2><p>The level of confidence that this link represents the same actual person, based on NIST Authentication Levels.</p><p>This code system http://hl7.org/fhir/identity-assuranceLevel defines the following codes:</p><table class=\"codes\"><tr><td><b>Code</b></td><td><b>Display</b></td><td><b>Definition</b></td></tr><tr><td>level1<a name=\"level1\"> </a></td><td>Level 1</td><td>Little or no confidence in the asserted identity's accuracy.</td></tr><tr><td>level2<a name=\"level2\"> </a></td><td>Level 2</td><td>Some confidence in the asserted identity's accuracy.</td></tr><tr><td>level3<a name=\"level3\"> </a></td><td>Level 3</td><td>High confidence in the asserted identity's accuracy.</td></tr><tr><td>level4<a name=\"level4\"> </a></td><td>Level 4</td><td>Very high confidence in the asserted identity's accuracy.</td></tr></table></div>","status":"generated"},"url":"http://hl7.org/fhir/identity-assuranceLevel","valueSet":"http://hl7.org/fhir/ValueSet/identity-assuranceLevel","version":"1.4.0"}