{"caseSensitive":true,"concept":[{"code":"complete","definition":"The treatment is complete and this represents a Claim for the services.","display":"Complete"},{"code":"proposed","definition":"The treatment is proposed and this represents a Pre-authorization for the services.","display":"Proposed"},{"code":"exploratory","definition":"The treatment is proposed and this represents a Pre-determination for the services.","display":"Exploratory"},{"code":"other","definition":"A locally defined or otherwise resolved status.","display":"Other"}],"contact":[{"telecom":[{"system":"other","value":"http://hl7.org/fhir"},{"system":"email","value":"fhir@lists.hl7.org"}]}],"content":"complete","date":"2016-06-06T20:14:04+00:00","description":"Complete, proposed, exploratory, other","experimental":false,"extension":[{"url":"http://hl7.org/fhir/StructureDefinition/valueset-oid","valueUri":"urn:oid:2.16.840.1.113883.4.642.1.315"}],"id":"claim-use-link","meta":{"lastUpdated":"2016-06-06T20:14:04.181+00:00"},"name":"Use","publisher":"HL7 (FHIR Project)","resourceType":"CodeSystem","status":"draft","text":{"div":"<div xmlns=\"http://www.w3.org/1999/xhtml\"><h2>Use</h2><p>Complete, proposed, exploratory, other</p><p>This code system http://hl7.org/fhir/claim-use-link defines the following codes:</p><table class=\"codes\"><tr><td><b>Code</b></td><td><b>Display</b></td><td><b>Definition</b></td></tr><tr><td>complete<a name=\"complete\"> </a></td><td>Complete</td><td>The treatment is complete and this represents a Claim for the services.</td></tr><tr><td>proposed<a name=\"proposed\"> </a></td><td>Proposed</td><td>The treatment is proposed and this represents a Pre-authorization for the services.</td></tr><tr><td>exploratory<a name=\"exploratory\"> </a></td><td>Exploratory</td><td>The treatment is proposed and this represents a Pre-determination for the services.</td></tr><tr><td>other<a name=\"other\"> </a></td><td>Other</td><td>A locally defined or otherwise resolved status.</td></tr></table></div>","status":"generated"},"url":"http://hl7.org/fhir/claim-use-link","valueSet":"http://hl7.org/fhir/ValueSet/claim-use-link","version":"1.4.0"}