{"caseSensitive":true,"concept":[{"code":"allergen","definition":"A substance that causes an allergic reaction.","display":"Allergen"},{"code":"biological","definition":"A substance that is produced by or extracted from a biological source.","display":"Biological Substance"},{"code":"body","definition":"A substance that comes directly from a human or an animal (e.g. blood, urine, feces, tears, etc.).","display":"Body Substance"},{"code":"chemical","definition":"Any organic or inorganic substance of a particular molecular identity, including -- (i) any combination of such substances occurring in whole or in part as a result of a chemical reaction or occurring in nature and (ii) any element or uncombined radical (http://www.epa.gov/opptintr/import-export/pubs/importguide.pdf).","display":"Chemical"},{"code":"food","definition":"A food, dietary ingredient, or dietary supplement for human or animal.","display":"Dietary Substance"},{"code":"drug","definition":"A substance intended for use in the diagnosis, cure, mitigation, treatment, or prevention of disease in man or other animals (Federal Food Drug and Cosmetic Act).","display":"Drug or Medicament"},{"code":"material","definition":"A finished product which is not normally ingested, absorbed or injected (e.g. steel, iron, wood, plastic and paper).","display":"Material"}],"contact":[{"telecom":[{"system":"other","value":"http://www.hl7.org/Special/committees/orders/index.cfm"}]}],"content":"complete","description":"Substance category codes","experimental":true,"extension":[{"url":"http://hl7.org/fhir/StructureDefinition/valueset-oid","valueUri":"urn:oid:2.16.840.1.113883.4.642.1.279"}],"id":"substance-category","meta":{"lastUpdated":"2016-06-06T20:14:04.181+00:00","profile":["http://hl7.org/fhir/StructureDefinition/codesystem-shareable-definition"]},"name":"Substance Category Codes","publisher":"HL7 Orders and Observations Workgroup","resourceType":"CodeSystem","status":"draft","text":{"div":"<div xmlns=\"http://www.w3.org/1999/xhtml\"><h2>Substance Category Codes</h2><p>Substance category codes</p><p>This code system http://hl7.org/fhir/substance-category defines the following codes:</p><table class=\"codes\"><tr><td><b>Code</b></td><td><b>Display</b></td><td><b>Definition</b></td></tr><tr><td>allergen<a name=\"allergen\"> </a></td><td>Allergen</td><td>A substance that causes an allergic reaction.</td></tr><tr><td>biological<a name=\"biological\"> </a></td><td>Biological Substance</td><td>A substance that is produced by or extracted from a biological source.</td></tr><tr><td>body<a name=\"body\"> </a></td><td>Body Substance</td><td>A substance that comes directly from a human or an animal (e.g. blood, urine, feces, tears, etc.).</td></tr><tr><td>chemical<a name=\"chemical\"> </a></td><td>Chemical</td><td>Any organic or inorganic substance of a particular molecular identity, including -- (i) any combination of such substances occurring in whole or in part as a result of a chemical reaction or occurring in nature and (ii) any element or uncombined radical (http://www.epa.gov/opptintr/import-export/pubs/importguide.pdf).</td></tr><tr><td>food<a name=\"food\"> </a></td><td>Dietary Substance</td><td>A food, dietary ingredient, or dietary supplement for human or animal.</td></tr><tr><td>drug<a name=\"drug\"> </a></td><td>Drug or Medicament</td><td>A substance intended for use in the diagnosis, cure, mitigation, treatment, or prevention of disease in man or other animals (Federal Food Drug and Cosmetic Act).</td></tr><tr><td>material<a name=\"material\"> </a></td><td>Material</td><td>A finished product which is not normally ingested, absorbed or injected (e.g. steel, iron, wood, plastic and paper).</td></tr></table></div>","status":"generated"},"url":"http://hl7.org/fhir/substance-category","valueSet":"http://hl7.org/fhir/ValueSet/substance-category","version":"1.4.0"}