{"caseSensitive":true,"concept":[{"code":"1001","definition":"Value 1001 description.","display":"Value 1001"},{"code":"1002","definition":"Value 1002 description.","display":"Value 1002"}],"contact":[{"telecom":[{"system":"other","value":"http://hl7.org/fhir"}]}],"content":"complete","copyright":"This is an example set.","description":"This value set includes sample Value codes.","experimental":true,"extension":[{"url":"http://hl7.org/fhir/StructureDefinition/valueset-oid","valueUri":"urn:oid:2.16.840.1.113883.4.642.1.530"}],"id":"value-codes","meta":{"lastUpdated":"2016-06-06T20:14:04.181+00:00","profile":["http://hl7.org/fhir/StructureDefinition/codesystem-shareable-definition"]},"name":"Example Value Codes","publisher":"Financial Management","resourceType":"CodeSystem","status":"draft","text":{"div":"<div xmlns=\"http://www.w3.org/1999/xhtml\"><h2>Example Value Codes</h2><p>This value set includes sample Value codes.</p><p><b>Copyright Statement:</b> This is an example set.</p><p>This code system http://hl7.org/fhir/ex-claimvalue defines the following codes:</p><table class=\"codes\"><tr><td><b>Code</b></td><td><b>Display</b></td><td><b>Definition</b></td></tr><tr><td>1001<a name=\"1001\"> </a></td><td>Value 1001</td><td>Value 1001 description.</td></tr><tr><td>1002<a name=\"1002\"> </a></td><td>Value 1002</td><td>Value 1002 description.</td></tr></table></div>","status":"generated"},"url":"http://hl7.org/fhir/ex-claimvalue","valueSet":"http://hl7.org/fhir/ValueSet/value-codes","version":"1.4.0"}