{"caseSensitive":true,"concept":[{"code":"routine","definition":"The request has a normal priority.","display":"Routine"},{"code":"urgent","definition":"The request should be done urgently.","display":"Urgent"},{"code":"stat","definition":"The request is time-critical.","display":"Stat"},{"code":"asap","definition":"The request should be acted on as soon as possible.","display":"ASAP"}],"contact":[{"telecom":[{"system":"other","value":"http://hl7.org/fhir"},{"system":"email","value":"fhir@lists.hl7.org"}]}],"content":"complete","date":"2016-06-06T20:14:04+00:00","description":"Codes representing the priority of the request.","experimental":false,"extension":[{"url":"http://hl7.org/fhir/StructureDefinition/valueset-oid","valueUri":"urn:oid:2.16.840.1.113883.4.642.1.109"}],"id":"device-use-request-priority","meta":{"lastUpdated":"2016-06-06T20:14:04.181+00:00"},"name":"DeviceUseRequestPriority","publisher":"HL7 (FHIR Project)","resourceType":"CodeSystem","status":"draft","text":{"div":"<div xmlns=\"http://www.w3.org/1999/xhtml\"><h2>DeviceUseRequestPriority</h2><p>Codes representing the priority of the request.</p><p>This code system http://hl7.org/fhir/device-use-request-priority defines the following codes:</p><table class=\"codes\"><tr><td><b>Code</b></td><td><b>Display</b></td><td><b>Definition</b></td></tr><tr><td>routine<a name=\"routine\"> </a></td><td>Routine</td><td>The request has a normal priority.</td></tr><tr><td>urgent<a name=\"urgent\"> </a></td><td>Urgent</td><td>The request should be done urgently.</td></tr><tr><td>stat<a name=\"stat\"> </a></td><td>Stat</td><td>The request is time-critical.</td></tr><tr><td>asap<a name=\"asap\"> </a></td><td>ASAP</td><td>The request should be acted on as soon as possible.</td></tr></table></div>","status":"generated"},"url":"http://hl7.org/fhir/device-use-request-priority","valueSet":"http://hl7.org/fhir/ValueSet/device-use-request-priority","version":"1.4.0"}