{"caseSensitive":true,"concept":[{"code":"ar001","definition":"Not covered","display":"Not covered"},{"code":"ar002","definition":"Plan Limit Reached","display":"Plan Limit Reached"}],"contact":[{"telecom":[{"system":"other","value":"http://hl7.org/fhir"}]}],"content":"complete","copyright":"This is an example set.","description":"This value set includes smattering of Adjudication Reason codes.","experimental":true,"extension":[{"url":"http://hl7.org/fhir/StructureDefinition/valueset-oid","valueUri":"urn:oid:2.16.840.1.113883.4.642.1.479"}],"id":"adjudication-reason","meta":{"lastUpdated":"2016-06-06T20:14:04.181+00:00","profile":["http://hl7.org/fhir/StructureDefinition/codesystem-shareable-definition"]},"name":"Adjudication Reason Codes","publisher":"Financial Management","resourceType":"CodeSystem","status":"draft","text":{"div":"<div xmlns=\"http://www.w3.org/1999/xhtml\"><h2>Adjudication Reason Codes</h2><p>This value set includes smattering of Adjudication Reason codes.</p><p><b>Copyright Statement:</b> This is an example set.</p><p>This code system http://hl7.org/fhir/adjudication-reason defines the following codes:</p><table class=\"codes\"><tr><td><b>Code</b></td><td><b>Display</b></td><td><b>Definition</b></td></tr><tr><td>ar001<a name=\"ar001\"> </a></td><td>Not covered</td><td>Not covered</td></tr><tr><td>ar002<a name=\"ar002\"> </a></td><td>Plan Limit Reached</td><td>Plan Limit Reached</td></tr></table></div>","status":"generated"},"url":"http://hl7.org/fhir/adjudication-reason","valueSet":"http://hl7.org/fhir/ValueSet/adjudication-reason","version":"1.4.0"}