{"caseSensitive":true,"concept":[{"code":"AA","definition":"Amino acid sequence","display":"AA Sequence"},{"code":"DNA","definition":"DNA Sequence","display":"DNA Sequence"},{"code":"RNA","definition":"RNA Sequence","display":"RNA Sequence"}],"contact":[{"telecom":[{"system":"other","value":"http://hl7.org/fhir"},{"system":"email","value":"fhir@lists.hl7.org"}]}],"content":"complete","date":"2016-06-06T20:14:04+00:00","description":"Type if a sequence -- DNA, RNA, or amino acid sequence","experimental":false,"extension":[{"url":"http://hl7.org/fhir/StructureDefinition/valueset-oid","valueUri":"urn:oid:2.16.840.1.113883.4.642.1.473"}],"id":"sequence-type","meta":{"lastUpdated":"2016-06-06T20:14:04.181+00:00"},"name":"sequenceType","publisher":"HL7 (FHIR Project)","resourceType":"CodeSystem","status":"draft","text":{"div":"<div xmlns=\"http://www.w3.org/1999/xhtml\"><h2>sequenceType</h2><p>Type if a sequence -- DNA, RNA, or amino acid sequence</p><p>This code system http://hl7.org/fhir/sequence-type defines the following codes:</p><table class=\"codes\"><tr><td><b>Code</b></td><td><b>Display</b></td><td><b>Definition</b></td></tr><tr><td>AA<a name=\"AA\"> </a></td><td>AA Sequence</td><td>Amino acid sequence</td></tr><tr><td>DNA<a name=\"DNA\"> </a></td><td>DNA Sequence</td><td>DNA Sequence</td></tr><tr><td>RNA<a name=\"RNA\"> </a></td><td>RNA Sequence</td><td>RNA Sequence</td></tr></table></div>","status":"generated"},"url":"http://hl7.org/fhir/sequence-type","valueSet":"http://hl7.org/fhir/ValueSet/sequence-type","version":"1.4.0"}