{"caseSensitive":true,"concept":[{"code":"in-progress","definition":"This QuestionnaireResponse has been partially filled out with answers, but changes or additions are still expected to be made to it.","display":"In Progress"},{"code":"completed","definition":"This QuestionnaireResponse has been filled out with answers, and the current content is regarded as definitive.","display":"Completed"},{"code":"amended","definition":"This QuestionnaireResponse has been filled out with answers, then marked as complete, yet changes or additions have been made to it afterwards.","display":"Amended"}],"contact":[{"telecom":[{"system":"other","value":"http://hl7.org/fhir"},{"system":"email","value":"fhir@lists.hl7.org"}]}],"content":"complete","date":"2016-06-06T20:14:04+00:00","description":"Lifecycle status of the questionnaire response.","experimental":false,"extension":[{"url":"http://hl7.org/fhir/StructureDefinition/valueset-oid","valueUri":"urn:oid:2.16.840.1.113883.4.642.1.258"}],"id":"questionnaire-answers-status","meta":{"lastUpdated":"2016-06-06T20:14:04.181+00:00"},"name":"QuestionnaireResponseStatus","publisher":"HL7 (FHIR Project)","resourceType":"CodeSystem","status":"draft","text":{"div":"<div xmlns=\"http://www.w3.org/1999/xhtml\"><h2>QuestionnaireResponseStatus</h2><p>Lifecycle status of the questionnaire response.</p><p>This code system http://hl7.org/fhir/questionnaire-answers-status defines the following codes:</p><table class=\"codes\"><tr><td><b>Code</b></td><td><b>Display</b></td><td><b>Definition</b></td></tr><tr><td>in-progress<a name=\"in-progress\"> </a></td><td>In Progress</td><td>This QuestionnaireResponse has been partially filled out with answers, but changes or additions are still expected to be made to it.</td></tr><tr><td>completed<a name=\"completed\"> </a></td><td>Completed</td><td>This QuestionnaireResponse has been filled out with answers, and the current content is regarded as definitive.</td></tr><tr><td>amended<a name=\"amended\"> </a></td><td>Amended</td><td>This QuestionnaireResponse has been filled out with answers, then marked as complete, yet changes or additions have been made to it afterwards.</td></tr></table></div>","status":"generated"},"url":"http://hl7.org/fhir/questionnaire-answers-status","valueSet":"http://hl7.org/fhir/ValueSet/questionnaire-answers-status","version":"1.4.0"}