{"caseSensitive":true,"concept":[{"code":"CodeSystem-expand","definition":"The definition of a code system is used to create a simple collection of codes suitable for use for data entry or validation. An expanded code system will be returned, or an error message.","display":"CodeSystem-expand"},{"code":"MedicationAdministration-Complete","definition":"Change the status of a Medication Administration to show that it is complete.","display":"MedicationAdministration-Complete"},{"code":"MedicationAdministration-Nullification","definition":"Someone wishes to record that the record of administration of a medication is in error and should be ignored.","display":"MedicationAdministration-Nullification"},{"code":"MedicationAdministration-Recording","definition":"Indicates that a medication has been recorded against the patient's record.","display":"MedicationAdministration-Recording"},{"code":"MedicationAdministration-Update","definition":"Update a Medication Administration record.","display":"MedicationAdministration-Update"},{"code":"admin-notify","definition":"Notification of a change to an administrative resource (either create or update). Note that there is no delete, though some administrative resources have status or period elements for this use.","display":"admin-notify"},{"code":"diagnosticreport-provide","definition":"Provide a diagnostic report, or update a previously provided diagnostic report.","display":"diagnosticreport-provide"},{"code":"observation-provide","definition":"Provide a simple observation or update a previously provided simple observation.","display":"observation-provide"},{"code":"patient-link","definition":"Notification that two patient records actually identify the same patient.","display":"patient-link"},{"code":"patient-unlink","definition":"Notification that previous advice that two patient records concern the same patient is now considered incorrect.","display":"patient-unlink"},{"code":"valueset-expand","definition":"The definition of a value set is used to create a simple collection of codes suitable for use for data entry or validation. An expanded value set will be returned, or an error message.","display":"valueset-expand"}],"contact":[{"telecom":[{"system":"other","value":"http://hl7.org/fhir"},{"system":"email","value":"fhir@lists.hl7.org"}]}],"content":"complete","date":"2016-06-06T20:14:04+00:00","description":"One of the message events defined as part of FHIR.","experimental":false,"id":"message-events","meta":{"lastUpdated":"2016-06-06T20:14:04.181+00:00"},"name":"MessageEvent","publisher":"HL7 (FHIR Project)","resourceType":"CodeSystem","status":"draft","text":{"div":"<div xmlns=\"http://www.w3.org/1999/xhtml\"><h2>MessageEvent</h2><p>One of the message events defined as part of FHIR.</p><p>This code system http://hl7.org/fhir/message-events defines the following codes:</p><table class=\"codes\"><tr><td><b>Code</b></td><td><b>Display</b></td><td><b>Definition</b></td></tr><tr><td>CodeSystem-expand<a name=\"CodeSystem-expand\"> </a></td><td>CodeSystem-expand</td><td>The definition of a code system is used to create a simple collection of codes suitable for use for data entry or validation. An expanded code system will be returned, or an error message.</td></tr><tr><td>MedicationAdministration-Complete<a name=\"MedicationAdministration-Complete\"> </a></td><td>MedicationAdministration-Complete</td><td>Change the status of a Medication Administration to show that it is complete.</td></tr><tr><td>MedicationAdministration-Nullification<a name=\"MedicationAdministration-Nullification\"> </a></td><td>MedicationAdministration-Nullification</td><td>Someone wishes to record that the record of administration of a medication is in error and should be ignored.</td></tr><tr><td>MedicationAdministration-Recording<a name=\"MedicationAdministration-Recording\"> </a></td><td>MedicationAdministration-Recording</td><td>Indicates that a medication has been recorded against the patient's record.</td></tr><tr><td>MedicationAdministration-Update<a name=\"MedicationAdministration-Update\"> </a></td><td>MedicationAdministration-Update</td><td>Update a Medication Administration record.</td></tr><tr><td>admin-notify<a name=\"admin-notify\"> </a></td><td>admin-notify</td><td>Notification of a change to an administrative resource (either create or update). Note that there is no delete, though some administrative resources have status or period elements for this use.</td></tr><tr><td>diagnosticreport-provide<a name=\"diagnosticreport-provide\"> </a></td><td>diagnosticreport-provide</td><td>Provide a diagnostic report, or update a previously provided diagnostic report.</td></tr><tr><td>observation-provide<a name=\"observation-provide\"> </a></td><td>observation-provide</td><td>Provide a simple observation or update a previously provided simple observation.</td></tr><tr><td>patient-link<a name=\"patient-link\"> </a></td><td>patient-link</td><td>Notification that two patient records actually identify the same patient.</td></tr><tr><td>patient-unlink<a name=\"patient-unlink\"> </a></td><td>patient-unlink</td><td>Notification that previous advice that two patient records concern the same patient is now considered incorrect.</td></tr><tr><td>valueset-expand<a name=\"valueset-expand\"> </a></td><td>valueset-expand</td><td>The definition of a value set is used to create a simple collection of codes suitable for use for data entry or validation. An expanded value set will be returned, or an error message.</td></tr></table></div>","status":"generated"},"url":"http://hl7.org/fhir/message-events","valueSet":"http://hl7.org/fhir/ValueSet/message-events","version":"1.4.0"}