{"caseSensitive":true,"concept":[{"code":"not-indicated","definition":"The military status is not indicated","display":"Not Indicated"},{"code":"no-military-service","definition":"The subject has no history of military service","display":"No Military Service"},{"code":"veteran","definition":"The subject is has served in the military but is no longer active","display":"Veteran"},{"code":"active-duty","definition":"The subject is not a reserve member and is currently engaged in full-time military activity","display":"Active Duty"},{"code":"active-reserve","definition":"The subject is a reserve member and is currently engaged in full-time military activity","display":"Active Reserve"},{"code":"inactive-reserve","definition":"The subject is a reserve member and is not currently engaged in full-time military activity","display":"Inactive Reserve"}],"contact":[{"telecom":[{"system":"other","value":"http://www.hl7.org/Special/committees/cqi"}]}],"content":"complete","description":"Value Set for Military Service (Example)","experimental":true,"extension":[{"url":"http://hl7.org/fhir/StructureDefinition/valueset-oid","valueUri":"urn:oid:2.16.840.1.113883.4.642.1.648"}],"id":"qicore-patient-military-service","meta":{"lastUpdated":"2016-06-06T20:14:04.181+00:00","profile":["http://hl7.org/fhir/StructureDefinition/codesystem-shareable-definition"]},"name":"Military Service Codes","publisher":"HL7 Clinical Quality Information (CQI) Work Group","resourceType":"CodeSystem","status":"draft","text":{"div":"<div xmlns=\"http://www.w3.org/1999/xhtml\"><h2>Military Service Codes</h2><p>Value Set for Military Service (Example)</p><p>This code system http://hl7.org/fhir/qicore-military-service defines the following codes:</p><table class=\"codes\"><tr><td><b>Code</b></td><td><b>Display</b></td><td><b>Definition</b></td></tr><tr><td>not-indicated<a name=\"not-indicated\"> </a></td><td>Not Indicated</td><td>The military status is not indicated</td></tr><tr><td>no-military-service<a name=\"no-military-service\"> </a></td><td>No Military Service</td><td>The subject has no history of military service</td></tr><tr><td>veteran<a name=\"veteran\"> </a></td><td>Veteran</td><td>The subject is has served in the military but is no longer active</td></tr><tr><td>active-duty<a name=\"active-duty\"> </a></td><td>Active Duty</td><td>The subject is not a reserve member and is currently engaged in full-time military activity</td></tr><tr><td>active-reserve<a name=\"active-reserve\"> </a></td><td>Active Reserve</td><td>The subject is a reserve member and is currently engaged in full-time military activity</td></tr><tr><td>inactive-reserve<a name=\"inactive-reserve\"> </a></td><td>Inactive Reserve</td><td>The subject is a reserve member and is not currently engaged in full-time military activity</td></tr></table></div>","status":"generated"},"url":"http://hl7.org/fhir/qicore-military-service","valueSet":"http://hl7.org/fhir/ValueSet/qicore-patient-military-service","version":"1.4.0"}