{
  "resourceType": "CodeSystem",
  "id": "nehta-nehta-involved-notinvolved",
  "meta": {
    "lastUpdated": "2016-06-06T20:14:04.181+00:00",
    "profile": [
      "http://hl7.org/fhir/StructureDefinition/codesystem-shareable-definition"
    ]
  },
  "text": {
    "status": "generated",
    "div": "<div xmlns=\"http://www.w3.org/1999/xhtml\"><h2>InvolvedNotinvolved</h2><p>Indicates whether a specimen was involved or not involved.</p><p><b>Copyright Statement:</b> This value set includes content from SNOMED CT, which is copyright Â© 2002+ International       Health Terminology Standards Development Organisation (IHTSDO), and distributed by    agreement    between IHTSDO and HL7. Implementer use of SNOMED CT is not covered by this    agreement</p><p>This code system http://hl7.org/fhir/nehta-involved-notinvolved defines the following codes:</p><table class=\"codes\"><tr><td><b>Code</b></td><td><b>Display</b></td><td><b>Definition</b></td></tr><tr><td>not_involved<a name=\"not_involved\"> </a></td><td>Not involved</td><td>Not involved</td></tr></table></div>"
  },
  "extension": [
    {
      "url": "http://hl7.org/fhir/StructureDefinition/valueset-oid",
      "valueUri": "urn:oid:2.16.840.1.113883.4.642.1.794"
    }
  ],
  "url": "http://hl7.org/fhir/nehta-involved-notinvolved",
  "version": "20150618",
  "name": "InvolvedNotinvolved",
  "status": "active",
  "experimental": true,
  "publisher": "NEHTA",
  "contact": [
    {
      "telecom": [
        {
          "system": "other",
          "value": "http://hl7.org/fhir"
        },
        {
          "system": "email",
          "value": "fhir@lists.hl7.org"
        }
      ]
    }
  ],
  "date": "2015-06-11T09:01:03+03:00",
  "description": "Indicates whether a specimen was involved or not involved.",
  "copyright": "This value set includes content from SNOMED CT, which is copyright Â© 2002+ International       Health Terminology Standards Development Organisation (IHTSDO), and distributed by    agreement    between IHTSDO and HL7. Implementer use of SNOMED CT is not covered by this    agreement",
  "caseSensitive": true,
  "valueSet": "http://hl7.org/fhir/ValueSet/nehta-nehta-involved-notinvolved",
  "content": "complete",
  "concept": [
    {
      "code": "not_involved",
      "display": "Not involved",
      "definition": "Not involved"
    }
  ]
}