{"caseSensitive":true,"concept":[{"code":"Consequence","definition":"The message represents/requests a change that should not be processed more than once; e.g. Making a booking for an appointment.","display":"Consequence"},{"code":"Currency","definition":"The message represents a response to query for current information. Retrospective processing is wrong and/or wasteful.","display":"Currency"},{"code":"Notification","definition":"The content is not necessarily intended to be current, and it can be reprocessed, though there may be version issues created by processing old notifications.","display":"Notification"}],"contact":[{"telecom":[{"system":"other","value":"http://hl7.org/fhir"},{"system":"email","value":"fhir@lists.hl7.org"}]}],"content":"complete","date":"2016-06-06T20:14:04+00:00","description":"The impact of the content of a message.","experimental":false,"extension":[{"url":"http://hl7.org/fhir/StructureDefinition/valueset-oid","valueUri":"urn:oid:2.16.840.1.113883.4.642.1.88"}],"id":"message-significance-category","meta":{"lastUpdated":"2016-06-06T20:14:04.181+00:00"},"name":"MessageSignificanceCategory","publisher":"HL7 (FHIR Project)","resourceType":"CodeSystem","status":"draft","text":{"div":"<div xmlns=\"http://www.w3.org/1999/xhtml\"><h2>MessageSignificanceCategory</h2><p>The impact of the content of a message.</p><p>This code system http://hl7.org/fhir/message-significance-category defines the following codes:</p><table class=\"codes\"><tr><td><b>Code</b></td><td><b>Display</b></td><td><b>Definition</b></td></tr><tr><td>Consequence<a name=\"Consequence\"> </a></td><td>Consequence</td><td>The message represents/requests a change that should not be processed more than once; e.g. Making a booking for an appointment.</td></tr><tr><td>Currency<a name=\"Currency\"> </a></td><td>Currency</td><td>The message represents a response to query for current information. Retrospective processing is wrong and/or wasteful.</td></tr><tr><td>Notification<a name=\"Notification\"> </a></td><td>Notification</td><td>The content is not necessarily intended to be current, and it can be reprocessed, though there may be version issues created by processing old notifications.</td></tr></table></div>","status":"generated"},"url":"http://hl7.org/fhir/message-significance-category","valueSet":"http://hl7.org/fhir/ValueSet/message-significance-category","version":"1.4.0"}