{
  "resourceType": "CodeSystem",
  "id": "questionnaire-status",
  "meta": {
    "lastUpdated": "2016-06-06T20:14:04.181+00:00"
  },
  "text": {
    "status": "generated",
    "div": "<div xmlns=\"http://www.w3.org/1999/xhtml\"><h2>QuestionnaireStatus</h2><p>Lifecycle status of the questionnaire.</p><p>This code system http://hl7.org/fhir/questionnaire-status defines the following codes:</p><table class=\"codes\"><tr><td><b>Code</b></td><td><b>Display</b></td><td><b>Definition</b></td></tr><tr><td>draft<a name=\"draft\"> </a></td><td>Draft</td><td>This Questionnaire is not ready for official use.</td></tr><tr><td>published<a name=\"published\"> </a></td><td>Published</td><td>This Questionnaire is ready for use.</td></tr><tr><td>retired<a name=\"retired\"> </a></td><td>Retired</td><td>This Questionnaire should no longer be used to gather data.</td></tr></table></div>"
  },
  "extension": [
    {
      "url": "http://hl7.org/fhir/StructureDefinition/valueset-oid",
      "valueUri": "urn:oid:2.16.840.1.113883.4.642.1.256"
    }
  ],
  "url": "http://hl7.org/fhir/questionnaire-status",
  "version": "1.4.0",
  "name": "QuestionnaireStatus",
  "status": "draft",
  "experimental": false,
  "publisher": "HL7 (FHIR Project)",
  "contact": [
    {
      "telecom": [
        {
          "system": "other",
          "value": "http://hl7.org/fhir"
        },
        {
          "system": "email",
          "value": "fhir@lists.hl7.org"
        }
      ]
    }
  ],
  "date": "2016-06-06T20:14:04+00:00",
  "description": "Lifecycle status of the questionnaire.",
  "caseSensitive": true,
  "valueSet": "http://hl7.org/fhir/ValueSet/questionnaire-status",
  "content": "complete",
  "concept": [
    {
      "code": "draft",
      "display": "Draft",
      "definition": "This Questionnaire is not ready for official use."
    },
    {
      "code": "published",
      "display": "Published",
      "definition": "This Questionnaire is ready for use."
    },
    {
      "code": "retired",
      "display": "Retired",
      "definition": "This Questionnaire should no longer be used to gather data."
    }
  ]
}