{"caseSensitive":true,"concept":[{"code":"allergy","definition":"A propensity for hypersensitivity reaction(s) to a substance.  These reactions are most typically type I hypersensitivity, plus other \"allergy-like\" reactions, including pseudoallergy.","display":"Allergy"},{"code":"intolerance","definition":"A propensity for adverse reactions to a substance that is not judged to be allergic or \"allergy-like\".  These reactions are typically (but not necessarily) non-immune.  They are to some degree idiosyncratic and/or individually specific (i.e. are not a reaction that is expected to occur with most or all patients given similar circumstances).","display":"Intolerance"}],"contact":[{"telecom":[{"system":"other","value":"http://hl7.org/fhir"},{"system":"email","value":"fhir@lists.hl7.org"}]}],"content":"complete","date":"2016-06-06T20:14:04+00:00","description":"Identification of the underlying physiological mechanism for a Reaction Risk.","experimental":false,"extension":[{"url":"http://hl7.org/fhir/StructureDefinition/valueset-oid","valueUri":"urn:oid:2.16.840.1.113883.4.642.1.52"}],"id":"allergy-intolerance-type","meta":{"lastUpdated":"2016-06-06T20:14:04.181+00:00"},"name":"AllergyIntoleranceType","publisher":"HL7 (FHIR Project)","resourceType":"CodeSystem","status":"draft","text":{"div":"<div xmlns=\"http://www.w3.org/1999/xhtml\"><h2>AllergyIntoleranceType</h2><p>Identification of the underlying physiological mechanism for a Reaction Risk.</p><p>This code system http://hl7.org/fhir/allergy-intolerance-type defines the following codes:</p><table class=\"codes\"><tr><td><b>Code</b></td><td><b>Display</b></td><td><b>Definition</b></td></tr><tr><td>allergy<a name=\"allergy\"> </a></td><td>Allergy</td><td>A propensity for hypersensitivity reaction(s) to a substance.  These reactions are most typically type I hypersensitivity, plus other &quot;allergy-like&quot; reactions, including pseudoallergy.</td></tr><tr><td>intolerance<a name=\"intolerance\"> </a></td><td>Intolerance</td><td>A propensity for adverse reactions to a substance that is not judged to be allergic or &quot;allergy-like&quot;.  These reactions are typically (but not necessarily) non-immune.  They are to some degree idiosyncratic and/or individually specific (i.e. are not a reaction that is expected to occur with most or all patients given similar circumstances).</td></tr></table></div>","status":"generated"},"url":"http://hl7.org/fhir/allergy-intolerance-type","valueSet":"http://hl7.org/fhir/ValueSet/allergy-intolerance-type","version":"1.4.0"}