{"caseSensitive":true,"concept":[{"code":"*","definition":"Element can repeat an unlimited number of times","display":"Repeating"}],"contact":[{"telecom":[{"system":"other","value":"http://hl7.org/fhir"},{"system":"email","value":"fhir@lists.hl7.org"}]}],"content":"complete","date":"2016-06-06T20:14:04+00:00","description":"Flags an element as having unlimited repetitions","experimental":false,"extension":[{"url":"http://hl7.org/fhir/StructureDefinition/valueset-oid","valueUri":"urn:oid:2.16.840.1.113883.4.642.1.380"}],"id":"question-max-occurs","meta":{"lastUpdated":"2016-06-06T20:14:04.181+00:00"},"name":"MaxOccurs","publisher":"HL7 (FHIR Project)","resourceType":"CodeSystem","status":"draft","text":{"div":"<div xmlns=\"http://www.w3.org/1999/xhtml\"><h2>MaxOccurs</h2><p>Flags an element as having unlimited repetitions</p><p>This code system http://hl7.org/fhir/question-max-occurs defines the following codes:</p><table class=\"codes\"><tr><td><b>Code</b></td><td><b>Display</b></td><td><b>Definition</b></td></tr><tr><td>*<a name=\".42\"> </a></td><td>Repeating</td><td>Element can repeat an unlimited number of times</td></tr></table></div>","status":"generated"},"url":"http://hl7.org/fhir/question-max-occurs","valueSet":"http://hl7.org/fhir/ValueSet/question-max-occurs","version":"1.4.0"}