{"caseSensitive":true,"concept":[{"code":"low","definition":"Worst case result of a future exposure is not assessed to be life-threatening or having high potential for organ system failure.","display":"Low Risk"},{"code":"high","definition":"Worst case result of a future exposure is assessed to be life-threatening or having high potential for organ system failure.","display":"High Risk"},{"code":"unable-to-assess","definition":"Unable to assess the worst case result of a future exposure.","display":"Unable to Assess Risk"}],"contact":[{"telecom":[{"system":"other","value":"http://hl7.org/fhir"},{"system":"email","value":"fhir@lists.hl7.org"}]}],"content":"complete","date":"2016-06-06T20:14:04+00:00","description":"Estimate of the potential clinical harm, or seriousness, of a reaction to an identified Substance.","experimental":false,"extension":[{"url":"http://hl7.org/fhir/StructureDefinition/valueset-oid","valueUri":"urn:oid:2.16.840.1.113883.4.642.1.51"}],"id":"allergy-intolerance-criticality","meta":{"lastUpdated":"2016-06-06T20:14:04.181+00:00"},"name":"AllergyIntoleranceCriticality","publisher":"HL7 (FHIR Project)","resourceType":"CodeSystem","status":"draft","text":{"div":"<div xmlns=\"http://www.w3.org/1999/xhtml\"><h2>AllergyIntoleranceCriticality</h2><p>Estimate of the potential clinical harm, or seriousness, of a reaction to an identified Substance.</p><p>This code system http://hl7.org/fhir/allergy-intolerance-criticality defines the following codes:</p><table class=\"codes\"><tr><td><b>Code</b></td><td><b>Display</b></td><td><b>Definition</b></td></tr><tr><td>low<a name=\"low\"> </a></td><td>Low Risk</td><td>Worst case result of a future exposure is not assessed to be life-threatening or having high potential for organ system failure.</td></tr><tr><td>high<a name=\"high\"> </a></td><td>High Risk</td><td>Worst case result of a future exposure is assessed to be life-threatening or having high potential for organ system failure.</td></tr><tr><td>unable-to-assess<a name=\"unable-to-assess\"> </a></td><td>Unable to Assess Risk</td><td>Unable to assess the worst case result of a future exposure.</td></tr></table></div>","status":"generated"},"url":"http://hl7.org/fhir/allergy-intolerance-criticality","valueSet":"http://hl7.org/fhir/ValueSet/allergy-intolerance-criticality","version":"1.4.0"}