{"caseSensitive":true,"concept":[{"code":"source","definition":"This structure describes an instance passed to the mapping engine that is used a source of data","display":"Source Structure Definition"},{"code":"queried","definition":"This structure describes an instance that the mapping engine may ask for that is used a source of data","display":"Queried Structure Definition"},{"code":"target","definition":"This structure describes an instance passed to the mapping engine that is used a target of data","display":"Target Structure Definition"},{"code":"produced","definition":"This structure describes an instance that the mapping engine may ask to create that is used a target of data","display":"Produced Structure Definition"}],"contact":[{"telecom":[{"system":"other","value":"http://hl7.org/fhir"},{"system":"email","value":"fhir@lists.hl7.org"}]}],"content":"complete","date":"2016-06-06T20:14:04+00:00","description":"How the referenced structure is used in this mapping","experimental":false,"extension":[{"url":"http://hl7.org/fhir/StructureDefinition/valueset-oid","valueUri":"urn:oid:2.16.840.1.113883.4.642.1.534"}],"id":"map-model-mode","meta":{"lastUpdated":"2016-06-06T20:14:04.181+00:00"},"name":"StructureMapModelMode","publisher":"HL7 (FHIR Project)","resourceType":"CodeSystem","status":"draft","text":{"div":"<div xmlns=\"http://www.w3.org/1999/xhtml\"><h2>StructureMapModelMode</h2><p>How the referenced structure is used in this mapping</p><p>This code system http://hl7.org/fhir/map-model-mode defines the following codes:</p><table class=\"codes\"><tr><td><b>Code</b></td><td><b>Display</b></td><td><b>Definition</b></td></tr><tr><td>source<a name=\"source\"> </a></td><td>Source Structure Definition</td><td>This structure describes an instance passed to the mapping engine that is used a source of data</td></tr><tr><td>queried<a name=\"queried\"> </a></td><td>Queried Structure Definition</td><td>This structure describes an instance that the mapping engine may ask for that is used a source of data</td></tr><tr><td>target<a name=\"target\"> </a></td><td>Target Structure Definition</td><td>This structure describes an instance passed to the mapping engine that is used a target of data</td></tr><tr><td>produced<a name=\"produced\"> </a></td><td>Produced Structure Definition</td><td>This structure describes an instance that the mapping engine may ask to create that is used a target of data</td></tr></table></div>","status":"generated"},"url":"http://hl7.org/fhir/map-model-mode","valueSet":"http://hl7.org/fhir/ValueSet/map-model-mode","version":"1.4.0"}