{
  "resourceType": "CodeSystem",
  "id": "consent-type",
  "meta": {
    "lastUpdated": "2016-06-06T20:14:04.181+00:00",
    "profile": [
      "http://hl7.org/fhir/StructureDefinition/codesystem-shareable-definition"
    ]
  },
  "text": {
    "status": "generated",
    "div": "<div xmlns=\"http://www.w3.org/1999/xhtml\"><h2>Consent Type Codes</h2><p>This value set includes sample Consent Type codes.</p><p><b>Copyright Statement:</b> This is an example set.</p><p>This code system http://hl7.org/fhir/consenttypecodes defines the following codes:</p><table class=\"codes\"><tr><td><b>Code</b></td><td><b>Display</b></td><td><b>Definition</b></td></tr><tr><td>Opt-In<a name=\"Opt-In\"> </a></td><td>Authorization with exceptions.</td><td/></tr><tr><td>Opt-Out<a name=\"Opt-Out\"> </a></td><td>Authorization refused with explicit exceptions.</td><td/></tr><tr><td>Consumer-Preferences<a name=\"Consumer-Preferences\"> </a></td><td>Privacy preferences of the consumer.</td><td/></tr></table></div>"
  },
  "extension": [
    {
      "url": "http://hl7.org/fhir/StructureDefinition/valueset-oid",
      "valueUri": "urn:oid:2.16.840.1.113883.4.642.1.899"
    }
  ],
  "url": "http://hl7.org/fhir/consenttypecodes",
  "version": "1.4.0",
  "name": "Consent Type Codes",
  "status": "draft",
  "experimental": true,
  "publisher": "CBCC",
  "contact": [
    {
      "telecom": [
        {
          "system": "other",
          "value": "http://hl7.org/fhir"
        }
      ]
    }
  ],
  "description": "This value set includes sample Consent Type codes.",
  "copyright": "This is an example set.",
  "caseSensitive": true,
  "valueSet": "http://hl7.org/fhir/ValueSet/consent-type",
  "content": "complete",
  "concept": [
    {
      "code": "Opt-In",
      "display": "Authorization with exceptions."
    },
    {
      "code": "Opt-Out",
      "display": "Authorization refused with explicit exceptions."
    },
    {
      "code": "Consumer-Preferences",
      "display": "Privacy preferences of the consumer."
    }
  ]
}