{"caseSensitive":true,"concept":[{"code":"contained","definition":"The reference is a local reference to a contained resource.","display":"Contained"},{"code":"referenced","concept":[{"code":"bundled","definition":"The resource the reference points to will be found in the same bundle as the resource that includes the reference.","display":"Bundled"}],"definition":"The reference to a resource that has to be resolved externally to the resource that includes the reference.","display":"Referenced"}],"contact":[{"telecom":[{"system":"other","value":"http://hl7.org/fhir"},{"system":"email","value":"fhir@lists.hl7.org"}]}],"content":"complete","date":"2016-06-06T20:14:04+00:00","description":"How resource references can be aggregated.","experimental":false,"extension":[{"url":"http://hl7.org/fhir/StructureDefinition/valueset-oid","valueUri":"urn:oid:2.16.840.1.113883.4.642.1.46"}],"id":"resource-aggregation-mode","meta":{"lastUpdated":"2016-06-06T20:14:04.181+00:00"},"name":"AggregationMode","publisher":"HL7 (FHIR Project)","resourceType":"CodeSystem","status":"draft","text":{"div":"<div xmlns=\"http://www.w3.org/1999/xhtml\"><h2>AggregationMode</h2><p>How resource references can be aggregated.</p><p>This code system http://hl7.org/fhir/resource-aggregation-mode defines the following codes:</p><table class=\"codes\"><tr><td><b>Lvl</b></td><td><b>Code</b></td><td><b>Display</b></td><td><b>Definition</b></td></tr><tr><td>1</td><td>contained<a name=\"contained\"> </a></td><td>Contained</td><td>The reference is a local reference to a contained resource.</td></tr><tr><td>1</td><td>referenced<a name=\"referenced\"> </a></td><td>Referenced</td><td>The reference to a resource that has to be resolved externally to the resource that includes the reference.</td></tr><tr><td>2</td><td>  bundled<a name=\"bundled\"> </a></td><td>Bundled</td><td>The resource the reference points to will be found in the same bundle as the resource that includes the reference.</td></tr></table></div>","status":"generated"},"url":"http://hl7.org/fhir/resource-aggregation-mode","valueSet":"http://hl7.org/fhir/ValueSet/resource-aggregation-mode","version":"1.4.0"}