{"caseSensitive":true,"concept":[{"code":"proposed","definition":"The request has been proposed.","display":"Proposed"},{"code":"draft","definition":"The request is in preliminary form prior to being sent.","display":"Draft"},{"code":"planned","definition":"The request has been planned.","display":"Planned"},{"code":"requested","definition":"The request has been placed.","display":"Requested"},{"code":"active","definition":"The request is 'actionable', but not all actions that are implied by it have occurred yet.","display":"Active"},{"code":"on-hold","definition":"Actions implied by the request have been temporarily halted, but are expected to continue later. May also be called \"suspended\".","display":"On-Hold"},{"code":"completed","definition":"All actions that are implied by the order have occurred and no continuation is planned (this will rarely be made explicit).","display":"Completed"},{"code":"cancelled","definition":"The request has been withdrawn and is no longer actionable.","display":"Cancelled"},{"code":"entered-in-error","definition":"The request was entered in error and voided.","display":"Entered in Error"}],"contact":[{"telecom":[{"system":"other","value":"http://hl7.org/fhir"},{"system":"email","value":"fhir@lists.hl7.org"}]}],"content":"complete","date":"2016-06-06T20:14:04+00:00","description":"Codes specifying the state of the request. Describes the lifecycle of the nutrition order.","experimental":false,"extension":[{"url":"http://hl7.org/fhir/StructureDefinition/valueset-oid","valueUri":"urn:oid:2.16.840.1.113883.4.642.1.204"}],"id":"nutrition-order-status","meta":{"lastUpdated":"2016-06-06T20:14:04.181+00:00"},"name":"NutritionOrderStatus","publisher":"HL7 (FHIR Project)","resourceType":"CodeSystem","status":"draft","text":{"div":"<div xmlns=\"http://www.w3.org/1999/xhtml\"><h2>NutritionOrderStatus</h2><p>Codes specifying the state of the request. Describes the lifecycle of the nutrition order.</p><p>This code system http://hl7.org/fhir/nutrition-order-status defines the following codes:</p><table class=\"codes\"><tr><td><b>Code</b></td><td><b>Display</b></td><td><b>Definition</b></td></tr><tr><td>proposed<a name=\"proposed\"> </a></td><td>Proposed</td><td>The request has been proposed.</td></tr><tr><td>draft<a name=\"draft\"> </a></td><td>Draft</td><td>The request is in preliminary form prior to being sent.</td></tr><tr><td>planned<a name=\"planned\"> </a></td><td>Planned</td><td>The request has been planned.</td></tr><tr><td>requested<a name=\"requested\"> </a></td><td>Requested</td><td>The request has been placed.</td></tr><tr><td>active<a name=\"active\"> </a></td><td>Active</td><td>The request is 'actionable', but not all actions that are implied by it have occurred yet.</td></tr><tr><td>on-hold<a name=\"on-hold\"> </a></td><td>On-Hold</td><td>Actions implied by the request have been temporarily halted, but are expected to continue later. May also be called &quot;suspended&quot;.</td></tr><tr><td>completed<a name=\"completed\"> </a></td><td>Completed</td><td>All actions that are implied by the order have occurred and no continuation is planned (this will rarely be made explicit).</td></tr><tr><td>cancelled<a name=\"cancelled\"> </a></td><td>Cancelled</td><td>The request has been withdrawn and is no longer actionable.</td></tr><tr><td>entered-in-error<a name=\"entered-in-error\"> </a></td><td>Entered in Error</td><td>The request was entered in error and voided.</td></tr></table></div>","status":"generated"},"url":"http://hl7.org/fhir/nutrition-order-status","valueSet":"http://hl7.org/fhir/ValueSet/nutrition-order-status","version":"1.4.0"}