{"caseSensitive":true,"concept":[{"code":"2057","definition":"The method of determining body length or height where it is guessed at by the health care provider","display":"Height, estimated by provider"},{"code":"2058","definition":"A method of determining body length or height by utilizing a device to measure it.","display":"Height, measured"},{"code":"2061","definition":"A method of determining body length or height by using a growth percentile chart","display":"Height, percentile"},{"code":"2063","definition":"The body length or height was given verbally rather than measured.","display":"Height, stated (reported)"},{"code":"521363688","definition":"A device for measuring body length or height.  Usually constructed of a ruler and a sliding headpiece that, when placed on an individual's head will give a reading of the body length or height.","display":"Stadiometer"}],"contact":[{"telecom":[{"system":"other","value":"http://healthcaresoa.org"}]}],"content":"complete","copyright":"Intermountain Healthcare","date":"2015-05-18T18:00:00-06:00","description":"The set of codes that describe the methods or devices used to measure an individual's height.","experimental":true,"extension":[{"url":"http://hl7.org/fhir/StructureDefinition/valueset-oid","valueUri":"urn:oid:2.16.840.1.113883.4.642.1.689"}],"id":"hspc-observation-heightMeasMethodDevice","meta":{"lastUpdated":"2016-06-06T20:14:04.181+00:00","profile":["http://hl7.org/fhir/StructureDefinition/codesystem-shareable-definition"]},"name":"HSPC Height Meas Method Device","publisher":"HSPC","resourceType":"CodeSystem","status":"draft","text":{"div":"<div xmlns=\"http://www.w3.org/1999/xhtml\"><h2>HSPC Height Meas Method Device</h2><p>The set of codes that describe the methods or devices used to measure an individual's height.</p><p><b>Copyright Statement:</b> Intermountain Healthcare</p><p>This code system http://hl7,org/fhir/valueset-observation-heightMeasMethodDevice defines the following codes:</p><table class=\"codes\"><tr><td><b>Code</b></td><td><b>Display</b></td><td><b>Definition</b></td></tr><tr><td>2057<a name=\"2057\"> </a></td><td>Height, estimated by provider</td><td>The method of determining body length or height where it is guessed at by the health care provider</td></tr><tr><td>2058<a name=\"2058\"> </a></td><td>Height, measured</td><td>A method of determining body length or height by utilizing a device to measure it.</td></tr><tr><td>2061<a name=\"2061\"> </a></td><td>Height, percentile</td><td>A method of determining body length or height by using a growth percentile chart</td></tr><tr><td>2063<a name=\"2063\"> </a></td><td>Height, stated (reported)</td><td>The body length or height was given verbally rather than measured.</td></tr><tr><td>521363688<a name=\"521363688\"> </a></td><td>Stadiometer</td><td>A device for measuring body length or height.  Usually constructed of a ruler and a sliding headpiece that, when placed on an individual's head will give a reading of the body length or height.</td></tr></table></div>","status":"generated"},"url":"http://hl7,org/fhir/valueset-observation-heightMeasMethodDevice","valueSet":"http://hl7.org/fhir/ValueSet/hspc-observation-heightMeasMethodDevice","version":"0.01"}