{"caseSensitive":true,"concept":[{"code":"type","concept":[{"code":"normal","definition":"Based on 95th percentile for the relevant control population.","display":"Normal Range"},{"code":"recommended","definition":"The range that is recommended by a relevant professional body.","display":"Recommended Range"},{"code":"treatment","definition":"The range at which treatment would/should be considered.","display":"Treatment Range"},{"code":"therapeutic","concept":[{"code":"pre","definition":"The optimal range for best therapeutic outcomes for a specimen taken immediately before administration.","display":"Pre Therapeutic Desired Level"},{"code":"post","definition":"The optimal range for best therapeutic outcomes for a specimen taken immediately after administration.","display":"Post Therapeutic Desired Level"}],"definition":"The optimal range for best therapeutic outcomes.","display":"Therapeutic Desired Level"}],"definition":"General types of reference range.","display":"Type","property":[{"code":"abstract","valueBoolean":true}]},{"code":"endocrine","concept":[{"code":"pre-puberty","definition":"An expected range in an individual prior to puberty.","display":"Pre-Puberty"},{"code":"follicular","definition":"An expected range in an individual during the follicular stage of the cycle.","display":"Follicular Stage"},{"code":"midcycle","definition":"An expected range in an individual during the follicular stage of the cycle.","display":"MidCycle"},{"code":"luteal","definition":"An expected range in an individual during the luteal stage of the cycle.","display":"Luteal"},{"code":"postmeopausal","definition":"An expected range in an individual post-menopause.","display":"Post-Menopause"}],"definition":"Endocrine related states that change the expected value.","display":"Endocrine","property":[{"code":"abstract","valueBoolean":true}]}],"contact":[{"telecom":[{"system":"other","value":"http://hl7.org/fhir"}]}],"content":"complete","copyright":"This value set includes content from SNOMED CT, which is copyright © 2002+ International Health Terminology Standards Development Organisation (IHTSDO), and distributed by agreement between IHTSDO and HL7. Implementer use of SNOMED CT is not covered by this agreement.","description":"This value set defines a set of codes that can be used to indicate the meaning/use of a reference range.","experimental":true,"extension":[{"url":"http://hl7.org/fhir/StructureDefinition/valueset-oid","valueUri":"urn:oid:2.16.840.1.113883.4.642.1.217"}],"id":"referencerange-meaning","meta":{"lastUpdated":"2016-06-06T20:14:04.181+00:00","profile":["http://hl7.org/fhir/StructureDefinition/codesystem-shareable-definition"]},"name":"Observation Reference Range Meaning Codes","property":[{"code":"abstract","description":"True if an element is considered 'abstract' - that is the code is not for use as a real concept","type":"boolean"}],"publisher":"FHIR Project team","resourceType":"CodeSystem","status":"draft","text":{"div":"<div xmlns=\"http://www.w3.org/1999/xhtml\"><h2>Observation Reference Range Meaning Codes</h2><p>This value set defines a set of codes that can be used to indicate the meaning/use of a reference range.</p><p><b>Copyright Statement:</b> This value set includes content from SNOMED CT, which is copyright © 2002+ International Health Terminology Standards Development Organisation (IHTSDO), and distributed by agreement between IHTSDO and HL7. Implementer use of SNOMED CT is not covered by this agreement.</p><p>This code system http://hl7.org/fhir/referencerange-meaning defines the following codes:</p><table class=\"codes\"><tr><td><b>Lvl</b></td><td><b>Code</b></td><td><b>Display</b></td><td><b>Definition</b></td></tr><tr><td>1</td><td>type<a name=\"type\"> </a></td><td>Type</td><td>General types of reference range.</td></tr><tr><td>2</td><td>  normal<a name=\"normal\"> </a></td><td>Normal Range</td><td>Based on 95th percentile for the relevant control population.</td></tr><tr><td>2</td><td>  recommended<a name=\"recommended\"> </a></td><td>Recommended Range</td><td>The range that is recommended by a relevant professional body.</td></tr><tr><td>2</td><td>  treatment<a name=\"treatment\"> </a></td><td>Treatment Range</td><td>The range at which treatment would/should be considered.</td></tr><tr><td>2</td><td>  therapeutic<a name=\"therapeutic\"> </a></td><td>Therapeutic Desired Level</td><td>The optimal range for best therapeutic outcomes.</td></tr><tr><td>3</td><td>    pre<a name=\"pre\"> </a></td><td>Pre Therapeutic Desired Level</td><td>The optimal range for best therapeutic outcomes for a specimen taken immediately before administration.</td></tr><tr><td>3</td><td>    post<a name=\"post\"> </a></td><td>Post Therapeutic Desired Level</td><td>The optimal range for best therapeutic outcomes for a specimen taken immediately after administration.</td></tr><tr><td>1</td><td>endocrine<a name=\"endocrine\"> </a></td><td>Endocrine</td><td>Endocrine related states that change the expected value.</td></tr><tr><td>2</td><td>  pre-puberty<a name=\"pre-puberty\"> </a></td><td>Pre-Puberty</td><td>An expected range in an individual prior to puberty.</td></tr><tr><td>2</td><td>  follicular<a name=\"follicular\"> </a></td><td>Follicular Stage</td><td>An expected range in an individual during the follicular stage of the cycle.</td></tr><tr><td>2</td><td>  midcycle<a name=\"midcycle\"> </a></td><td>MidCycle</td><td>An expected range in an individual during the follicular stage of the cycle.</td></tr><tr><td>2</td><td>  luteal<a name=\"luteal\"> </a></td><td>Luteal</td><td>An expected range in an individual during the luteal stage of the cycle.</td></tr><tr><td>2</td><td>  postmeopausal<a name=\"postmeopausal\"> </a></td><td>Post-Menopause</td><td>An expected range in an individual post-menopause.</td></tr></table></div>","status":"generated"},"url":"http://hl7.org/fhir/referencerange-meaning","valueSet":"http://hl7.org/fhir/ValueSet/referencerange-meaning","version":"1.4.0"}