{
  "resourceType": "CodeSystem",
  "id": "ruleset",
  "meta": {
    "lastUpdated": "2016-06-06T20:14:04.181+00:00",
    "profile": [
      "http://hl7.org/fhir/StructureDefinition/codesystem-shareable-definition"
    ]
  },
  "text": {
    "status": "generated",
    "div": "<div xmlns=\"http://www.w3.org/1999/xhtml\"><h2>Ruleset Codes</h2><p>This value set includes sample ruleset codes.</p><p><b>Copyright Statement:</b> This is an example set.</p><p>This code system http://hl7.org/fhir/ruleset defines the following codes:</p><table class=\"codes\"><tr><td><b>Code</b></td><td><b>Definition</b></td></tr><tr><td>x12-4010<a name=\"x12-4010\"> </a></td><td/></tr><tr><td>x12-5010<a name=\"x12-5010\"> </a></td><td/></tr><tr><td>x12-7010<a name=\"x12-7010\"> </a></td><td/></tr><tr><td>cdanet-v2<a name=\"cdanet-v2\"> </a></td><td/></tr><tr><td>cdanet-v4<a name=\"cdanet-v4\"> </a></td><td/></tr><tr><td>cpha-3<a name=\"cpha-3\"> </a></td><td/></tr></table></div>"
  },
  "extension": [
    {
      "url": "http://hl7.org/fhir/StructureDefinition/valueset-oid",
      "valueUri": "urn:oid:2.16.840.1.113883.4.642.1.20"
    }
  ],
  "url": "http://hl7.org/fhir/ruleset",
  "version": "1.4.0",
  "name": "Ruleset Codes",
  "status": "draft",
  "experimental": true,
  "publisher": "Financial Management",
  "contact": [
    {
      "telecom": [
        {
          "system": "other",
          "value": "http://hl7.org/fhir"
        }
      ]
    }
  ],
  "description": "This value set includes sample ruleset codes.",
  "copyright": "This is an example set.",
  "caseSensitive": true,
  "valueSet": "http://hl7.org/fhir/ValueSet/ruleset",
  "content": "complete",
  "concept": [
    {
      "code": "x12-4010"
    },
    {
      "code": "x12-5010"
    },
    {
      "code": "x12-7010"
    },
    {
      "code": "cdanet-v2"
    },
    {
      "code": "cdanet-v4"
    },
    {
      "code": "cpha-3"
    }
  ]
}