{"caseSensitive":true,"concept":[{"code":"proposed","definition":"The request has been proposed.","display":"Proposed"},{"code":"draft","definition":"The request is in preliminary form, prior to being requested.","display":"Draft"},{"code":"requested","definition":"The request has been placed.","display":"Requested"},{"code":"received","definition":"The receiving system has received the request but not yet decided whether it will be performed.","display":"Received"},{"code":"accepted","definition":"The receiving system has accepted the request, but work has not yet commenced.","display":"Accepted"},{"code":"in-progress","definition":"The work to fulfill the request is happening.","display":"In Progress"},{"code":"completed","definition":"The work has been completed, the report(s) released, and no further work is planned.","display":"Completed"},{"code":"suspended","definition":"The request has been held by originating system/user request.","display":"Suspended"},{"code":"rejected","definition":"The receiving system has declined to fulfill the request.","display":"Rejected"},{"code":"aborted","definition":"The request was attempted, but due to some procedural error, it could not be completed.","display":"Aborted"}],"contact":[{"telecom":[{"system":"other","value":"http://hl7.org/fhir"},{"system":"email","value":"fhir@lists.hl7.org"}]}],"content":"complete","date":"2016-06-06T20:14:04+00:00","description":"The status of the request.","experimental":false,"extension":[{"url":"http://hl7.org/fhir/StructureDefinition/valueset-oid","valueUri":"urn:oid:2.16.840.1.113883.4.642.1.242"}],"id":"procedure-request-status","meta":{"lastUpdated":"2016-06-06T20:14:04.181+00:00"},"name":"ProcedureRequestStatus","publisher":"HL7 (FHIR Project)","resourceType":"CodeSystem","status":"draft","text":{"div":"<div xmlns=\"http://www.w3.org/1999/xhtml\"><h2>ProcedureRequestStatus</h2><p>The status of the request.</p><p>This code system http://hl7.org/fhir/procedure-request-status defines the following codes:</p><table class=\"codes\"><tr><td><b>Code</b></td><td><b>Display</b></td><td><b>Definition</b></td></tr><tr><td>proposed<a name=\"proposed\"> </a></td><td>Proposed</td><td>The request has been proposed.</td></tr><tr><td>draft<a name=\"draft\"> </a></td><td>Draft</td><td>The request is in preliminary form, prior to being requested.</td></tr><tr><td>requested<a name=\"requested\"> </a></td><td>Requested</td><td>The request has been placed.</td></tr><tr><td>received<a name=\"received\"> </a></td><td>Received</td><td>The receiving system has received the request but not yet decided whether it will be performed.</td></tr><tr><td>accepted<a name=\"accepted\"> </a></td><td>Accepted</td><td>The receiving system has accepted the request, but work has not yet commenced.</td></tr><tr><td>in-progress<a name=\"in-progress\"> </a></td><td>In Progress</td><td>The work to fulfill the request is happening.</td></tr><tr><td>completed<a name=\"completed\"> </a></td><td>Completed</td><td>The work has been completed, the report(s) released, and no further work is planned.</td></tr><tr><td>suspended<a name=\"suspended\"> </a></td><td>Suspended</td><td>The request has been held by originating system/user request.</td></tr><tr><td>rejected<a name=\"rejected\"> </a></td><td>Rejected</td><td>The receiving system has declined to fulfill the request.</td></tr><tr><td>aborted<a name=\"aborted\"> </a></td><td>Aborted</td><td>The request was attempted, but due to some procedural error, it could not be completed.</td></tr></table></div>","status":"generated"},"url":"http://hl7.org/fhir/procedure-request-status","valueSet":"http://hl7.org/fhir/ValueSet/procedure-request-status","version":"1.4.0"}