{
  "resourceType": "CodeSystem",
  "id": "observation-category",
  "meta": {
    "lastUpdated": "2016-06-06T20:14:04.181+00:00",
    "profile": [
      "http://hl7.org/fhir/StructureDefinition/codesystem-shareable-definition"
    ]
  },
  "text": {
    "status": "generated",
    "div": "<div xmlns=\"http://www.w3.org/1999/xhtml\"><h2>Observation Category Codes</h2><p>Observation Category codes.</p><p>This code system http://hl7.org/fhir/observation-category defines the following codes:</p><table class=\"codes\"><tr><td><b>Code</b></td><td><b>Display</b></td><td><b>Definition</b></td></tr><tr><td>social-history<a name=\"social-history\"> </a></td><td>Social History</td><td>The Social History Observations define the patient's occupational, personal (e.g. lifestyle), social, and environmental history and health risk factors, as well as administrative data such as marital status, race, ethnicity and religious affiliation.</td></tr><tr><td>vital-signs<a name=\"vital-signs\"> </a></td><td>Vital Signs</td><td> Clinical observations measure the body's basic functions such as such as blood pressure, heart rate, respiratory rate, height, weight, body mass index, head circumference, pulse oximetry, temperature, and body surface area.</td></tr><tr><td>imaging<a name=\"imaging\"> </a></td><td>Imaging</td><td>Observations generated by imaging. The scope includes observations, plain x-ray, ultrasound, CT, MRI, angiography, echocardiography, nuclear medicine.</td></tr><tr><td>laboratory<a name=\"laboratory\"> </a></td><td>Laboratory</td><td>The results of observations generated by laboratories.  Laboratory results are typically generated by laboratories providing analytic services in areas such as chemistry, hematology, serology, histology, cytology, anatomic pathology, microbiology, and/or virology. These observations are based on analysis of specimens obtained from the patient and submitted to the laboratory.</td></tr><tr><td>procedure<a name=\"procedure\"> </a></td><td>Procedure</td><td>Observations generated by other procedures.  This category includes observations resulting from interventional and non-interventional procedures excluding lab and imaging (e.g. cardiology catheterization, endoscopy, electrodiagnostics, etc.).  Procedure results are typically generated by a clinician to provide more granular information about component observations made during a procedure, such as where a gastroenterologist reports the size of a polyp observed during a colonoscopy.</td></tr><tr><td>survey<a name=\"survey\"> </a></td><td>Survey</td><td>Assessment tool/survey instrument observations (e.g. Apgar Scores, Montreal Cognitive Assessment (MoCA))</td></tr><tr><td>exam<a name=\"exam\"> </a></td><td>Exam</td><td>Observations generated by physical exam findings including direct observations made by a clinician and use of simple instruments and the result of simple maneuvers performed directly on the patient's body.</td></tr><tr><td>therapy<a name=\"therapy\"> </a></td><td>Therapy</td><td>Observations generated by non-interventional treatment protocols (e.g. occupational, physical, radiation, nutritional and medication therapy)</td></tr></table></div>"
  },
  "extension": [
    {
      "url": "http://hl7.org/fhir/StructureDefinition/valueset-oid",
      "valueUri": "urn:oid:2.16.840.1.113883.4.642.1.222"
    }
  ],
  "url": "http://hl7.org/fhir/observation-category",
  "version": "1.4.0",
  "name": "Observation Category Codes",
  "status": "draft",
  "experimental": true,
  "publisher": "FHIR Project team",
  "contact": [
    {
      "telecom": [
        {
          "system": "other",
          "value": "http://hl7.org/fhir"
        }
      ]
    }
  ],
  "description": "Observation Category codes.",
  "caseSensitive": true,
  "valueSet": "http://hl7.org/fhir/ValueSet/observation-category",
  "content": "complete",
  "concept": [
    {
      "code": "social-history",
      "display": "Social History",
      "definition": "The Social History Observations define the patient's occupational, personal (e.g. lifestyle), social, and environmental history and health risk factors, as well as administrative data such as marital status, race, ethnicity and religious affiliation."
    },
    {
      "code": "vital-signs",
      "display": "Vital Signs",
      "definition": " Clinical observations measure the body's basic functions such as such as blood pressure, heart rate, respiratory rate, height, weight, body mass index, head circumference, pulse oximetry, temperature, and body surface area."
    },
    {
      "code": "imaging",
      "display": "Imaging",
      "definition": "Observations generated by imaging. The scope includes observations, plain x-ray, ultrasound, CT, MRI, angiography, echocardiography, nuclear medicine."
    },
    {
      "code": "laboratory",
      "display": "Laboratory",
      "definition": "The results of observations generated by laboratories.  Laboratory results are typically generated by laboratories providing analytic services in areas such as chemistry, hematology, serology, histology, cytology, anatomic pathology, microbiology, and/or virology. These observations are based on analysis of specimens obtained from the patient and submitted to the laboratory."
    },
    {
      "code": "procedure",
      "display": "Procedure",
      "definition": "Observations generated by other procedures.  This category includes observations resulting from interventional and non-interventional procedures excluding lab and imaging (e.g. cardiology catheterization, endoscopy, electrodiagnostics, etc.).  Procedure results are typically generated by a clinician to provide more granular information about component observations made during a procedure, such as where a gastroenterologist reports the size of a polyp observed during a colonoscopy."
    },
    {
      "code": "survey",
      "display": "Survey",
      "definition": "Assessment tool/survey instrument observations (e.g. Apgar Scores, Montreal Cognitive Assessment (MoCA))"
    },
    {
      "code": "exam",
      "display": "Exam",
      "definition": "Observations generated by physical exam findings including direct observations made by a clinician and use of simple instruments and the result of simple maneuvers performed directly on the patient's body."
    },
    {
      "code": "therapy",
      "display": "Therapy",
      "definition": "Observations generated by non-interventional treatment protocols (e.g. occupational, physical, radiation, nutritional and medication therapy)"
    }
  ]
}