{"caseSensitive":true,"concept":[{"code":"188","definition":"A name by which an individual previously identified by.","display":"Previous Name"},{"code":"191","definition":"The name by which an individual prefers to be known by.","display":"Preferred Name"},{"code":"812","definition":"The name by which an individual in known by professionally.","display":"Professional Name"}],"contact":[{"telecom":[{"system":"other","value":"http://healthcaresoa.org"}]}],"content":"complete","description":"The set of values that describe the manner an individual uses a name.","experimental":true,"extension":[{"url":"http://hl7.org/fhir/StructureDefinition/valueset-oid","valueUri":"urn:oid:2.16.840.1.113883.4.642.1.654"}],"id":"hspc-patient-PersonNameUse","meta":{"lastUpdated":"2016-06-06T20:14:04.181+00:00","profile":["http://hl7.org/fhir/StructureDefinition/codesystem-shareable-definition"]},"name":"HSPC Person Name Use value set","publisher":"HSPC","resourceType":"CodeSystem","status":"draft","text":{"div":"<div xmlns=\"http://www.w3.org/1999/xhtml\"><h2>HSPC Person Name Use value set</h2><p>The set of values that describe the manner an individual uses a name.</p><p>This code system http://hl7.org/fhir/patient-hspc-PersonNameUse defines the following codes:</p><table class=\"codes\"><tr><td><b>Code</b></td><td><b>Display</b></td><td><b>Definition</b></td></tr><tr><td>188<a name=\"188\"> </a></td><td>Previous Name</td><td>A name by which an individual previously identified by.</td></tr><tr><td>191<a name=\"191\"> </a></td><td>Preferred Name</td><td>The name by which an individual prefers to be known by.</td></tr><tr><td>812<a name=\"812\"> </a></td><td>Professional Name</td><td>The name by which an individual in known by professionally.</td></tr></table></div>","status":"generated"},"url":"http://hl7.org/fhir/patient-hspc-PersonNameUse","valueSet":"http://hl7.org/fhir/ValueSet/hspc-patient-PersonNameUse","version":"1.4.0"}