{"caseSensitive":true,"concept":[{"code":"first","definition":"when the target list is being assembled, the items for this rule go first. If more that one rule defines a first item (for a given instance of mapping) then this is an error","display":"First"},{"code":"share","definition":"the target instance is shared with the target instances generated by another rule (up to the first common n items, then create new ones)","display":"Share"},{"code":"last","definition":"when the target list is being assembled, the items for this rule go last. If more that one rule defines a last item (for a given instance of mapping) then this is an error","display":"Last"}],"contact":[{"telecom":[{"system":"other","value":"http://hl7.org/fhir"},{"system":"email","value":"fhir@lists.hl7.org"}]}],"content":"complete","date":"2016-06-06T20:14:04+00:00","description":"If field is a list, how to manage the list","experimental":false,"extension":[{"url":"http://hl7.org/fhir/StructureDefinition/valueset-oid","valueUri":"urn:oid:2.16.840.1.113883.4.642.1.538"}],"id":"map-list-mode","meta":{"lastUpdated":"2016-06-06T20:14:04.181+00:00"},"name":"StructureMapListMode","publisher":"HL7 (FHIR Project)","resourceType":"CodeSystem","status":"draft","text":{"div":"<div xmlns=\"http://www.w3.org/1999/xhtml\"><h2>StructureMapListMode</h2><p>If field is a list, how to manage the list</p><p>This code system http://hl7.org/fhir/map-list-mode defines the following codes:</p><table class=\"codes\"><tr><td><b>Code</b></td><td><b>Display</b></td><td><b>Definition</b></td></tr><tr><td>first<a name=\"first\"> </a></td><td>First</td><td>when the target list is being assembled, the items for this rule go first. If more that one rule defines a first item (for a given instance of mapping) then this is an error</td></tr><tr><td>share<a name=\"share\"> </a></td><td>Share</td><td>the target instance is shared with the target instances generated by another rule (up to the first common n items, then create new ones)</td></tr><tr><td>last<a name=\"last\"> </a></td><td>Last</td><td>when the target list is being assembled, the items for this rule go last. If more that one rule defines a last item (for a given instance of mapping) then this is an error</td></tr></table></div>","status":"generated"},"url":"http://hl7.org/fhir/map-list-mode","valueSet":"http://hl7.org/fhir/ValueSet/map-list-mode","version":"1.4.0"}