{"caseSensitive":true,"concept":[{"code":"must","definition":"An item with this behavior must be included in the items processed by the end user; the end user may not choose not to include this item","display":"Must"},{"code":"could","definition":"An item with this behavior may be included in the set of items processed by the end user","display":"Could"},{"code":"must-unless-documented","definition":"An item with this behavior must be included in the set of items processed by the end user, unless the end user provides documentation as to why the item was not included","display":"Must Unless Documented"}],"contact":[{"telecom":[{"system":"other","value":"http://hl7.org/fhir"},{"system":"email","value":"fhir@lists.hl7.org"}]}],"content":"complete","date":"2016-06-06T20:14:04+00:00","description":"Defines requiredness behavior for selecting an action or an action group","experimental":false,"extension":[{"url":"http://hl7.org/fhir/StructureDefinition/valueset-oid","valueUri":"urn:oid:2.16.840.1.113883.4.642.1.505"}],"id":"required-behavior","meta":{"lastUpdated":"2016-06-06T20:14:04.181+00:00"},"name":"OrderSetItemRequiredBehavior","publisher":"HL7 (FHIR Project)","resourceType":"CodeSystem","status":"draft","text":{"div":"<div xmlns=\"http://www.w3.org/1999/xhtml\"><h2>OrderSetItemRequiredBehavior</h2><p>Defines requiredness behavior for selecting an action or an action group</p><p>This code system http://hl7.org/fhir/required-behavior defines the following codes:</p><table class=\"codes\"><tr><td><b>Code</b></td><td><b>Display</b></td><td><b>Definition</b></td></tr><tr><td>must<a name=\"must\"> </a></td><td>Must</td><td>An item with this behavior must be included in the items processed by the end user; the end user may not choose not to include this item</td></tr><tr><td>could<a name=\"could\"> </a></td><td>Could</td><td>An item with this behavior may be included in the set of items processed by the end user</td></tr><tr><td>must-unless-documented<a name=\"must-unless-documented\"> </a></td><td>Must Unless Documented</td><td>An item with this behavior must be included in the set of items processed by the end user, unless the end user provides documentation as to why the item was not included</td></tr></table></div>","status":"generated"},"url":"http://hl7.org/fhir/required-behavior","valueSet":"http://hl7.org/fhir/ValueSet/required-behavior","version":"1.4.0"}