{
  "resourceType": "CodeSystem",
  "id": "cds-rule-trigger-type",
  "meta": {
    "lastUpdated": "2016-06-06T20:14:04.181+00:00"
  },
  "text": {
    "status": "generated",
    "div": "<div xmlns=\"http://www.w3.org/1999/xhtml\"><h2>DecisionSupportRuleTriggerType</h2><p>The type of trigger</p><p>This code system http://hl7.org/fhir/cds-rule-trigger-type defines the following codes:</p><table class=\"codes\"><tr><td><b>Code</b></td><td><b>Display</b></td><td><b>Definition</b></td></tr><tr><td>named-event<a name=\"named-event\"> </a></td><td>Named Event</td><td>The trigger occurs in response to a specific named event</td></tr><tr><td>periodic<a name=\"periodic\"> </a></td><td>Periodic</td><td>The trigger occurs at a specific time or periodically as described by a timing or schedule</td></tr><tr><td>data-added<a name=\"data-added\"> </a></td><td>Data Added</td><td>The trigger occurs whenever data of a particular type is added</td></tr><tr><td>data-modified<a name=\"data-modified\"> </a></td><td>Data Modified</td><td>The trigger occurs whenever data of a particular type is modified</td></tr><tr><td>data-removed<a name=\"data-removed\"> </a></td><td>Data Removed</td><td>The trigger occurs whenever data of a particular type is removed</td></tr><tr><td>data-accessed<a name=\"data-accessed\"> </a></td><td>Data Accessed</td><td>The trigger occurs whenever data of a particular type is accessed</td></tr><tr><td>data-access-ended<a name=\"data-access-ended\"> </a></td><td>Data Access Ended</td><td>The trigger occurs whenever access to data of a particular type is completed</td></tr></table></div>"
  },
  "extension": [
    {
      "url": "http://hl7.org/fhir/StructureDefinition/valueset-oid",
      "valueUri": "urn:oid:2.16.840.1.113883.4.642.1.498"
    }
  ],
  "url": "http://hl7.org/fhir/cds-rule-trigger-type",
  "version": "1.4.0",
  "name": "DecisionSupportRuleTriggerType",
  "status": "draft",
  "experimental": false,
  "publisher": "HL7 (FHIR Project)",
  "contact": [
    {
      "telecom": [
        {
          "system": "other",
          "value": "http://hl7.org/fhir"
        },
        {
          "system": "email",
          "value": "fhir@lists.hl7.org"
        }
      ]
    }
  ],
  "date": "2016-06-06T20:14:04+00:00",
  "description": "The type of trigger",
  "caseSensitive": true,
  "valueSet": "http://hl7.org/fhir/ValueSet/cds-rule-trigger-type",
  "content": "complete",
  "concept": [
    {
      "code": "named-event",
      "display": "Named Event",
      "definition": "The trigger occurs in response to a specific named event"
    },
    {
      "code": "periodic",
      "display": "Periodic",
      "definition": "The trigger occurs at a specific time or periodically as described by a timing or schedule"
    },
    {
      "code": "data-added",
      "display": "Data Added",
      "definition": "The trigger occurs whenever data of a particular type is added"
    },
    {
      "code": "data-modified",
      "display": "Data Modified",
      "definition": "The trigger occurs whenever data of a particular type is modified"
    },
    {
      "code": "data-removed",
      "display": "Data Removed",
      "definition": "The trigger occurs whenever data of a particular type is removed"
    },
    {
      "code": "data-accessed",
      "display": "Data Accessed",
      "definition": "The trigger occurs whenever data of a particular type is accessed"
    },
    {
      "code": "data-access-ended",
      "display": "Data Access Ended",
      "definition": "The trigger occurs whenever access to data of a particular type is completed"
    }
  ]
}