{"caseSensitive":true,"concept":[{"code":"incident","definition":"A safety incident, reaction, medication error, or other untoward medical event affecting a patient","display":"Incident"},{"code":"near-miss","definition":"A safety event that almost happened, but was noticed and prevented in time to prevent harm from occurring to the patient","display":"Near Miss"},{"code":"unsafe","definition":"Any unsafe condition that poses a elevated risk to patient safety","display":"Unsafe Condition"}],"contact":[{"telecom":[{"system":"other","value":"http://www.hl7.org/Special/committees/cqi"}]}],"content":"complete","description":"Value Set for QICore Adverse Event Type Codes (Preferred)","experimental":true,"extension":[{"url":"http://hl7.org/fhir/StructureDefinition/valueset-oid","valueUri":"urn:oid:2.16.840.1.113883.4.642.1.615"}],"id":"qicore-adverseevent-type","meta":{"lastUpdated":"2016-06-06T20:14:04.181+00:00","profile":["http://hl7.org/fhir/StructureDefinition/codesystem-shareable-definition"]},"name":"QICore Adverse Event Type Codes","publisher":"HL7 Clinical Quality Information (CQI) Work Group","resourceType":"CodeSystem","status":"draft","text":{"div":"<div xmlns=\"http://www.w3.org/1999/xhtml\"><h2>QICore Adverse Event Type Codes</h2><p>Value Set for QICore Adverse Event Type Codes (Preferred)</p><p>This code system http://hl7.org/fhir/qicore-adverseevent-type defines the following codes:</p><table class=\"codes\"><tr><td><b>Code</b></td><td><b>Display</b></td><td><b>Definition</b></td></tr><tr><td>incident<a name=\"incident\"> </a></td><td>Incident</td><td>A safety incident, reaction, medication error, or other untoward medical event affecting a patient</td></tr><tr><td>near-miss<a name=\"near-miss\"> </a></td><td>Near Miss</td><td>A safety event that almost happened, but was noticed and prevented in time to prevent harm from occurring to the patient</td></tr><tr><td>unsafe<a name=\"unsafe\"> </a></td><td>Unsafe Condition</td><td>Any unsafe condition that poses a elevated risk to patient safety</td></tr></table></div>","status":"generated"},"url":"http://hl7.org/fhir/qicore-adverseevent-type","valueSet":"http://hl7.org/fhir/ValueSet/qicore-adverseevent-type","version":"1.4.0"}