{"caseSensitive":true,"concept":[{"code":"lxm","definition":"Date of last examination.","display":"Last Exam"},{"code":"sym","definition":"Date when symptoms were first noticed..","display":"Start of Symptoms"},{"code":"lmn","definition":"Start date of last menstruation.","display":"Last Menstruation"}],"contact":[{"telecom":[{"system":"other","value":"http://hl7.org/fhir"}]}],"content":"complete","copyright":"This is an example set.","description":"This value set includes example Onset Type (Reason) codes.","experimental":true,"extension":[{"url":"http://hl7.org/fhir/StructureDefinition/valueset-oid","valueUri":"urn:oid:2.16.840.1.113883.4.642.1.888"}],"id":"ex-onsettype","meta":{"lastUpdated":"2016-06-06T20:14:04.181+00:00","profile":["http://hl7.org/fhir/StructureDefinition/codesystem-shareable-definition"]},"name":"Example Onset Type (Reason) Codes","publisher":"Financial Management","resourceType":"CodeSystem","status":"draft","text":{"div":"<div xmlns=\"http://www.w3.org/1999/xhtml\"><h2>Example Onset Type (Reason) Codes</h2><p>This value set includes example Onset Type (Reason) codes.</p><p><b>Copyright Statement:</b> This is an example set.</p><p>This code system http://hl7.org/fhir/ex-onsettype defines the following codes:</p><table class=\"codes\"><tr><td><b>Code</b></td><td><b>Display</b></td><td><b>Definition</b></td></tr><tr><td>lxm<a name=\"lxm\"> </a></td><td>Last Exam</td><td>Date of last examination.</td></tr><tr><td>sym<a name=\"sym\"> </a></td><td>Start of Symptoms</td><td>Date when symptoms were first noticed..</td></tr><tr><td>lmn<a name=\"lmn\"> </a></td><td>Last Menstruation</td><td>Start date of last menstruation.</td></tr></table></div>","status":"generated"},"url":"http://hl7.org/fhir/ex-onsettype","valueSet":"http://hl7.org/fhir/ValueSet/ex-onsettype","version":"1.4.0"}