{"caseSensitive":true,"concept":[{"code":"1942","definition":"Occurred after the cardioversion procedure","display":"After cardioversion"},{"code":"1966","definition":"Occurred before the cardioversion procedure","display":"Before cardioversion"},{"code":"2029","definition":"Occurred during the cardioversion procedure","display":"During cardioversion"},{"code":"219101","definition":"Occurred at birth","display":"At birth"}],"content":"complete","copyright":"TBD","date":"2015-06-10T18:00:00-06:00","description":"SELECT SNOMED CT code system values descending from 'Qualifier value' (362981000).","experimental":true,"extension":[{"url":"http://hl7.org/fhir/StructureDefinition/valueset-oid","valueUri":"urn:oid:2.16.840.1.113883.4.642.1.713"}],"id":"hspc-vitalsignassociatedprecond","meta":{"lastUpdated":"2016-06-06T20:14:04.181+00:00","profile":["http://hl7.org/fhir/StructureDefinition/codesystem-shareable-definition"]},"name":"HSPC Vital Sign Associated Precondition","publisher":"Health Services Platform Consortium (HSPC)","resourceType":"CodeSystem","status":"draft","text":{"div":"<div xmlns=\"http://www.w3.org/1999/xhtml\"><h2>HSPC Vital Sign Associated Precondition</h2><p>SELECT SNOMED CT code system values descending from 'Qualifier value' (362981000).</p><p><b>Copyright Statement:</b> TBD</p><p>This code system http://hl7.org/fhir/hspc-vitalsignassociatedprecond defines the following codes:</p><table class=\"codes\"><tr><td><b>Code</b></td><td><b>Display</b></td><td><b>Definition</b></td></tr><tr><td>1942<a name=\"1942\"> </a></td><td>After cardioversion</td><td>Occurred after the cardioversion procedure</td></tr><tr><td>1966<a name=\"1966\"> </a></td><td>Before cardioversion</td><td>Occurred before the cardioversion procedure</td></tr><tr><td>2029<a name=\"2029\"> </a></td><td>During cardioversion</td><td>Occurred during the cardioversion procedure</td></tr><tr><td>219101<a name=\"219101\"> </a></td><td>At birth</td><td>Occurred at birth</td></tr></table></div>","status":"generated"},"url":"http://hl7.org/fhir/hspc-vitalsignassociatedprecond","valueSet":"http://hl7.org/fhir/ValueSet/hspc-vitalsignassociatedprecond","version":"0.01"}