{"caseSensitive":true,"concept":[{"code":"1","definition":"No result yet available.","display":"Registered"},{"code":"2","definition":"This is an initial or interim result: data may be missing or verification has not been performed.","display":"Interim"},{"code":"3","definition":"The result is complete and verified by the responsible radiologist.","display":"Final"},{"code":"4","definition":"The result has been modified subsequent to being Final, and is complete and verified by the radiologist.","display":"Amended"},{"code":"5","definition":"The result is not available because the examination was not started or completed.","display":"Cancelled/Aborted"}],"contact":[{"telecom":[{"system":"other","value":"http://hl7.org/fhir"},{"system":"email","value":"fhir@lists.hl7.org"}]}],"content":"complete","date":"2016-06-06T20:14:04+00:00","description":"Set of values for the imaging examination result status.","experimental":false,"extension":[{"url":"http://hl7.org/fhir/StructureDefinition/valueset-oid","valueUri":"urn:oid:2.16.840.1.113883.4.642.1.859"}],"id":"nehta-imaging-examination-result-stat","meta":{"lastUpdated":"2016-06-06T20:14:04.181+00:00"},"name":"ImagingExaminationResultStatusValues","publisher":"HL7 (FHIR Project)","resourceType":"CodeSystem","status":"draft","text":{"div":"<div xmlns=\"http://www.w3.org/1999/xhtml\"><h2>ImagingExaminationResultStatusValues</h2><p>Set of values for the imaging examination result status.</p><p>This code system http://hl7.org/fhir/imaging-examination-result-stat defines the following codes:</p><table class=\"codes\"><tr><td><b>Code</b></td><td><b>Display</b></td><td><b>Definition</b></td></tr><tr><td>1<a name=\"1\"> </a></td><td>Registered</td><td>No result yet available.</td></tr><tr><td>2<a name=\"2\"> </a></td><td>Interim</td><td>This is an initial or interim result: data may be missing or verification has not been performed.</td></tr><tr><td>3<a name=\"3\"> </a></td><td>Final</td><td>The result is complete and verified by the responsible radiologist.</td></tr><tr><td>4<a name=\"4\"> </a></td><td>Amended</td><td>The result has been modified subsequent to being Final, and is complete and verified by the radiologist.</td></tr><tr><td>5<a name=\"5\"> </a></td><td>Cancelled/Aborted</td><td>The result is not available because the examination was not started or completed.</td></tr></table></div>","status":"generated"},"url":"http://hl7.org/fhir/imaging-examination-result-stat","valueSet":"http://hl7.org/fhir/ValueSet/nehta-imaging-examination-result-stat","version":"1.4.0"}