{
  "resourceType": "CodeSystem",
  "id": "action-required-behavior",
  "meta": {
    "lastUpdated": "2016-06-06T20:14:04.181+00:00"
  },
  "text": {
    "status": "generated",
    "div": "<div xmlns=\"http://www.w3.org/1999/xhtml\"><h2>ActionRequiredBehavior</h2><p>Defines requiredness behavior for selecting an action or an action group</p><p>This code system http://hl7.org/fhir/action-required-behavior defines the following codes:</p><table class=\"codes\"><tr><td><b>Code</b></td><td><b>Display</b></td><td><b>Definition</b></td></tr><tr><td>must<a name=\"must\"> </a></td><td>Must</td><td>An action with this behavior must be included in the actions processed by the end user; the end user may not choose not to include this action</td></tr><tr><td>could<a name=\"could\"> </a></td><td>Could</td><td>An action with this behavior may be included in the set of actions processed by the end user</td></tr><tr><td>must-unless-documented<a name=\"must-unless-documented\"> </a></td><td>Must Unless Documented</td><td>An action with this behavior must be included in the set of actions processed by the end user, unless the end user provides documentation as to why the action was not included</td></tr></table></div>"
  },
  "extension": [
    {
      "url": "http://hl7.org/fhir/StructureDefinition/valueset-oid",
      "valueUri": "urn:oid:2.16.840.1.113883.4.642.1.517"
    }
  ],
  "url": "http://hl7.org/fhir/action-required-behavior",
  "version": "1.4.0",
  "name": "ActionRequiredBehavior",
  "status": "draft",
  "experimental": false,
  "publisher": "HL7 (FHIR Project)",
  "contact": [
    {
      "telecom": [
        {
          "system": "other",
          "value": "http://hl7.org/fhir"
        },
        {
          "system": "email",
          "value": "fhir@lists.hl7.org"
        }
      ]
    }
  ],
  "date": "2016-06-06T20:14:04+00:00",
  "description": "Defines requiredness behavior for selecting an action or an action group",
  "caseSensitive": true,
  "valueSet": "http://hl7.org/fhir/ValueSet/action-required-behavior",
  "content": "complete",
  "concept": [
    {
      "code": "must",
      "display": "Must",
      "definition": "An action with this behavior must be included in the actions processed by the end user; the end user may not choose not to include this action"
    },
    {
      "code": "could",
      "display": "Could",
      "definition": "An action with this behavior may be included in the set of actions processed by the end user"
    },
    {
      "code": "must-unless-documented",
      "display": "Must Unless Documented",
      "definition": "An action with this behavior must be included in the set of actions processed by the end user, unless the end user provides documentation as to why the action was not included"
    }
  ]
}