{"caseSensitive":true,"concept":[{"code":"in","definition":"Services rendered by a Network provider","display":"In Network"},{"code":"out","definition":"Services rendered by a provider who is not in the Network","display":"Out of Network"}],"contact":[{"telecom":[{"system":"other","value":"http://hl7.org/fhir"}]}],"content":"complete","copyright":"This is an example set.","description":"This value set includes a smattering of Network type codes.","experimental":true,"extension":[{"url":"http://hl7.org/fhir/StructureDefinition/valueset-oid","valueUri":"urn:oid:2.16.840.1.113883.4.642.1.484"}],"id":"benefit-network","meta":{"lastUpdated":"2016-06-06T20:14:04.181+00:00","profile":["http://hl7.org/fhir/StructureDefinition/codesystem-shareable-definition"]},"name":"Network Type Codes","publisher":"Financial Management","resourceType":"CodeSystem","status":"draft","text":{"div":"<div xmlns=\"http://www.w3.org/1999/xhtml\"><h2>Network Type Codes</h2><p>This value set includes a smattering of Network type codes.</p><p><b>Copyright Statement:</b> This is an example set.</p><p>This code system http://hl7.org/fhir/benefit-network defines the following codes:</p><table class=\"codes\"><tr><td><b>Code</b></td><td><b>Display</b></td><td><b>Definition</b></td></tr><tr><td>in<a name=\"in\"> </a></td><td>In Network</td><td>Services rendered by a Network provider</td></tr><tr><td>out<a name=\"out\"> </a></td><td>Out of Network</td><td>Services rendered by a provider who is not in the Network</td></tr></table></div>","status":"generated"},"url":"http://hl7.org/fhir/benefit-network","valueSet":"http://hl7.org/fhir/ValueSet/benefit-network","version":"1.4.0"}