{"caseSensitive":true,"concept":[{"code":"diet","definition":"Flags related to the subject's dietary needs.","display":"Diet"},{"code":"drug","definition":"Flags related to the patient's medications.","display":"Drug"},{"code":"lab","definition":"Flags related to performing laboratory tests and related processes (e.g. phlebotomy).","display":"Lab"},{"code":"admin","definition":"Flags related to administrative and financial processes.","display":"Administrative"},{"code":"contact","definition":"Flags related to coming into contact with the patient.","display":"Subject contact"}],"contact":[{"telecom":[{"system":"other","value":"http://www.hl7.org/Special/committees/patientcare"}]}],"content":"complete","description":"Example list of detail codes for flagged issues. (Not complete or necessarily appropriate.)","experimental":true,"extension":[{"url":"http://hl7.org/fhir/StructureDefinition/valueset-oid","valueUri":"urn:oid:2.16.840.1.113883.4.642.1.403"}],"id":"flag-category","meta":{"lastUpdated":"2016-06-06T20:14:04.181+00:00","profile":["http://hl7.org/fhir/StructureDefinition/codesystem-shareable-definition"]},"name":"Flag Category","publisher":"HL7 International - Patient Care WG","resourceType":"CodeSystem","status":"draft","text":{"div":"<div xmlns=\"http://www.w3.org/1999/xhtml\"><h2>Flag Category</h2><p>Example list of detail codes for flagged issues. (Not complete or necessarily appropriate.)</p><p>This code system http://hl7.org/fhir/flag-category defines the following codes:</p><table class=\"codes\"><tr><td><b>Code</b></td><td><b>Display</b></td><td><b>Definition</b></td></tr><tr><td>diet<a name=\"diet\"> </a></td><td>Diet</td><td>Flags related to the subject's dietary needs.</td></tr><tr><td>drug<a name=\"drug\"> </a></td><td>Drug</td><td>Flags related to the patient's medications.</td></tr><tr><td>lab<a name=\"lab\"> </a></td><td>Lab</td><td>Flags related to performing laboratory tests and related processes (e.g. phlebotomy).</td></tr><tr><td>admin<a name=\"admin\"> </a></td><td>Administrative</td><td>Flags related to administrative and financial processes.</td></tr><tr><td>contact<a name=\"contact\"> </a></td><td>Subject contact</td><td>Flags related to coming into contact with the patient.</td></tr></table></div>","status":"generated"},"url":"http://hl7.org/fhir/flag-category","valueSet":"http://hl7.org/fhir/ValueSet/flag-category","version":"1.4.0"}