{
  "resourceType": "CodeSystem",
  "id": "procedure-relationship-type",
  "meta": {
    "lastUpdated": "2016-06-06T20:14:04.181+00:00"
  },
  "text": {
    "status": "generated",
    "div": "<div xmlns=\"http://www.w3.org/1999/xhtml\"><h2>ProcedureRelationshipType</h2><p>The nature of the relationship with this procedure.</p><p>This code system http://hl7.org/fhir/procedure-relationship-type defines the following codes:</p><table class=\"codes\"><tr><td><b>Code</b></td><td><b>Display</b></td><td><b>Definition</b></td></tr><tr><td>caused-by<a name=\"caused-by\"> </a></td><td>Caused By</td><td>This procedure had to be performed because of the related one.</td></tr><tr><td>because-of<a name=\"because-of\"> </a></td><td>Because Of</td><td>This procedure caused the related one to be performed.</td></tr></table></div>"
  },
  "extension": [
    {
      "url": "http://hl7.org/fhir/StructureDefinition/valueset-oid",
      "valueUri": "urn:oid:2.16.840.1.113883.4.642.1.235"
    }
  ],
  "url": "http://hl7.org/fhir/procedure-relationship-type",
  "version": "1.4.0",
  "name": "ProcedureRelationshipType",
  "status": "draft",
  "experimental": false,
  "publisher": "HL7 (FHIR Project)",
  "contact": [
    {
      "telecom": [
        {
          "system": "other",
          "value": "http://hl7.org/fhir"
        },
        {
          "system": "email",
          "value": "fhir@lists.hl7.org"
        }
      ]
    }
  ],
  "date": "2016-06-06T20:14:04+00:00",
  "description": "The nature of the relationship with this procedure.",
  "caseSensitive": true,
  "valueSet": "http://hl7.org/fhir/ValueSet/procedure-relationship-type",
  "content": "complete",
  "concept": [
    {
      "code": "caused-by",
      "display": "Caused By",
      "definition": "This procedure had to be performed because of the related one."
    },
    {
      "code": "because-of",
      "display": "Because Of",
      "definition": "This procedure caused the related one to be performed."
    }
  ]
}