{
  "resourceType": "CodeSystem",
  "id": "dWebType",
  "meta": {
    "lastUpdated": "2016-06-06T20:14:04.181+00:00"
  },
  "text": {
    "status": "generated",
    "div": "<div xmlns=\"http://www.w3.org/1999/xhtml\"><h2>dWebType</h2><p>The type of DICOM web technology available</p><p>This code system http://hl7.org/fhir/dWebType defines the following codes:</p><table class=\"codes\"><tr><td><b>Code</b></td><td><b>Display</b></td><td><b>Definition</b></td></tr><tr><td>WADO-RS<a name=\"WADO-RS\"> </a></td><td>WADO-RS</td><td>Web Access to DICOM Persistent Objects - RESTful Services</td></tr><tr><td>WADO-URI<a name=\"WADO-URI\"> </a></td><td>WADO-URI</td><td>Web Access to DICOM Persistent Objects - URI</td></tr><tr><td>IID<a name=\"IID\"> </a></td><td>IID</td><td>IHE - Invoke Image Display Profile</td></tr><tr><td>WADO-WS<a name=\"WADO-WS\"> </a></td><td>WADO-WS</td><td>Web Access to DICOM Persistent Objects - Web Services</td></tr></table></div>"
  },
  "extension": [
    {
      "url": "http://hl7.org/fhir/StructureDefinition/valueset-oid",
      "valueUri": "urn:oid:2.16.840.1.113883.4.642.1.556"
    }
  ],
  "url": "http://hl7.org/fhir/dWebType",
  "version": "1.4.0",
  "name": "dWebType",
  "status": "draft",
  "experimental": false,
  "publisher": "HL7 (FHIR Project)",
  "contact": [
    {
      "telecom": [
        {
          "system": "other",
          "value": "http://hl7.org/fhir"
        },
        {
          "system": "email",
          "value": "fhir@lists.hl7.org"
        }
      ]
    }
  ],
  "date": "2016-06-06T20:14:04+00:00",
  "description": "The type of DICOM web technology available",
  "caseSensitive": true,
  "valueSet": "http://hl7.org/fhir/ValueSet/dWebType",
  "content": "complete",
  "concept": [
    {
      "code": "WADO-RS",
      "display": "WADO-RS",
      "definition": "Web Access to DICOM Persistent Objects - RESTful Services"
    },
    {
      "code": "WADO-URI",
      "display": "WADO-URI",
      "definition": "Web Access to DICOM Persistent Objects - URI"
    },
    {
      "code": "IID",
      "display": "IID",
      "definition": "IHE - Invoke Image Display Profile"
    },
    {
      "code": "WADO-WS",
      "display": "WADO-WS",
      "definition": "Web Access to DICOM Persistent Objects - Web Services"
    }
  ]
}