{"caseSensitive":true,"concept":[{"code":"amp","definition":"amplificaiton","display":"amplificaiton"},{"code":"del","definition":"deletion","display":"deletion"},{"code":"lof","definition":"loss of function","display":"loss of function"}],"contact":[{"telecom":[{"system":"other","value":"http://hl7.org/fhir"},{"system":"email","value":"fhir@lists.hl7.org"}]}],"content":"complete","date":"2016-06-06T20:14:04+00:00","description":"Copy Number Event","experimental":false,"extension":[{"url":"http://hl7.org/fhir/StructureDefinition/valueset-oid","valueUri":"urn:oid:2.16.840.1.113883.4.642.1.524"}],"id":"copy-number-event","meta":{"lastUpdated":"2016-06-06T20:14:04.181+00:00"},"name":"CopyNumberEvent","publisher":"HL7 (FHIR Project)","resourceType":"CodeSystem","status":"draft","text":{"div":"<div xmlns=\"http://www.w3.org/1999/xhtml\"><h2>CopyNumberEvent</h2><p>Copy Number Event</p><p>This code system http://hl7.org/fhir/copy-number-event defines the following codes:</p><table class=\"codes\"><tr><td><b>Code</b></td><td><b>Display</b></td><td><b>Definition</b></td></tr><tr><td>amp<a name=\"amp\"> </a></td><td>amplificaiton</td><td>amplificaiton</td></tr><tr><td>del<a name=\"del\"> </a></td><td>deletion</td><td>deletion</td></tr><tr><td>lof<a name=\"lof\"> </a></td><td>loss of function</td><td>loss of function</td></tr></table></div>","status":"generated"},"url":"http://hl7.org/fhir/copy-number-event","valueSet":"http://hl7.org/fhir/ValueSet/copy-number-event","version":"1.4.0"}