{
  "resourceType": "CodeSystem",
  "id": "account-status",
  "meta": {
    "lastUpdated": "2016-06-06T20:14:04.181+00:00"
  },
  "text": {
    "status": "generated",
    "div": "<div xmlns=\"http://www.w3.org/1999/xhtml\"><h2>AccountStatus</h2><p>Indicates whether the account is available to be used.</p><p>This code system http://hl7.org/fhir/account-status defines the following codes:</p><table class=\"codes\"><tr><td><b>Code</b></td><td><b>Display</b></td><td><b>Definition</b></td></tr><tr><td>active<a name=\"active\"> </a></td><td>Active</td><td>This account is active and may be used.</td></tr><tr><td>inactive<a name=\"inactive\"> </a></td><td>Inactive</td><td>This account is inactive and should not be used to track financial information.</td></tr></table></div>"
  },
  "extension": [
    {
      "url": "http://hl7.org/fhir/StructureDefinition/valueset-oid",
      "valueUri": "urn:oid:2.16.840.1.113883.4.642.1.362"
    }
  ],
  "url": "http://hl7.org/fhir/account-status",
  "version": "1.4.0",
  "name": "AccountStatus",
  "status": "draft",
  "experimental": false,
  "publisher": "HL7 (FHIR Project)",
  "contact": [
    {
      "telecom": [
        {
          "system": "other",
          "value": "http://hl7.org/fhir"
        },
        {
          "system": "email",
          "value": "fhir@lists.hl7.org"
        }
      ]
    }
  ],
  "date": "2016-06-06T20:14:04+00:00",
  "description": "Indicates whether the account is available to be used.",
  "caseSensitive": true,
  "valueSet": "http://hl7.org/fhir/ValueSet/account-status",
  "content": "complete",
  "concept": [
    {
      "code": "active",
      "display": "Active",
      "definition": "This account is active and may be used."
    },
    {
      "code": "inactive",
      "display": "Inactive",
      "definition": "This account is inactive and should not be used to track financial information."
    }
  ]
}