{
  "resourceType": "CodeSystem",
  "id": "constraint-severity",
  "meta": {
    "lastUpdated": "2016-06-06T20:14:04.181+00:00"
  },
  "text": {
    "status": "generated",
    "div": "<div xmlns=\"http://www.w3.org/1999/xhtml\"><h2>ConstraintSeverity</h2><p>SHALL applications comply with this constraint?</p><p>This code system http://hl7.org/fhir/constraint-severity defines the following codes:</p><table class=\"codes\"><tr><td><b>Code</b></td><td><b>Display</b></td><td><b>Definition</b></td></tr><tr><td>error<a name=\"error\"> </a></td><td>Error</td><td>If the constraint is violated, the resource is not conformant.</td></tr><tr><td>warning<a name=\"warning\"> </a></td><td>Warning</td><td>If the constraint is violated, the resource is conformant, but it is not necessarily following best practice.</td></tr></table></div>"
  },
  "extension": [
    {
      "url": "http://hl7.org/fhir/StructureDefinition/valueset-oid",
      "valueUri": "urn:oid:2.16.840.1.113883.4.642.1.44"
    }
  ],
  "url": "http://hl7.org/fhir/constraint-severity",
  "version": "1.4.0",
  "name": "ConstraintSeverity",
  "status": "draft",
  "experimental": false,
  "publisher": "HL7 (FHIR Project)",
  "contact": [
    {
      "telecom": [
        {
          "system": "other",
          "value": "http://hl7.org/fhir"
        },
        {
          "system": "email",
          "value": "fhir@lists.hl7.org"
        }
      ]
    }
  ],
  "date": "2016-06-06T20:14:04+00:00",
  "description": "SHALL applications comply with this constraint?",
  "caseSensitive": true,
  "valueSet": "http://hl7.org/fhir/ValueSet/constraint-severity",
  "content": "complete",
  "concept": [
    {
      "code": "error",
      "display": "Error",
      "definition": "If the constraint is violated, the resource is not conformant."
    },
    {
      "code": "warning",
      "display": "Warning",
      "definition": "If the constraint is violated, the resource is conformant, but it is not necessarily following best practice."
    }
  ]
}