{
  "resourceType": "CodeSystem",
  "id": "namingsystem-identifier-type",
  "meta": {
    "lastUpdated": "2016-06-06T20:14:04.181+00:00"
  },
  "text": {
    "status": "generated",
    "div": "<div xmlns=\"http://www.w3.org/1999/xhtml\"><h2>NamingSystemIdentifierType</h2><p>Identifies the style of unique identifier used to identify a namespace.</p><p>This code system http://hl7.org/fhir/namingsystem-identifier-type defines the following codes:</p><table class=\"codes\"><tr><td><b>Code</b></td><td><b>Display</b></td><td><b>Definition</b></td></tr><tr><td>oid<a name=\"oid\"> </a></td><td>OID</td><td>An ISO object identifier; e.g. 1.2.3.4.5.</td></tr><tr><td>uuid<a name=\"uuid\"> </a></td><td>UUID</td><td>A universally unique identifier of the form a5afddf4-e880-459b-876e-e4591b0acc11.</td></tr><tr><td>uri<a name=\"uri\"> </a></td><td>URI</td><td>A uniform resource identifier (ideally a URL - uniform resource locator); e.g. http://unitsofmeasure.org.</td></tr><tr><td>other<a name=\"other\"> </a></td><td>Other</td><td>Some other type of unique identifier; e.g. HL7-assigned reserved string such as LN for LOINC.</td></tr></table></div>"
  },
  "extension": [
    {
      "url": "http://hl7.org/fhir/StructureDefinition/valueset-oid",
      "valueUri": "urn:oid:2.16.840.1.113883.4.642.1.293"
    }
  ],
  "url": "http://hl7.org/fhir/namingsystem-identifier-type",
  "version": "1.4.0",
  "name": "NamingSystemIdentifierType",
  "status": "draft",
  "experimental": false,
  "publisher": "HL7 (FHIR Project)",
  "contact": [
    {
      "telecom": [
        {
          "system": "other",
          "value": "http://hl7.org/fhir"
        },
        {
          "system": "email",
          "value": "fhir@lists.hl7.org"
        }
      ]
    }
  ],
  "date": "2016-06-06T20:14:04+00:00",
  "description": "Identifies the style of unique identifier used to identify a namespace.",
  "caseSensitive": true,
  "valueSet": "http://hl7.org/fhir/ValueSet/namingsystem-identifier-type",
  "content": "complete",
  "concept": [
    {
      "code": "oid",
      "display": "OID",
      "definition": "An ISO object identifier; e.g. 1.2.3.4.5."
    },
    {
      "code": "uuid",
      "display": "UUID",
      "definition": "A universally unique identifier of the form a5afddf4-e880-459b-876e-e4591b0acc11."
    },
    {
      "code": "uri",
      "display": "URI",
      "definition": "A uniform resource identifier (ideally a URL - uniform resource locator); e.g. http://unitsofmeasure.org."
    },
    {
      "code": "other",
      "display": "Other",
      "definition": "Some other type of unique identifier; e.g. HL7-assigned reserved string such as LN for LOINC."
    }
  ]
}