{"caseSensitive":true,"concept":[{"code":"01","definition":"No information about taking any medication is known.","display":"None known"},{"code":"02","definition":"No information about taking any medication is available because the patient was not asked or not able to be asked.","display":"Not asked"},{"code":"03","definition":"No information about taking any medication is supplied.","display":"None supplied"}],"contact":[{"telecom":[{"system":"other","value":"http://hl7.org/fhir"},{"system":"email","value":"fhir@lists.hl7.org"}]}],"content":"complete","date":"2016-06-06T20:14:04+00:00","description":"The set of values for the statement about the absence or exclusion.","experimental":false,"extension":[{"url":"http://hl7.org/fhir/StructureDefinition/valueset-oid","valueUri":"urn:oid:2.16.840.1.113883.4.642.1.864"}],"id":"nehta-global-statement-values","meta":{"lastUpdated":"2016-06-06T20:14:04.181+00:00"},"name":"GlobalStatementValues","publisher":"HL7 (FHIR Project)","resourceType":"CodeSystem","status":"draft","text":{"div":"<div xmlns=\"http://www.w3.org/1999/xhtml\"><h2>GlobalStatementValues</h2><p>The set of values for the statement about the absence or exclusion.</p><p>This code system http://hl7.org/fhir/global-statement-values defines the following codes:</p><table class=\"codes\"><tr><td><b>Code</b></td><td><b>Display</b></td><td><b>Definition</b></td></tr><tr><td>01<a name=\"01\"> </a></td><td>None known</td><td>No information about taking any medication is known.</td></tr><tr><td>02<a name=\"02\"> </a></td><td>Not asked</td><td>No information about taking any medication is available because the patient was not asked or not able to be asked.</td></tr><tr><td>03<a name=\"03\"> </a></td><td>None supplied</td><td>No information about taking any medication is supplied.</td></tr></table></div>","status":"generated"},"url":"http://hl7.org/fhir/global-statement-values","valueSet":"http://hl7.org/fhir/ValueSet/nehta-global-statement-values","version":"1.4.0"}