{"caseSensitive":true,"concept":[{"code":"a001","definition":"Missing Identifier","display":"Missing Identifier"},{"code":"a002","definition":"Missing Creation Date","display":"Missing Creation Date"}],"contact":[{"telecom":[{"system":"other","value":"http://hl7.org/fhir"}]}],"content":"complete","copyright":"This is an example set.","description":"This value set includes a smattering of adjudication codes.","experimental":true,"extension":[{"url":"http://hl7.org/fhir/StructureDefinition/valueset-oid","valueUri":"urn:oid:2.16.840.1.113883.4.642.1.25"}],"id":"adjudication-error","meta":{"lastUpdated":"2016-06-06T20:14:04.181+00:00","profile":["http://hl7.org/fhir/StructureDefinition/codesystem-shareable-definition"]},"name":"Adjudication Error Codes","publisher":"Financial Management","resourceType":"CodeSystem","status":"draft","text":{"div":"<div xmlns=\"http://www.w3.org/1999/xhtml\"><h2>Adjudication Error Codes</h2><p>This value set includes a smattering of adjudication codes.</p><p><b>Copyright Statement:</b> This is an example set.</p><p>This code system http://hl7.org/fhir/adjudication-error defines the following codes:</p><table class=\"codes\"><tr><td><b>Code</b></td><td><b>Display</b></td><td><b>Definition</b></td></tr><tr><td>a001<a name=\"a001\"> </a></td><td>Missing Identifier</td><td>Missing Identifier</td></tr><tr><td>a002<a name=\"a002\"> </a></td><td>Missing Creation Date</td><td>Missing Creation Date</td></tr></table></div>","status":"generated"},"url":"http://hl7.org/fhir/adjudication-error","valueSet":"http://hl7.org/fhir/ValueSet/adjudication-error","version":"1.4.0"}