{
  "resourceType": "CodeSystem",
  "id": "reason-medication-given-codes",
  "meta": {
    "lastUpdated": "2016-06-06T20:14:04.181+00:00",
    "profile": [
      "http://hl7.org/fhir/StructureDefinition/codesystem-shareable-definition"
    ]
  },
  "text": {
    "status": "generated",
    "div": "<div xmlns=\"http://www.w3.org/1999/xhtml\"><h2>Reason Medication Given Codes</h2><p>This value set is provided as an exemplar. The value set to instantiate this attribute should be drawn from a terminologically robust code system that consists of or contains concepts to support the medication process.</p><p>This code system http://hl7.org/fhir/reason-medication-given defines the following codes:</p><table class=\"codes\"><tr><td><b>Code</b></td><td><b>Display</b></td><td><b>Definition</b></td></tr><tr><td>a<a name=\"a\"> </a></td><td>None</td><td>No reason known.</td></tr><tr><td>b<a name=\"b\"> </a></td><td>Given as Ordered</td><td>The administration was following an ordered protocol.</td></tr><tr><td>c<a name=\"c\"> </a></td><td>Emergency</td><td>The administration was needed to treat an emergency.</td></tr></table></div>"
  },
  "extension": [
    {
      "url": "http://hl7.org/fhir/StructureDefinition/valueset-oid",
      "valueUri": "urn:oid:2.16.840.1.113883.4.642.1.188"
    }
  ],
  "url": "http://hl7.org/fhir/reason-medication-given",
  "version": "1.4.0",
  "name": "Reason Medication Given Codes",
  "status": "draft",
  "experimental": true,
  "publisher": "FHIR Project team",
  "contact": [
    {
      "telecom": [
        {
          "system": "other",
          "value": "http://hl7.org/fhir"
        }
      ]
    }
  ],
  "description": "This value set is provided as an exemplar. The value set to instantiate this attribute should be drawn from a terminologically robust code system that consists of or contains concepts to support the medication process.",
  "caseSensitive": true,
  "valueSet": "http://hl7.org/fhir/ValueSet/reason-medication-given-codes",
  "content": "complete",
  "concept": [
    {
      "code": "a",
      "display": "None",
      "definition": "No reason known."
    },
    {
      "code": "b",
      "display": "Given as Ordered",
      "definition": "The administration was following an ordered protocol."
    },
    {
      "code": "c",
      "display": "Emergency",
      "definition": "The administration was needed to treat an emergency."
    }
  ]
}