{"caseSensitive":true,"concept":[{"code":"new_primary","definition":"The cancer is a new primary","display":"New primary"},{"code":"local_recurrence","definition":"The cancer is a regional (local) recurrence","display":"Regional (local) recurrence"},{"code":"distant_metastases","definition":"The cancer is a distant metastases","display":"Distant metastases"}],"contact":[{"telecom":[{"system":"other","value":"http://hl7.org/fhir"},{"system":"email","value":"fhir@lists.hl7.org"}]}],"content":"complete","date":"2015-06-11T09:01:03+03:00","description":"Indicates whether a new primary cancer or a regional recurrence or distant metastases.","experimental":true,"extension":[{"url":"http://hl7.org/fhir/StructureDefinition/valueset-oid","valueUri":"urn:oid:2.16.840.1.113883.4.642.1.781"}],"id":"nehta-nehta-cancer-primary-or-recurrence","meta":{"lastUpdated":"2016-06-06T20:14:04.181+00:00","profile":["http://hl7.org/fhir/StructureDefinition/codesystem-shareable-definition"]},"name":"NehtaCancerPrimaryOrRecurrence","publisher":"HL7 (FHIR Project)","resourceType":"CodeSystem","status":"draft","text":{"div":"<div xmlns=\"http://www.w3.org/1999/xhtml\"><h2>NehtaCancerPrimaryOrRecurrence</h2><p>Indicates whether a new primary cancer or a regional recurrence or distant metastases.</p><p>This code system http://hl7.org/fhir/nehta-cancer-primary-or-recurrence defines the following codes:</p><table class=\"codes\"><tr><td><b>Code</b></td><td><b>Display</b></td><td><b>Definition</b></td></tr><tr><td>new_primary<a name=\"new_primary\"> </a></td><td>New primary</td><td>The cancer is a new primary</td></tr><tr><td>local_recurrence<a name=\"local_recurrence\"> </a></td><td>Regional (local) recurrence</td><td>The cancer is a regional (local) recurrence</td></tr><tr><td>distant_metastases<a name=\"distant_metastases\"> </a></td><td>Distant metastases</td><td>The cancer is a distant metastases</td></tr></table></div>","status":"generated"},"url":"http://hl7.org/fhir/nehta-cancer-primary-or-recurrence","valueSet":"http://hl7.org/fhir/ValueSet/nehta-nehta-cancer-primary-or-recurrence","version":"20150619"}