{"caseSensitive":true,"concept":[{"code":"fax","definition":"Method of communication which uses telephone lines to send and receive printed documents between facsimile devices.","display":"fax"},{"code":"email","definition":"Electronic mail.","display":"email"},{"code":"phone","definition":"Telephone.","display":"phone"}],"contact":[{"telecom":[{"system":"other","value":"http://healthcaresoa.org"}]}],"content":"complete","description":"A set of values that describe the type of system the telecom value belongs to.","experimental":true,"extension":[{"url":"http://hl7.org/fhir/StructureDefinition/valueset-oid","valueUri":"urn:oid:2.16.840.1.113883.4.642.1.666"}],"id":"hspc-practitioner-telecomSystem","meta":{"lastUpdated":"2016-06-06T20:14:04.181+00:00","profile":["http://hl7.org/fhir/StructureDefinition/codesystem-shareable-definition"]},"name":"HSPC Telecom System","publisher":"HSPC","resourceType":"CodeSystem","status":"draft","text":{"div":"<div xmlns=\"http://www.w3.org/1999/xhtml\"><h2>HSPC Telecom System</h2><p>A set of values that describe the type of system the telecom value belongs to.</p><p>This code system http://hl7.org/fhir/practitioner-hspc-telecomSystem defines the following codes:</p><table class=\"codes\"><tr><td><b>Code</b></td><td><b>Display</b></td><td><b>Definition</b></td></tr><tr><td>fax<a name=\"fax\"> </a></td><td>fax</td><td>Method of communication which uses telephone lines to send and receive printed documents between facsimile devices.</td></tr><tr><td>email<a name=\"email\"> </a></td><td>email</td><td>Electronic mail.</td></tr><tr><td>phone<a name=\"phone\"> </a></td><td>phone</td><td>Telephone.</td></tr></table></div>","status":"generated"},"url":"http://hl7.org/fhir/practitioner-hspc-telecomSystem","valueSet":"http://hl7.org/fhir/ValueSet/hspc-practitioner-telecomSystem","version":"1.4.0"}