{"caseSensitive":true,"concept":[{"code":"current","definition":"This is the current reference for this document.","display":"Current"},{"code":"superseded","definition":"This reference has been superseded by another reference.","display":"Superseded"},{"code":"entered-in-error","definition":"This reference was created in error.","display":"Entered in Error"}],"content":"complete","description":"The status of the document reference.","experimental":false,"extension":[{"url":"http://hl7.org/fhir/StructureDefinition/valueset-oid","valueUri":"urn:oid:2.16.840.1.113883.4.642.1.4"}],"id":"document-reference-status","meta":{"lastUpdated":"2016-06-06T20:14:04.181+00:00"},"name":"DocumentReferenceStatus","resourceType":"CodeSystem","status":"draft","text":{"div":"<div xmlns=\"http://www.w3.org/1999/xhtml\"><h2>DocumentReferenceStatus</h2><p>The status of the document reference.</p><p>This code system http://hl7.org/fhir/document-reference-status defines the following codes:</p><table class=\"codes\"><tr><td><b>Code</b></td><td><b>Display</b></td><td><b>Definition</b></td></tr><tr><td>current<a name=\"current\"> </a></td><td>Current</td><td>This is the current reference for this document.</td></tr><tr><td>superseded<a name=\"superseded\"> </a></td><td>Superseded</td><td>This reference has been superseded by another reference.</td></tr><tr><td>entered-in-error<a name=\"entered-in-error\"> </a></td><td>Entered in Error</td><td>This reference was created in error.</td></tr></table></div>","status":"generated"},"url":"http://hl7.org/fhir/document-reference-status","valueSet":"http://hl7.org/fhir/ValueSet/document-reference-status","version":"1.4.0"}