{"caseSensitive":true,"concept":[{"code":"pending","definition":"The order is known, but no processing has occurred at this time","display":"Pending"},{"code":"review","definition":"The order is undergoing initial processing to determine whether it will be accepted (usually this involves human review)","display":"Review"},{"code":"rejected","definition":"The order was rejected because of a workflow/business logic reason","display":"Rejected"},{"code":"error","definition":"The order was unable to be processed because of a technical error (i.e. unexpected error)","display":"Error"},{"code":"accepted","definition":"The order has been accepted, and work is in progress.","display":"Accepted"},{"code":"cancelled","concept":[{"code":"replaced","definition":"The order has been cancelled and replaced by another.","display":"Replaced"}],"definition":"Processing the order was halted at the initiators request.","display":"Cancelled"},{"code":"aborted","definition":"Processing the order was stopped because of some workflow/business logic reason.","display":"Aborted"},{"code":"completed","definition":"The order has been completed.","display":"Completed"}],"contact":[{"telecom":[{"system":"other","value":"http://hl7.org/fhir"},{"system":"email","value":"fhir@lists.hl7.org"}]}],"content":"complete","date":"2016-06-06T20:14:04+00:00","description":"The status of the response to an order.","experimental":false,"extension":[{"url":"http://hl7.org/fhir/StructureDefinition/valueset-oid","valueUri":"urn:oid:2.16.840.1.113883.4.642.1.227"}],"id":"order-status","meta":{"lastUpdated":"2016-06-06T20:14:04.181+00:00"},"name":"OrderStatus","publisher":"HL7 (FHIR Project)","resourceType":"CodeSystem","status":"draft","text":{"div":"<div xmlns=\"http://www.w3.org/1999/xhtml\"><h2>OrderStatus</h2><p>The status of the response to an order.</p><p>This code system http://hl7.org/fhir/order-status defines the following codes:</p><table class=\"codes\"><tr><td><b>Lvl</b></td><td><b>Code</b></td><td><b>Display</b></td><td><b>Definition</b></td></tr><tr><td>1</td><td>pending<a name=\"pending\"> </a></td><td>Pending</td><td>The order is known, but no processing has occurred at this time</td></tr><tr><td>1</td><td>review<a name=\"review\"> </a></td><td>Review</td><td>The order is undergoing initial processing to determine whether it will be accepted (usually this involves human review)</td></tr><tr><td>1</td><td>rejected<a name=\"rejected\"> </a></td><td>Rejected</td><td>The order was rejected because of a workflow/business logic reason</td></tr><tr><td>1</td><td>error<a name=\"error\"> </a></td><td>Error</td><td>The order was unable to be processed because of a technical error (i.e. unexpected error)</td></tr><tr><td>1</td><td>accepted<a name=\"accepted\"> </a></td><td>Accepted</td><td>The order has been accepted, and work is in progress.</td></tr><tr><td>1</td><td>cancelled<a name=\"cancelled\"> </a></td><td>Cancelled</td><td>Processing the order was halted at the initiators request.</td></tr><tr><td>2</td><td>  replaced<a name=\"replaced\"> </a></td><td>Replaced</td><td>The order has been cancelled and replaced by another.</td></tr><tr><td>1</td><td>aborted<a name=\"aborted\"> </a></td><td>Aborted</td><td>Processing the order was stopped because of some workflow/business logic reason.</td></tr><tr><td>1</td><td>completed<a name=\"completed\"> </a></td><td>Completed</td><td>The order has been completed.</td></tr></table></div>","status":"generated"},"url":"http://hl7.org/fhir/order-status","valueSet":"http://hl7.org/fhir/ValueSet/order-status","version":"1.4.0"}