{"caseSensitive":true,"concept":[{"code":"up","definition":"top","display":"Up"},{"code":"down","definition":"bottom","display":"Down"},{"code":"in","definition":"inner edge","display":"In"},{"code":"out","definition":"outer edge","display":"Out"}],"contact":[{"telecom":[{"system":"other","value":"http://hl7.org/fhir"},{"system":"email","value":"fhir@lists.hl7.org"}]}],"content":"complete","date":"2016-06-06T20:14:04+00:00","description":"A coded concept listing the base codes.","experimental":false,"extension":[{"url":"http://hl7.org/fhir/StructureDefinition/valueset-oid","valueUri":"urn:oid:2.16.840.1.113883.4.642.1.345"}],"id":"vision-base-codes","meta":{"lastUpdated":"2016-06-06T20:14:04.181+00:00"},"name":"VisionBase","publisher":"HL7 (FHIR Project)","resourceType":"CodeSystem","status":"draft","text":{"div":"<div xmlns=\"http://www.w3.org/1999/xhtml\"><h2>VisionBase</h2><p>A coded concept listing the base codes.</p><p>This code system http://hl7.org/fhir/vision-base-codes defines the following codes:</p><table class=\"codes\"><tr><td><b>Code</b></td><td><b>Display</b></td><td><b>Definition</b></td></tr><tr><td>up<a name=\"up\"> </a></td><td>Up</td><td>top</td></tr><tr><td>down<a name=\"down\"> </a></td><td>Down</td><td>bottom</td></tr><tr><td>in<a name=\"in\"> </a></td><td>In</td><td>inner edge</td></tr><tr><td>out<a name=\"out\"> </a></td><td>Out</td><td>outer edge</td></tr></table></div>","status":"generated"},"url":"http://hl7.org/fhir/vision-base-codes","valueSet":"http://hl7.org/fhir/ValueSet/vision-base-codes","version":"1.4.0"}