{"contained":[{"description":"Type options for CommunicationRequest.sender","expansion":{"contains":[{"code":"Device","display":"Device","system":"http://hl7.org/fhir/resource-types"},{"code":"Organization","display":"Organization","system":"http://hl7.org/fhir/resource-types"},{"code":"Patient","display":"Patient","system":"http://hl7.org/fhir/resource-types"},{"code":"Practitioner","display":"Practitioner","system":"http://hl7.org/fhir/resource-types"},{"code":"RelatedPerson","display":"RelatedPerson","system":"http://hl7.org/fhir/resource-types"}],"identifier":"urn:uuid:8f63e604-df1f-4a7d-8617-fb99d0ca88ab","timestamp":"2016-06-06T20:20:38+00:00"},"id":"vs2","name":"Type options for CommunicationRequest.sender","resourceType":"ValueSet","status":"active"},{"description":"Type options for CommunicationRequest.recipient","expansion":{"contains":[{"code":"Device","display":"Device","system":"http://hl7.org/fhir/resource-types"},{"code":"Organization","display":"Organization","system":"http://hl7.org/fhir/resource-types"},{"code":"Patient","display":"Patient","system":"http://hl7.org/fhir/resource-types"},{"code":"Practitioner","display":"Practitioner","system":"http://hl7.org/fhir/resource-types"},{"code":"RelatedPerson","display":"RelatedPerson","system":"http://hl7.org/fhir/resource-types"},{"code":"Group","display":"Group","system":"http://hl7.org/fhir/resource-types"},{"code":"CareTeam","display":"CareTeam","system":"http://hl7.org/fhir/resource-types"}],"identifier":"urn:uuid:e436468c-81e1-49e2-b10a-95e1d0e383ee","timestamp":"2016-06-06T20:20:38+00:00"},"id":"vs3","name":"Type options for CommunicationRequest.recipient","resourceType":"ValueSet","status":"active"},{"description":"Type options for CommunicationRequest.payload.content[x]","expansion":{"contains":[{"code":"string","display":"string","system":"http://hl7.org/fhir/data-types"},{"code":"Attachment","display":"Attachment","system":"http://hl7.org/fhir/data-types"},{"code":"Resource","display":"Resource","system":"http://hl7.org/fhir/resource-types"}],"identifier":"urn:uuid:ddd182e3-c131-444b-8519-2d98e8461cbd","timestamp":"2016-06-06T20:20:38+00:00"},"id":"vs4","name":"Type options for CommunicationRequest.payload.content[x]","resourceType":"ValueSet","status":"active"},{"description":"Type options for CommunicationRequest.requester","expansion":{"contains":[{"code":"Practitioner","display":"Practitioner","system":"http://hl7.org/fhir/resource-types"},{"code":"Patient","display":"Patient","system":"http://hl7.org/fhir/resource-types"},{"code":"RelatedPerson","display":"RelatedPerson","system":"http://hl7.org/fhir/resource-types"}],"identifier":"urn:uuid:b9a4c45b-938b-4622-b305-33e4676f8b53","timestamp":"2016-06-06T20:20:38+00:00"},"id":"vs5","name":"Type options for CommunicationRequest.requester","resourceType":"ValueSet","status":"active"},{"description":"Type options for CommunicationRequest.scheduled[x]","expansion":{"contains":[{"code":"dateTime","display":"dateTime","system":"http://hl7.org/fhir/data-types"},{"code":"Period","display":"Period","system":"http://hl7.org/fhir/data-types"}],"identifier":"urn:uuid:8f6fb931-af93-48d3-b9b2-03faa72f1477","timestamp":"2016-06-06T20:20:38+00:00"},"id":"vs6","name":"Type options for CommunicationRequest.scheduled[x]","resourceType":"ValueSet","status":"active"}],"date":"2016-06-06T20:14:04+00:00","id":"qs1","identifier":[{"system":"urn:ietf:rfc:3986"}],"item":[{"item":[{"extension":[{"url":"http://hl7.org/fhir/StructureDefinition/questionnaire-itemControl","valueCodeableConcept":{"coding":[{"code":"flyover","display":"Fly-over","system":"http://hl7.org/fhir/questionnaire-item-control"}]}}],"text":"A request to convey information; e.g. the CDS system proposes that an alert be sent to a responsible provider, the CDS system proposes that the public health agency be notified about a reportable condition.","type":"display"},{"extension":[{"url":"http://hl7.org/fhir/StructureDefinition/questionnaire-maxOccurs","valueInteger":1},{"url":"http://hl7.org/fhir/StructureDefinition/questionnaire-fhirType","valueString":"string"}],"item":[{"extension":[{"url":"http://hl7.org/fhir/StructureDefinition/questionnaire-itemControl","valueCodeableConcept":{"coding":[{"code":"flyover","display":"Fly-over","system":"http://hl7.org/fhir/questionnaire-item-control"}]}}],"text":"The logical id of the resource, as used in the URL for the resource. Once assigned, this value never changes. The only time that a resource does not have an id is when it is being submitted to the server using a create operation. Bundles always have an id, though it is usually a generated UUID.","type":"display"},{"linkId":"CommunicationRequest.id.value","repeats":false,"required":false,"text":"Logical id of this artifact","type":"string"}],"linkId":"CommunicationRequest.id","repeats":true,"required":false,"type":"group"},{"extension":[{"url":"http://hl7.org/fhir/StructureDefinition/questionnaire-maxOccurs","valueInteger":1}],"item":[{"extension":[{"url":"http://hl7.org/fhir/StructureDefinition/questionnaire-itemControl","valueCodeableConcept":{"coding":[{"code":"flyover","display":"Fly-over","system":"http://hl7.org/fhir/questionnaire-item-control"}]}}],"text":"The metadata about the resource. This is content that is maintained by the infrastructure. Changes to the content may not always be associated with version changes to the resource.","type":"display"}],"linkId":"CommunicationRequest.meta","repeats":true,"required":false,"text":"Metadata about the resource","type":"group"},{"extension":[{"url":"http://hl7.org/fhir/StructureDefinition/questionnaire-maxOccurs","valueInteger":1},{"url":"http://hl7.org/fhir/StructureDefinition/questionnaire-fhirType","valueString":"uri"}],"item":[{"extension":[{"url":"http://hl7.org/fhir/StructureDefinition/questionnaire-itemControl","valueCodeableConcept":{"coding":[{"code":"flyover","display":"Fly-over","system":"http://hl7.org/fhir/questionnaire-item-control"}]}}],"text":"A reference to a set of rules that were followed when the resource was constructed, and which must be understood when processing the content. Asserting this rule set restricts the content to be only understood by a limited set of trading partners. This inherently limits the usefulness of the data in the long term. However, the existing health eco-system is highly fractured, and not yet ready to define, collect, and exchange data in a generally computable sense. Wherever possible, implementers and/or specification writers should avoid using this element as much as possible.","type":"display"},{"linkId":"CommunicationRequest.implicitRules.value","repeats":false,"required":false,"text":"A set of rules under which this content was created","type":"string"}],"linkId":"CommunicationRequest.implicitRules","repeats":true,"required":false,"type":"group"},{"extension":[{"url":"http://hl7.org/fhir/StructureDefinition/questionnaire-maxOccurs","valueInteger":1},{"url":"http://hl7.org/fhir/StructureDefinition/questionnaire-fhirType","valueString":"code"}],"item":[{"extension":[{"url":"http://hl7.org/fhir/StructureDefinition/questionnaire-itemControl","valueCodeableConcept":{"coding":[{"code":"flyover","display":"Fly-over","system":"http://hl7.org/fhir/questionnaire-item-control"}]}}],"text":"The base language in which the resource is written. Language is provided to support indexing and accessibility (typically, services such as text to speech use the language tag). The html language tag in the narrative applies  to the narrative. The language tag on the resource may be used to specify the language of other presentations generated from the data in the resource  Not all the content has to be in the base language. The Resource.language should not be assumed to apply to the narrative automatically. If a language is specified, it should it also be specified on the div element in the html (see rules in HTML5 for information about the relationship between xml:lang and the html lang attribute).","type":"display"},{"linkId":"CommunicationRequest.language.value","repeats":false,"required":false,"text":"language","type":"choice"}],"linkId":"CommunicationRequest.language","repeats":true,"required":false,"type":"group"},{"extension":[{"url":"http://hl7.org/fhir/StructureDefinition/questionnaire-maxOccurs","valueInteger":1}],"item":[{"extension":[{"url":"http://hl7.org/fhir/StructureDefinition/questionnaire-itemControl","valueCodeableConcept":{"coding":[{"code":"flyover","display":"Fly-over","system":"http://hl7.org/fhir/questionnaire-item-control"}]}}],"text":"A human-readable narrative that contains a summary of the resource, and may be used to represent the content of the resource to a human. The narrative need not encode all the structured data, but is required to contain sufficient detail to make it \"clinically safe\" for a human to just read the narrative. Resource definitions may define what content should be represented in the narrative to ensure clinical safety. Contained resources do not have narrative. Resources that are not contained SHOULD have a narrative.","type":"display"}],"linkId":"CommunicationRequest.text","repeats":true,"required":false,"text":"Text summary of the resource, for human interpretation","type":"group"},{"item":[{"extension":[{"url":"http://hl7.org/fhir/StructureDefinition/questionnaire-itemControl","valueCodeableConcept":{"coding":[{"code":"flyover","display":"Fly-over","system":"http://hl7.org/fhir/questionnaire-item-control"}]}}],"text":"These resources do not have an independent existence apart from the resource that contains them - they cannot be identified independently, and nor can they have their own independent transaction scope. This should never be done when the content can be identified properly, as once identification is lost, it is extremely difficult (and context dependent) to restore it again.","type":"display"}],"linkId":"CommunicationRequest.contained","repeats":true,"required":false,"text":"Contained, inline Resources","type":"group"},{"item":[{"extension":[{"url":"http://hl7.org/fhir/StructureDefinition/questionnaire-itemControl","valueCodeableConcept":{"coding":[{"code":"flyover","display":"Fly-over","system":"http://hl7.org/fhir/questionnaire-item-control"}]}}],"text":"May be used to represent additional information that is not part of the basic definition of the resource. In order to make the use of extensions safe and manageable, there is a strict set of governance  applied to the definition and use of extensions. Though any implementer is allowed to define an extension, there is a set of requirements that SHALL be met as part of the definition of the extension. There can be no stigma associated with the use of extensions by any application, project, or standard - regardless of the institution or jurisdiction that uses or defines the extensions.  The use of extensions is what allows the FHIR specification to retain a core level of simplicity for everyone.","type":"display"}],"linkId":"CommunicationRequest.extension","repeats":true,"required":false,"text":"Additional Content defined by implementations","type":"group"},{"item":[{"extension":[{"url":"http://hl7.org/fhir/StructureDefinition/questionnaire-itemControl","valueCodeableConcept":{"coding":[{"code":"flyover","display":"Fly-over","system":"http://hl7.org/fhir/questionnaire-item-control"}]}}],"text":"May be used to represent additional information that is not part of the basic definition of the resource, and that modifies the understanding of the element that contains it. Usually modifier elements provide negation or qualification. In order to make the use of extensions safe and manageable, there is a strict set of governance applied to the definition and use of extensions. Though any implementer is allowed to define an extension, there is a set of requirements that SHALL be met as part of the definition of the extension. Applications processing a resource are required to check for modifier extensions. There can be no stigma associated with the use of extensions by any application, project, or standard - regardless of the institution or jurisdiction that uses or defines the extensions.  The use of extensions is what allows the FHIR specification to retain a core level of simplicity for everyone.","type":"display"}],"linkId":"CommunicationRequest.modifierExtension","repeats":true,"required":false,"text":"Extensions that cannot be ignored","type":"group"},{"extension":[{"url":"http://hl7.org/fhir/StructureDefinition/questionnaire-fhirType","valueString":"Identifier"}],"item":[{"extension":[{"url":"http://hl7.org/fhir/StructureDefinition/questionnaire-itemControl","valueCodeableConcept":{"coding":[{"code":"flyover","display":"Fly-over","system":"http://hl7.org/fhir/questionnaire-item-control"}]}}],"text":"A unique ID of this request for reference purposes. It must be provided if user wants it returned as part of any output, otherwise it will be autogenerated, if needed, by CDS system. Does not need to be the actual ID of the source system.","type":"display"},{"linkId":"CommunicationRequest.identifier.label","repeats":false,"required":false,"text":"label:","type":"string"},{"linkId":"CommunicationRequest.identifier.system","repeats":false,"required":false,"text":"system:","type":"string"},{"linkId":"CommunicationRequest.identifier.value","repeats":false,"required":false,"text":"value:","type":"string"}],"linkId":"CommunicationRequest.identifier","repeats":true,"required":false,"text":"Unique identifier","type":"group"},{"extension":[{"url":"http://hl7.org/fhir/StructureDefinition/questionnaire-maxOccurs","valueInteger":1},{"url":"http://hl7.org/fhir/StructureDefinition/questionnaire-fhirType","valueString":"CodeableConcept"}],"item":[{"extension":[{"url":"http://hl7.org/fhir/StructureDefinition/questionnaire-itemControl","valueCodeableConcept":{"coding":[{"code":"flyover","display":"Fly-over","system":"http://hl7.org/fhir/questionnaire-item-control"}]}}],"text":"The type of message to be sent such as alert, notification, reminder, instruction, etc.","type":"display"},{"linkId":"CommunicationRequest.category.coding","repeats":false,"required":false,"text":"code:","type":"open-choice"},{"linkId":"CommunicationRequest.category.text","repeats":false,"required":false,"text":"text:","type":"string"}],"linkId":"CommunicationRequest.category","repeats":true,"required":false,"text":"Message category","type":"group"},{"extension":[{"url":"http://hl7.org/fhir/StructureDefinition/questionnaire-maxOccurs","valueInteger":1}],"item":[{"extension":[{"url":"http://hl7.org/fhir/StructureDefinition/questionnaire-itemControl","valueCodeableConcept":{"coding":[{"code":"flyover","display":"Fly-over","system":"http://hl7.org/fhir/questionnaire-item-control"}]}}],"text":"The entity (e.g. person, organization, clinical information system, or device) which is to be the source of the communication.","type":"display"},{"item":[{"extension":[{"url":"http://hl7.org/fhir/StructureDefinition/questionnaire-fhirType","valueString":"Reference"}],"item":[{"extension":[{"url":"http://hl7.org/fhir/StructureDefinition/questionnaire-allowedResource","valueCode":"Device"},{"url":"http://hl7.org/fhir/StructureDefinition/questionnaire-referenceFilter","valueString":"subject=$subj&patient=$subj&encounter=$encounter"}],"linkId":"CommunicationRequest.sender._Device.value","repeats":false,"required":false,"text":"Device","type":"reference"}],"linkId":"CommunicationRequest.sender._Device","type":"group"},{"extension":[{"url":"http://hl7.org/fhir/StructureDefinition/questionnaire-fhirType","valueString":"Reference"}],"item":[{"extension":[{"url":"http://hl7.org/fhir/StructureDefinition/questionnaire-allowedResource","valueCode":"Organization"},{"url":"http://hl7.org/fhir/StructureDefinition/questionnaire-referenceFilter","valueString":"subject=$subj&patient=$subj&encounter=$encounter"}],"linkId":"CommunicationRequest.sender._Organization.value","repeats":false,"required":false,"text":"Organization","type":"reference"}],"linkId":"CommunicationRequest.sender._Organization","type":"group"},{"extension":[{"url":"http://hl7.org/fhir/StructureDefinition/questionnaire-fhirType","valueString":"Reference"}],"item":[{"extension":[{"url":"http://hl7.org/fhir/StructureDefinition/questionnaire-allowedResource","valueCode":"Patient"},{"url":"http://hl7.org/fhir/StructureDefinition/questionnaire-referenceFilter","valueString":"subject=$subj&patient=$subj&encounter=$encounter"}],"linkId":"CommunicationRequest.sender._Patient.value","repeats":false,"required":false,"text":"Patient","type":"reference"}],"linkId":"CommunicationRequest.sender._Patient","type":"group"},{"extension":[{"url":"http://hl7.org/fhir/StructureDefinition/questionnaire-fhirType","valueString":"Reference"}],"item":[{"extension":[{"url":"http://hl7.org/fhir/StructureDefinition/questionnaire-allowedResource","valueCode":"Practitioner"},{"url":"http://hl7.org/fhir/StructureDefinition/questionnaire-referenceFilter","valueString":"subject=$subj&patient=$subj&encounter=$encounter"}],"linkId":"CommunicationRequest.sender._Practitioner.value","repeats":false,"required":false,"text":"Practitioner","type":"reference"}],"linkId":"CommunicationRequest.sender._Practitioner","type":"group"},{"extension":[{"url":"http://hl7.org/fhir/StructureDefinition/questionnaire-fhirType","valueString":"Reference"}],"item":[{"extension":[{"url":"http://hl7.org/fhir/StructureDefinition/questionnaire-allowedResource","valueCode":"RelatedPerson"},{"url":"http://hl7.org/fhir/StructureDefinition/questionnaire-referenceFilter","valueString":"subject=$subj&patient=$subj&encounter=$encounter"}],"linkId":"CommunicationRequest.sender._RelatedPerson.value","repeats":false,"required":false,"text":"RelatedPerson","type":"reference"}],"linkId":"CommunicationRequest.sender._RelatedPerson","type":"group"}],"linkId":"CommunicationRequest.sender._type","options":{"reference":"#vs2"},"repeats":false,"required":false,"text":"type","type":"choice"}],"linkId":"CommunicationRequest.sender","repeats":true,"required":false,"text":"Message sender","type":"group"},{"item":[{"extension":[{"url":"http://hl7.org/fhir/StructureDefinition/questionnaire-itemControl","valueCodeableConcept":{"coding":[{"code":"flyover","display":"Fly-over","system":"http://hl7.org/fhir/questionnaire-item-control"}]}}],"text":"The entity (e.g. person, organization, clinical information system, device, group, or care team) which is the intended target of the communication.","type":"display"},{"item":[{"extension":[{"url":"http://hl7.org/fhir/StructureDefinition/questionnaire-fhirType","valueString":"Reference"}],"item":[{"extension":[{"url":"http://hl7.org/fhir/StructureDefinition/questionnaire-allowedResource","valueCode":"Device"},{"url":"http://hl7.org/fhir/StructureDefinition/questionnaire-referenceFilter","valueString":"subject=$subj&patient=$subj&encounter=$encounter"}],"linkId":"CommunicationRequest.recipient._Device.value","repeats":false,"required":false,"text":"Device","type":"reference"}],"linkId":"CommunicationRequest.recipient._Device","type":"group"},{"extension":[{"url":"http://hl7.org/fhir/StructureDefinition/questionnaire-fhirType","valueString":"Reference"}],"item":[{"extension":[{"url":"http://hl7.org/fhir/StructureDefinition/questionnaire-allowedResource","valueCode":"Organization"},{"url":"http://hl7.org/fhir/StructureDefinition/questionnaire-referenceFilter","valueString":"subject=$subj&patient=$subj&encounter=$encounter"}],"linkId":"CommunicationRequest.recipient._Organization.value","repeats":false,"required":false,"text":"Organization","type":"reference"}],"linkId":"CommunicationRequest.recipient._Organization","type":"group"},{"extension":[{"url":"http://hl7.org/fhir/StructureDefinition/questionnaire-fhirType","valueString":"Reference"}],"item":[{"extension":[{"url":"http://hl7.org/fhir/StructureDefinition/questionnaire-allowedResource","valueCode":"Patient"},{"url":"http://hl7.org/fhir/StructureDefinition/questionnaire-referenceFilter","valueString":"subject=$subj&patient=$subj&encounter=$encounter"}],"linkId":"CommunicationRequest.recipient._Patient.value","repeats":false,"required":false,"text":"Patient","type":"reference"}],"linkId":"CommunicationRequest.recipient._Patient","type":"group"},{"extension":[{"url":"http://hl7.org/fhir/StructureDefinition/questionnaire-fhirType","valueString":"Reference"}],"item":[{"extension":[{"url":"http://hl7.org/fhir/StructureDefinition/questionnaire-allowedResource","valueCode":"Practitioner"},{"url":"http://hl7.org/fhir/StructureDefinition/questionnaire-referenceFilter","valueString":"subject=$subj&patient=$subj&encounter=$encounter"}],"linkId":"CommunicationRequest.recipient._Practitioner.value","repeats":false,"required":false,"text":"Practitioner","type":"reference"}],"linkId":"CommunicationRequest.recipient._Practitioner","type":"group"},{"extension":[{"url":"http://hl7.org/fhir/StructureDefinition/questionnaire-fhirType","valueString":"Reference"}],"item":[{"extension":[{"url":"http://hl7.org/fhir/StructureDefinition/questionnaire-allowedResource","valueCode":"RelatedPerson"},{"url":"http://hl7.org/fhir/StructureDefinition/questionnaire-referenceFilter","valueString":"subject=$subj&patient=$subj&encounter=$encounter"}],"linkId":"CommunicationRequest.recipient._RelatedPerson.value","repeats":false,"required":false,"text":"RelatedPerson","type":"reference"}],"linkId":"CommunicationRequest.recipient._RelatedPerson","type":"group"},{"extension":[{"url":"http://hl7.org/fhir/StructureDefinition/questionnaire-fhirType","valueString":"Reference"}],"item":[{"extension":[{"url":"http://hl7.org/fhir/StructureDefinition/questionnaire-allowedResource","valueCode":"Group"},{"url":"http://hl7.org/fhir/StructureDefinition/questionnaire-referenceFilter","valueString":"subject=$subj&patient=$subj&encounter=$encounter"}],"linkId":"CommunicationRequest.recipient._Group.value","repeats":false,"required":false,"text":"Group","type":"reference"}],"linkId":"CommunicationRequest.recipient._Group","type":"group"},{"extension":[{"url":"http://hl7.org/fhir/StructureDefinition/questionnaire-fhirType","valueString":"Reference"}],"item":[{"extension":[{"url":"http://hl7.org/fhir/StructureDefinition/questionnaire-allowedResource","valueCode":"CareTeam"},{"url":"http://hl7.org/fhir/StructureDefinition/questionnaire-referenceFilter","valueString":"subject=$subj&patient=$subj&encounter=$encounter"}],"linkId":"CommunicationRequest.recipient._CareTeam.value","repeats":false,"required":false,"text":"CareTeam","type":"reference"}],"linkId":"CommunicationRequest.recipient._CareTeam","type":"group"}],"linkId":"CommunicationRequest.recipient._type","options":{"reference":"#vs3"},"repeats":false,"required":false,"text":"type","type":"choice"}],"linkId":"CommunicationRequest.recipient","repeats":true,"required":false,"text":"Message recipient","type":"group"},{"item":[{"extension":[{"url":"http://hl7.org/fhir/StructureDefinition/questionnaire-itemControl","valueCodeableConcept":{"coding":[{"code":"flyover","display":"Fly-over","system":"http://hl7.org/fhir/questionnaire-item-control"}]}}],"text":"Text, attachment(s), or resource(s) to be communicated to the recipient.","type":"display"},{"extension":[{"url":"http://hl7.org/fhir/StructureDefinition/questionnaire-maxOccurs","valueInteger":1},{"url":"http://hl7.org/fhir/StructureDefinition/questionnaire-fhirType","valueString":"string"}],"item":[{"extension":[{"url":"http://hl7.org/fhir/StructureDefinition/questionnaire-itemControl","valueCodeableConcept":{"coding":[{"code":"flyover","display":"Fly-over","system":"http://hl7.org/fhir/questionnaire-item-control"}]}}],"text":"unique id for the element within a resource (for internal references).","type":"display"},{"linkId":"CommunicationRequest.payload.id.value","repeats":false,"required":false,"text":"xml:id (or equivalent in JSON)","type":"string"}],"linkId":"CommunicationRequest.payload.id","repeats":true,"required":false,"type":"group"},{"item":[{"extension":[{"url":"http://hl7.org/fhir/StructureDefinition/questionnaire-itemControl","valueCodeableConcept":{"coding":[{"code":"flyover","display":"Fly-over","system":"http://hl7.org/fhir/questionnaire-item-control"}]}}],"text":"May be used to represent additional information that is not part of the basic definition of the element. In order to make the use of extensions safe and manageable, there is a strict set of governance  applied to the definition and use of extensions. Though any implementer is allowed to define an extension, there is a set of requirements that SHALL be met as part of the definition of the extension. There can be no stigma associated with the use of extensions by any application, project, or standard - regardless of the institution or jurisdiction that uses or defines the extensions.  The use of extensions is what allows the FHIR specification to retain a core level of simplicity for everyone.","type":"display"}],"linkId":"CommunicationRequest.payload.extension","repeats":true,"required":false,"text":"Additional Content defined by implementations","type":"group"},{"item":[{"extension":[{"url":"http://hl7.org/fhir/StructureDefinition/questionnaire-itemControl","valueCodeableConcept":{"coding":[{"code":"flyover","display":"Fly-over","system":"http://hl7.org/fhir/questionnaire-item-control"}]}}],"text":"May be used to represent additional information that is not part of the basic definition of the element, and that modifies the understanding of the element that contains it. Usually modifier elements provide negation or qualification. In order to make the use of extensions safe and manageable, there is a strict set of governance applied to the definition and use of extensions. Though any implementer is allowed to define an extension, there is a set of requirements that SHALL be met as part of the definition of the extension. Applications processing a resource are required to check for modifier extensions. There can be no stigma associated with the use of extensions by any application, project, or standard - regardless of the institution or jurisdiction that uses or defines the extensions.  The use of extensions is what allows the FHIR specification to retain a core level of simplicity for everyone.","type":"display"}],"linkId":"CommunicationRequest.payload.modifierExtension","repeats":true,"required":false,"text":"Extensions that cannot be ignored","type":"group"},{"extension":[{"url":"http://hl7.org/fhir/StructureDefinition/questionnaire-minOccurs","valueInteger":1},{"url":"http://hl7.org/fhir/StructureDefinition/questionnaire-maxOccurs","valueInteger":1}],"item":[{"extension":[{"url":"http://hl7.org/fhir/StructureDefinition/questionnaire-itemControl","valueCodeableConcept":{"coding":[{"code":"flyover","display":"Fly-over","system":"http://hl7.org/fhir/questionnaire-item-control"}]}}],"text":"The communicated content (or for multi-part communications, one portion of the communication).","type":"display"},{"item":[{"extension":[{"url":"http://hl7.org/fhir/StructureDefinition/questionnaire-fhirType","valueString":"string"}],"item":[{"linkId":"CommunicationRequest.payload.content[x]._string.value","repeats":false,"required":false,"text":"string","type":"string"}],"linkId":"CommunicationRequest.payload.content[x]._string","type":"group"},{"extension":[{"url":"http://hl7.org/fhir/StructureDefinition/questionnaire-fhirType","valueString":"Attachment"}],"linkId":"CommunicationRequest.payload.content[x]._Attachment","text":"Attachment","type":"group"},{"extension":[{"url":"http://hl7.org/fhir/StructureDefinition/questionnaire-fhirType","valueString":"Reference"}],"item":[{"extension":[{"url":"http://hl7.org/fhir/StructureDefinition/questionnaire-allowedResource","valueCode":"Resource"},{"url":"http://hl7.org/fhir/StructureDefinition/questionnaire-referenceFilter","valueString":"subject=$subj&patient=$subj&encounter=$encounter"}],"linkId":"CommunicationRequest.payload.content[x]._Resource.value","repeats":false,"required":false,"text":"Resource","type":"reference"}],"linkId":"CommunicationRequest.payload.content[x]._Resource","type":"group"}],"linkId":"CommunicationRequest.payload.content[x]._type","options":{"reference":"#vs4"},"repeats":false,"required":false,"text":"type","type":"choice"}],"linkId":"CommunicationRequest.payload.content[x]","repeats":true,"required":true,"text":"Message part content","type":"group"}],"linkId":"CommunicationRequest.payload","repeats":true,"required":false,"text":"Message payload","type":"group"},{"extension":[{"url":"http://hl7.org/fhir/StructureDefinition/questionnaire-fhirType","valueString":"CodeableConcept"}],"item":[{"extension":[{"url":"http://hl7.org/fhir/StructureDefinition/questionnaire-itemControl","valueCodeableConcept":{"coding":[{"code":"flyover","display":"Fly-over","system":"http://hl7.org/fhir/questionnaire-item-control"}]}}],"text":"A channel that was used for this communication (e.g. email, fax).","type":"display"},{"linkId":"CommunicationRequest.medium.coding","repeats":false,"required":false,"text":"code:","type":"open-choice"},{"linkId":"CommunicationRequest.medium.text","repeats":false,"required":false,"text":"text:","type":"string"}],"linkId":"CommunicationRequest.medium","repeats":true,"required":false,"text":"A channel of communication","type":"group"},{"extension":[{"url":"http://hl7.org/fhir/StructureDefinition/questionnaire-maxOccurs","valueInteger":1}],"item":[{"extension":[{"url":"http://hl7.org/fhir/StructureDefinition/questionnaire-itemControl","valueCodeableConcept":{"coding":[{"code":"flyover","display":"Fly-over","system":"http://hl7.org/fhir/questionnaire-item-control"}]}}],"text":"The responsible person who authorizes this order, e.g. physician. This may be different than the author of the order statement, e.g. clerk, who may have entered the statement into the order entry application.","type":"display"},{"item":[{"extension":[{"url":"http://hl7.org/fhir/StructureDefinition/questionnaire-fhirType","valueString":"Reference"}],"item":[{"extension":[{"url":"http://hl7.org/fhir/StructureDefinition/questionnaire-allowedResource","valueCode":"Practitioner"},{"url":"http://hl7.org/fhir/StructureDefinition/questionnaire-referenceFilter","valueString":"subject=$subj&patient=$subj&encounter=$encounter"}],"linkId":"CommunicationRequest.requester._Practitioner.value","repeats":false,"required":false,"text":"Practitioner","type":"reference"}],"linkId":"CommunicationRequest.requester._Practitioner","type":"group"},{"extension":[{"url":"http://hl7.org/fhir/StructureDefinition/questionnaire-fhirType","valueString":"Reference"}],"item":[{"extension":[{"url":"http://hl7.org/fhir/StructureDefinition/questionnaire-allowedResource","valueCode":"Patient"},{"url":"http://hl7.org/fhir/StructureDefinition/questionnaire-referenceFilter","valueString":"subject=$subj&patient=$subj&encounter=$encounter"}],"linkId":"CommunicationRequest.requester._Patient.value","repeats":false,"required":false,"text":"Patient","type":"reference"}],"linkId":"CommunicationRequest.requester._Patient","type":"group"},{"extension":[{"url":"http://hl7.org/fhir/StructureDefinition/questionnaire-fhirType","valueString":"Reference"}],"item":[{"extension":[{"url":"http://hl7.org/fhir/StructureDefinition/questionnaire-allowedResource","valueCode":"RelatedPerson"},{"url":"http://hl7.org/fhir/StructureDefinition/questionnaire-referenceFilter","valueString":"subject=$subj&patient=$subj&encounter=$encounter"}],"linkId":"CommunicationRequest.requester._RelatedPerson.value","repeats":false,"required":false,"text":"RelatedPerson","type":"reference"}],"linkId":"CommunicationRequest.requester._RelatedPerson","type":"group"}],"linkId":"CommunicationRequest.requester._type","options":{"reference":"#vs5"},"repeats":false,"required":false,"text":"type","type":"choice"}],"linkId":"CommunicationRequest.requester","repeats":true,"required":false,"text":"An individual who requested a communication","type":"group"},{"extension":[{"url":"http://hl7.org/fhir/StructureDefinition/questionnaire-maxOccurs","valueInteger":1},{"url":"http://hl7.org/fhir/StructureDefinition/questionnaire-fhirType","valueString":"code"}],"item":[{"extension":[{"url":"http://hl7.org/fhir/StructureDefinition/questionnaire-itemControl","valueCodeableConcept":{"coding":[{"code":"flyover","display":"Fly-over","system":"http://hl7.org/fhir/questionnaire-item-control"}]}}],"text":"The status of the proposal or order.","type":"display"},{"linkId":"CommunicationRequest.status.value","repeats":false,"required":false,"text":"status","type":"choice"}],"linkId":"CommunicationRequest.status","repeats":true,"required":false,"type":"group"},{"extension":[{"url":"http://hl7.org/fhir/StructureDefinition/questionnaire-maxOccurs","valueInteger":1},{"url":"http://hl7.org/fhir/StructureDefinition/questionnaire-fhirType","valueString":"Reference"}],"item":[{"extension":[{"url":"http://hl7.org/fhir/StructureDefinition/questionnaire-itemControl","valueCodeableConcept":{"coding":[{"code":"flyover","display":"Fly-over","system":"http://hl7.org/fhir/questionnaire-item-control"}]}}],"text":"The encounter within which the communication request was created.","type":"display"},{"extension":[{"url":"http://hl7.org/fhir/StructureDefinition/questionnaire-allowedResource","valueCode":"Encounter"},{"url":"http://hl7.org/fhir/StructureDefinition/questionnaire-referenceFilter","valueString":"subject=$subj&patient=$subj&encounter=$encounter"}],"linkId":"CommunicationRequest.encounter.value","repeats":false,"required":false,"text":"Encounter leading to message","type":"reference"}],"linkId":"CommunicationRequest.encounter","repeats":true,"required":false,"type":"group"},{"extension":[{"url":"http://hl7.org/fhir/StructureDefinition/questionnaire-maxOccurs","valueInteger":1}],"item":[{"extension":[{"url":"http://hl7.org/fhir/StructureDefinition/questionnaire-itemControl","valueCodeableConcept":{"coding":[{"code":"flyover","display":"Fly-over","system":"http://hl7.org/fhir/questionnaire-item-control"}]}}],"text":"The time when this communication is to occur.","type":"display"},{"item":[{"extension":[{"url":"http://hl7.org/fhir/StructureDefinition/questionnaire-fhirType","valueString":"datetime"}],"item":[{"linkId":"CommunicationRequest.scheduled[x]._dateTime.value","repeats":false,"required":false,"text":"dateTime","type":"dateTime"}],"linkId":"CommunicationRequest.scheduled[x]._dateTime","type":"group"},{"extension":[{"url":"http://hl7.org/fhir/StructureDefinition/questionnaire-fhirType","valueString":"Period"}],"item":[{"linkId":"CommunicationRequest.scheduled[x]._Period.low","repeats":false,"required":false,"text":"start:","type":"dateTime"},{"linkId":"CommunicationRequest.scheduled[x]._Period.end","repeats":false,"required":false,"text":"end:","type":"dateTime"}],"linkId":"CommunicationRequest.scheduled[x]._Period","text":"Period","type":"group"}],"linkId":"CommunicationRequest.scheduled[x]._type","options":{"reference":"#vs6"},"repeats":false,"required":false,"text":"type","type":"choice"}],"linkId":"CommunicationRequest.scheduled[x]","repeats":true,"required":false,"text":"When scheduled","type":"group"},{"extension":[{"url":"http://hl7.org/fhir/StructureDefinition/questionnaire-fhirType","valueString":"CodeableConcept"}],"item":[{"extension":[{"url":"http://hl7.org/fhir/StructureDefinition/questionnaire-itemControl","valueCodeableConcept":{"coding":[{"code":"flyover","display":"Fly-over","system":"http://hl7.org/fhir/questionnaire-item-control"}]}}],"text":"The reason or justification for the communication request.","type":"display"},{"linkId":"CommunicationRequest.reason.coding","repeats":false,"required":false,"text":"code:","type":"open-choice"},{"linkId":"CommunicationRequest.reason.text","repeats":false,"required":false,"text":"text:","type":"string"}],"linkId":"CommunicationRequest.reason","repeats":true,"required":false,"text":"Indication for message","type":"group"},{"extension":[{"url":"http://hl7.org/fhir/StructureDefinition/questionnaire-maxOccurs","valueInteger":1},{"url":"http://hl7.org/fhir/StructureDefinition/questionnaire-fhirType","valueString":"datetime"}],"item":[{"extension":[{"url":"http://hl7.org/fhir/StructureDefinition/questionnaire-itemControl","valueCodeableConcept":{"coding":[{"code":"flyover","display":"Fly-over","system":"http://hl7.org/fhir/questionnaire-item-control"}]}}],"text":"The time when the request was made.","type":"display"},{"linkId":"CommunicationRequest.requestedOn.value","repeats":false,"required":false,"text":"When ordered or proposed","type":"dateTime"}],"linkId":"CommunicationRequest.requestedOn","repeats":true,"required":false,"type":"group"},{"extension":[{"url":"http://hl7.org/fhir/StructureDefinition/questionnaire-maxOccurs","valueInteger":1},{"url":"http://hl7.org/fhir/StructureDefinition/questionnaire-fhirType","valueString":"Reference"}],"item":[{"extension":[{"url":"http://hl7.org/fhir/StructureDefinition/questionnaire-itemControl","valueCodeableConcept":{"coding":[{"code":"flyover","display":"Fly-over","system":"http://hl7.org/fhir/questionnaire-item-control"}]}}],"text":"The patient who is the focus of this communication request.","type":"display"},{"extension":[{"url":"http://hl7.org/fhir/StructureDefinition/questionnaire-allowedResource","valueCode":"Patient"},{"url":"http://hl7.org/fhir/StructureDefinition/questionnaire-referenceFilter","valueString":"subject=$subj&patient=$subj&encounter=$encounter"}],"linkId":"CommunicationRequest.subject.value","repeats":false,"required":false,"text":"Focus of message","type":"reference"}],"linkId":"CommunicationRequest.subject","repeats":true,"required":false,"type":"group"},{"extension":[{"url":"http://hl7.org/fhir/StructureDefinition/questionnaire-maxOccurs","valueInteger":1},{"url":"http://hl7.org/fhir/StructureDefinition/questionnaire-fhirType","valueString":"CodeableConcept"}],"item":[{"extension":[{"url":"http://hl7.org/fhir/StructureDefinition/questionnaire-itemControl","valueCodeableConcept":{"coding":[{"code":"flyover","display":"Fly-over","system":"http://hl7.org/fhir/questionnaire-item-control"}]}}],"text":"Characterizes how quickly the proposed act must be initiated. Includes concepts such as stat, urgent, routine.","type":"display"},{"linkId":"CommunicationRequest.priority.coding","repeats":false,"required":false,"text":"code:","type":"open-choice"},{"linkId":"CommunicationRequest.priority.text","repeats":false,"required":false,"text":"text:","type":"string"}],"linkId":"CommunicationRequest.priority","repeats":true,"required":false,"text":"Message urgency","type":"group"}],"linkId":"CommunicationRequest","repeats":true,"required":false,"text":"A request for information to be sent to a receiver","type":"group"}],"publisher":"Health Level Seven International (Patient Care)","resourceType":"Questionnaire","status":"draft"}