﻿{
  "$schema": "http://json-schema.org/draft-04/schema#",
  "id": "http://hl7.org/fhir/json-schema/Encounter",
  "$ref": "#/definitions/Encounter",
  "description": "see http://hl7.org/fhir/json.html#schema for information about the FHIR Json Schemas",
  "definitions": {
    "Encounter": {
      "allOf": [
        {
          "$ref": "DomainResource.schema.json/definitions/DomainResource"
        },
        {
          "description": "An interaction between a patient and healthcare provider(s) for the purpose of providing healthcare service(s) or assessing the health status of a patient.",
          "properties": {
            "resourceType": {
              "description": "This is a Encounter resource",
              "type": "string",
              "enum": [
                "Encounter"
              ]
            },
            "identifier": {
              "description": "Identifier(s) by which this encounter is known.",
              "type": "array",
              "items": {
                "$ref": "Identifier.schema.json/definitions/Identifier"
              }
            },
            "status": {
              "description": "planned | arrived | in-progress | onleave | finished | cancelled.",
              "type": "string",
              "pattern": "[^\\s]+([\\s]?[^\\s]+)*"
            },
            "status_": {
              "description": "Extensions for status",
              "$ref": "Element.schema.json/definitions/Element"
            },
            "statusHistory": {
              "description": "The status history permits the encounter resource to contain the status history without needing to read through the historical versions of the resource, or even have the server store them.",
              "type": "array",
              "items": {
                "$ref": "#/definitions/Encounter.StatusHistory"
              }
            },
            "class": {
              "description": "inpatient | outpatient | ambulatory | emergency +.",
              "type": "string",
              "pattern": "[^\\s]+([\\s]?[^\\s]+)*"
            },
            "class_": {
              "description": "Extensions for class",
              "$ref": "Element.schema.json/definitions/Element"
            },
            "type": {
              "description": "Specific type of encounter (e.g. e-mail consultation, surgical day-care, skilled nursing, rehabilitation).",
              "type": "array",
              "items": {
                "$ref": "CodeableConcept.schema.json/definitions/CodeableConcept"
              }
            },
            "priority": {
              "description": "Indicates the urgency of the encounter.",
              "$ref": "CodeableConcept.schema.json/definitions/CodeableConcept"
            },
            "patient": {
              "description": "The patient present at the encounter.",
              "$ref": "Reference.schema.json/definitions/Reference"
            },
            "episodeOfCare": {
              "description": "Where a specific encounter should be classified as a part of a specific episode(s) of care this field should be used. This association can facilitate grouping of related encounters together for a specific purpose, such as government reporting, issue tracking, association via a common problem.  The association is recorded on the encounter as these are typically created after the episode of care, and grouped on entry rather than editing the episode of care to append another encounter to it (the episode of care could span years).",
              "type": "array",
              "items": {
                "$ref": "Reference.schema.json/definitions/Reference"
              }
            },
            "incomingReferral": {
              "description": "The referral request this encounter satisfies (incoming referral).",
              "type": "array",
              "items": {
                "$ref": "Reference.schema.json/definitions/Reference"
              }
            },
            "participant": {
              "description": "The list of people responsible for providing the service.",
              "type": "array",
              "items": {
                "$ref": "#/definitions/Encounter.Participant"
              }
            },
            "appointment": {
              "description": "The appointment that scheduled this encounter.",
              "$ref": "Reference.schema.json/definitions/Reference"
            },
            "period": {
              "description": "The start and end time of the encounter.",
              "$ref": "Period.schema.json/definitions/Period"
            },
            "length": {
              "description": "Quantity of time the encounter lasted. This excludes the time during leaves of absence.",
              "$ref": "Duration.schema.json/definitions/Duration"
            },
            "reason": {
              "description": "Reason the encounter takes place, expressed as a code. For admissions, this can be used for a coded admission diagnosis.",
              "type": "array",
              "items": {
                "$ref": "CodeableConcept.schema.json/definitions/CodeableConcept"
              }
            },
            "indication": {
              "description": "Reason the encounter takes place, as specified using information from another resource. For admissions, this is the admission diagnosis. The indication will typically be a Condition (with other resources referenced in the evidence.detail), or a Procedure.",
              "type": "array",
              "items": {
                "$ref": "Reference.schema.json/definitions/Reference"
              }
            },
            "hospitalization": {
              "description": "Details about the admission to a healthcare service.",
              "$ref": "#/definitions/Encounter.Hospitalization"
            },
            "location": {
              "description": "List of locations where  the patient has been during this encounter.",
              "type": "array",
              "items": {
                "$ref": "#/definitions/Encounter.Location"
              }
            },
            "serviceProvider": {
              "description": "An organization that is in charge of maintaining the information of this Encounter (e.g. who maintains the report or the master service catalog item, etc.). This MAY be the same as the organization on the Patient record, however it could be different. This MAY not be not the Service Delivery Location\u0027s Organization.",
              "$ref": "Reference.schema.json/definitions/Reference"
            },
            "partOf": {
              "description": "Another Encounter of which this encounter is a part of (administratively or in time).",
              "$ref": "Reference.schema.json/definitions/Reference"
            }
          },
          "required": [
            "resourceType"
          ]
        }
      ]
    },
    "Encounter.StatusHistory": {
      "allOf": [
        {
          "$ref": "BackboneElement.schema.json/definitions/BackboneElement"
        },
        {
          "description": "An interaction between a patient and healthcare provider(s) for the purpose of providing healthcare service(s) or assessing the health status of a patient.",
          "properties": {
            "status": {
              "description": "planned | arrived | in-progress | onleave | finished | cancelled.",
              "type": "string",
              "pattern": "[^\\s]+([\\s]?[^\\s]+)*"
            },
            "status_": {
              "description": "Extensions for status",
              "$ref": "Element.schema.json/definitions/Element"
            },
            "period": {
              "description": "The time that the episode was in the specified status.",
              "$ref": "Period.schema.json/definitions/Period"
            }
          },
          "required": [
            "period"
          ]
        }
      ]
    },
    "Encounter.Participant": {
      "allOf": [
        {
          "$ref": "BackboneElement.schema.json/definitions/BackboneElement"
        },
        {
          "description": "An interaction between a patient and healthcare provider(s) for the purpose of providing healthcare service(s) or assessing the health status of a patient.",
          "properties": {
            "type": {
              "description": "Role of participant in encounter.",
              "type": "array",
              "items": {
                "$ref": "CodeableConcept.schema.json/definitions/CodeableConcept"
              }
            },
            "period": {
              "description": "The period of time that the specified participant was present during the encounter. These can overlap or be sub-sets of the overall encounters period.",
              "$ref": "Period.schema.json/definitions/Period"
            },
            "individual": {
              "description": "Persons involved in the encounter other than the patient.",
              "$ref": "Reference.schema.json/definitions/Reference"
            }
          }
        }
      ]
    },
    "Encounter.Hospitalization": {
      "allOf": [
        {
          "$ref": "BackboneElement.schema.json/definitions/BackboneElement"
        },
        {
          "description": "An interaction between a patient and healthcare provider(s) for the purpose of providing healthcare service(s) or assessing the health status of a patient.",
          "properties": {
            "preAdmissionIdentifier": {
              "description": "Pre-admission identifier.",
              "$ref": "Identifier.schema.json/definitions/Identifier"
            },
            "origin": {
              "description": "The location from which the patient came before admission.",
              "$ref": "Reference.schema.json/definitions/Reference"
            },
            "admitSource": {
              "description": "From where patient was admitted (physician referral, transfer).",
              "$ref": "CodeableConcept.schema.json/definitions/CodeableConcept"
            },
            "admittingDiagnosis": {
              "description": "The admitting diagnosis field is used to record the diagnosis codes as reported by admitting practitioner. This could be different or in addition to the conditions reported as reason-condition(s) for the encounter.",
              "type": "array",
              "items": {
                "$ref": "Reference.schema.json/definitions/Reference"
              }
            },
            "reAdmission": {
              "description": "Whether this hospitalization is a readmission and why if known.",
              "$ref": "CodeableConcept.schema.json/definitions/CodeableConcept"
            },
            "dietPreference": {
              "description": "Diet preferences reported by the patient.",
              "type": "array",
              "items": {
                "$ref": "CodeableConcept.schema.json/definitions/CodeableConcept"
              }
            },
            "specialCourtesy": {
              "description": "Special courtesies (VIP, board member).",
              "type": "array",
              "items": {
                "$ref": "CodeableConcept.schema.json/definitions/CodeableConcept"
              }
            },
            "specialArrangement": {
              "description": "Wheelchair, translator, stretcher, etc.",
              "type": "array",
              "items": {
                "$ref": "CodeableConcept.schema.json/definitions/CodeableConcept"
              }
            },
            "destination": {
              "description": "Location to which the patient is discharged.",
              "$ref": "Reference.schema.json/definitions/Reference"
            },
            "dischargeDisposition": {
              "description": "Category or kind of location after discharge.",
              "$ref": "CodeableConcept.schema.json/definitions/CodeableConcept"
            },
            "dischargeDiagnosis": {
              "description": "The final diagnosis given a patient before release from the hospital after all testing, surgery, and workup are complete.",
              "type": "array",
              "items": {
                "$ref": "Reference.schema.json/definitions/Reference"
              }
            }
          }
        }
      ]
    },
    "Encounter.Location": {
      "allOf": [
        {
          "$ref": "BackboneElement.schema.json/definitions/BackboneElement"
        },
        {
          "description": "An interaction between a patient and healthcare provider(s) for the purpose of providing healthcare service(s) or assessing the health status of a patient.",
          "properties": {
            "location": {
              "description": "The location where the encounter takes place.",
              "$ref": "Reference.schema.json/definitions/Reference"
            },
            "status": {
              "description": "The status of the participants\u0027 presence at the specified location during the period specified. If the participant is is no longer at the location, then the period will have an end date/time.",
              "type": "string",
              "pattern": "[^\\s]+([\\s]?[^\\s]+)*"
            },
            "status_": {
              "description": "Extensions for status",
              "$ref": "Element.schema.json/definitions/Element"
            },
            "period": {
              "description": "Time period during which the patient was present at the location.",
              "$ref": "Period.schema.json/definitions/Period"
            }
          },
          "required": [
            "location"
          ]
        }
      ]
    }
  }
}