{"abstract":false,"baseDefinition":"http://hl7.org/fhir/StructureDefinition/Extension","baseType":"Extension","contact":[{"telecom":[{"system":"other","value":"http://hl7.org/special/committees/fhir"}]}],"context":["Resource"],"contextType":"resource","date":"2014-12-07","derivation":"constraint","description":"Indicates that the resource is related to either the measurement, achievement or progress towards the referenced goal.","differential":{"element":[{"comments":"This extension is  limited to subject-specific activity-related resources (events & intents).  I.e. This can't be put on Goal or Patient.  This association isn't for the purpose of goal management, but for things such as noting that a particular observation result, prescription or other activity is pertinent to the achievement (or possibly non-achievement) of the referenced goal.","definition":"Indicates that the resource is related to either the measurement, achievement or progress towards the referenced goal.","max":"*","min":0,"path":"Extension","short":"Pertains to goal","type":[{"code":"Extension"}]},{"max":"0","name":"extension","path":"Extension.extension"},{"fixedUri":"http://hl7.org/fhir/StructureDefinition/goal-pertainsToGoal","path":"Extension.url","type":[{"code":"uri"}]},{"min":1,"path":"Extension.value[x]","type":[{"code":"Reference","profile":["http://hl7.org/fhir/StructureDefinition/Goal"]}]}]},"display":"pertains to goal","fhirVersion":"1.4.0","id":"goal-pertainsToGoal","kind":"complex-type","name":"Pertains to goal","publisher":"Health Level Seven, Inc. - FHIR WG","resourceType":"StructureDefinition","snapshot":{"element":[{"base":{"max":"*","min":0,"path":"Extension"},"comments":"This extension is  limited to subject-specific activity-related resources (events & intents).  I.e. This can't be put on Goal or Patient.  This association isn't for the purpose of goal management, but for things such as noting that a particular observation result, prescription or other activity is pertinent to the achievement (or possibly non-achievement) of the referenced goal.","definition":"Indicates that the resource is related to either the measurement, achievement or progress towards the referenced goal.","max":"*","min":0,"path":"Extension","short":"Pertains to goal","type":[{"code":"Extension"}]},{"base":{"max":"*","min":0,"path":"Element.id"},"definition":"unique id for the element within a resource (for internal references).","mapping":[{"identity":"rim","map":"n/a"}],"max":"1","min":0,"path":"Extension.id","representation":["xmlAttr"],"short":"xml:id (or equivalent in JSON)","type":[{"code":"id"}]},{"base":{"max":"*","min":0,"path":"Element.extension"},"definition":"An Extension","max":"0","min":0,"name":"extension","path":"Extension.extension","short":"Extension","type":[{"code":"Extension"}]},{"base":{"max":"1","min":1,"path":"Extension.url"},"comments":"The definition may point directly to a computable or human-readable definition of the extensibility codes, or it may be a logical URI as declared in some other specification. The definition should be version specific.  This will ideally be the URI for the Resource Profile defining the extension, with the code for the extension after a #.","definition":"Source of the definition for the extension code - a logical name or a URL.","fixedUri":"http://hl7.org/fhir/StructureDefinition/goal-pertainsToGoal","mapping":[{"identity":"rim","map":"N/A"}],"max":"1","min":1,"path":"Extension.url","representation":["xmlAttr"],"short":"identifies the meaning of the extension","type":[{"code":"uri"}]},{"base":{"max":"1","min":0,"path":"Extension.value[x]"},"definition":"Value of extension - may be a resource or one of a constrained set of the data types (see Extensibility in the spec for list).","mapping":[{"identity":"rim","map":"N/A"}],"max":"1","min":1,"path":"Extension.valueReference","short":"Value of extension","type":[{"code":"Reference","profile":["http://hl7.org/fhir/StructureDefinition/Goal"]}]}]},"status":"draft","url":"http://hl7.org/fhir/StructureDefinition/goal-pertainsToGoal"}