{
  "resourceType": "StructureDefinition",
  "id": "DiagnosticReport-geneticsFamilyMemberHistory",
  "url": "http://hl7.org/fhir/StructureDefinition/DiagnosticReport-geneticsFamilyMemberHistory",
  "name": "FamilyHistory",
  "status": "draft",
  "publisher": "Health Level Seven International (Clinical Genomics)",
  "contact": [
    {
      "telecom": [
        {
          "system": "other",
          "value": "http://www.hl7.org/Special/committees/clingenomics"
        }
      ]
    }
  ],
  "date": "2015-10-09",
  "description": "Significant health events and conditions for a person related to the patient relevant in the context of care for the patient.",
  "fhirVersion": "1.4.0",
  "kind": "complex-type",
  "abstract": false,
  "contextType": "resource",
  "context": [
    "DiagnosticReport"
  ],
  "baseType": "Extension",
  "baseDefinition": "http://hl7.org/fhir/StructureDefinition/Extension",
  "derivation": "constraint",
  "snapshot": {
    "element": [
      {
        "path": "Extension",
        "short": "FamilyHistory",
        "definition": "Significant health events and conditions for a person related to the patient relevant in the context of care for the patient.",
        "min": 0,
        "max": "*",
        "base": {
          "path": "Extension",
          "min": 0,
          "max": "*"
        },
        "type": [
          {
            "code": "Extension"
          }
        ]
      },
      {
        "path": "Extension.id",
        "representation": [
          "xmlAttr"
        ],
        "short": "xml:id (or equivalent in JSON)",
        "definition": "unique id for the element within a resource (for internal references).",
        "min": 0,
        "max": "1",
        "base": {
          "path": "Element.id",
          "min": 0,
          "max": "*"
        },
        "type": [
          {
            "code": "id"
          }
        ],
        "mapping": [
          {
            "identity": "rim",
            "map": "n/a"
          }
        ]
      },
      {
        "path": "Extension.extension",
        "name": "extension",
        "short": "Extension",
        "definition": "An Extension",
        "min": 0,
        "max": "0",
        "base": {
          "path": "Element.extension",
          "min": 0,
          "max": "*"
        },
        "type": [
          {
            "code": "Extension"
          }
        ]
      },
      {
        "path": "Extension.url",
        "representation": [
          "xmlAttr"
        ],
        "short": "identifies the meaning of the extension",
        "definition": "Source of the definition for the extension code - a logical name or a URL.",
        "comments": "The definition may point directly to a computable or human-readable definition of the extensibility codes, or it may be a logical URI as declared in some other specification. The definition should be version specific.  This will ideally be the URI for the Resource Profile defining the extension, with the code for the extension after a #.",
        "min": 1,
        "max": "1",
        "base": {
          "path": "Extension.url",
          "min": 1,
          "max": "1"
        },
        "type": [
          {
            "code": "uri"
          }
        ],
        "fixedUri": "http://hl7.org/fhir/StructureDefinition/DiagnosticReport-geneticsFamilyMemberHistory",
        "mapping": [
          {
            "identity": "rim",
            "map": "N/A"
          }
        ]
      },
      {
        "path": "Extension.valueReference",
        "short": "Value of extension",
        "definition": "Value of extension - may be a resource or one of a constrained set of the data types (see Extensibility in the spec for list).",
        "min": 1,
        "max": "1",
        "base": {
          "path": "Extension.value[x]",
          "min": 0,
          "max": "1"
        },
        "type": [
          {
            "code": "Reference",
            "profile": [
              "http://hl7.org/fhir/StructureDefinition/FamilyMemberHistory"
            ]
          }
        ],
        "mapping": [
          {
            "identity": "rim",
            "map": "N/A"
          }
        ]
      }
    ]
  },
  "differential": {
    "element": [
      {
        "path": "Extension",
        "short": "FamilyHistory",
        "definition": "Significant health events and conditions for a person related to the patient relevant in the context of care for the patient.",
        "min": 0,
        "max": "*",
        "type": [
          {
            "code": "Extension"
          }
        ]
      },
      {
        "path": "Extension.extension",
        "name": "extension",
        "max": "0"
      },
      {
        "path": "Extension.url",
        "type": [
          {
            "code": "uri"
          }
        ],
        "fixedUri": "http://hl7.org/fhir/StructureDefinition/DiagnosticReport-geneticsFamilyMemberHistory"
      },
      {
        "path": "Extension.value[x]",
        "min": 1,
        "type": [
          {
            "code": "Reference",
            "profile": [
              "http://hl7.org/fhir/StructureDefinition/FamilyMemberHistory"
            ]
          }
        ]
      }
    ]
  }
}