{"abstract":false,"baseDefinition":"http://hl7.org/fhir/StructureDefinition/Extension","baseType":"Extension","context":["Patient"],"contextType":"resource","date":"2016-06-06T20:14:04+00:00","derivation":"constraint","description":"The clinical trials this patient has or is participating in.","differential":{"element":[{"definition":"The clinical trials this patient has or is participating in.","max":"*","min":0,"path":"Extension","short":"The patient's participation in clinical trials","type":[{"code":"Extension"}]},{"definition":"The National Clinical Trial number. The format for the US ClinicalTrials.gov registry number is \"NCT\" followed by an 8-digit number, e.g.: NCT00000419.","max":"1","min":1,"name":"NCT","path":"Extension.extension","short":"National Clinical Trial number","type":[{"code":"Extension"}]},{"max":"0","name":"extension","path":"Extension.extension.extension"},{"fixedUri":"NCT","path":"Extension.extension.url","type":[{"code":"uri"}]},{"min":1,"path":"Extension.extension.value[x]","type":[{"code":"string"}]},{"definition":"The start and end times of the participation of this patient in the clinical trial.","max":"1","min":0,"name":"period","path":"Extension.extension","short":"The period of participation in the clinical trial","type":[{"code":"Extension"}]},{"max":"0","name":"extension","path":"Extension.extension.extension"},{"fixedUri":"period","path":"Extension.extension.url","type":[{"code":"uri"}]},{"min":1,"path":"Extension.extension.value[x]","type":[{"code":"Period"}]},{"definition":"The indication or reason the patient is part of this trial.","max":"1","min":0,"name":"reason","path":"Extension.extension","short":"The reason for participation in the clinical trial","type":[{"code":"Extension"}]},{"max":"0","name":"extension","path":"Extension.extension.extension"},{"fixedUri":"reason","path":"Extension.extension.url","type":[{"code":"uri"}]},{"min":1,"path":"Extension.extension.value[x]","type":[{"code":"CodeableConcept"}]},{"fixedUri":"http://hl7.org/fhir/StructureDefinition/patient-clinicalTrial","path":"Extension.url","type":[{"code":"uri"}]},{"max":"0","min":0,"path":"Extension.value[x]"}]},"display":"clinicalTrial","fhirVersion":"1.4.0","id":"patient-clinicalTrial","kind":"complex-type","name":"The patient's participation in clinical trials","publisher":"HL7","resourceType":"StructureDefinition","snapshot":{"element":[{"base":{"max":"*","min":0,"path":"Extension"},"definition":"The clinical trials this patient has or is participating in.","max":"*","min":0,"path":"Extension","short":"The patient's participation in clinical trials","type":[{"code":"Extension"}]},{"base":{"max":"*","min":0,"path":"Element.id"},"definition":"unique id for the element within a resource (for internal references).","mapping":[{"identity":"rim","map":"n/a"}],"max":"1","min":0,"path":"Extension.id","representation":["xmlAttr"],"short":"xml:id (or equivalent in JSON)","type":[{"code":"id"}]},{"base":{"max":"*","min":0,"path":"Element.extension"},"definition":"An Extension","max":"*","min":0,"path":"Extension.extension","short":"Extension","slicing":{"discriminator":["url"],"ordered":false,"rules":"open"},"type":[{"code":"Extension"}]},{"base":{"max":"*","min":0,"path":"Element.extension"},"definition":"The National Clinical Trial number. The format for the US ClinicalTrials.gov registry number is \"NCT\" followed by an 8-digit number, e.g.: NCT00000419.","max":"1","min":1,"name":"NCT","path":"Extension.extension","short":"National Clinical Trial number","type":[{"code":"Extension"}]},{"base":{"max":"*","min":0,"path":"Element.id"},"definition":"unique id for the element within a resource (for internal references).","mapping":[{"identity":"rim","map":"n/a"}],"max":"1","min":0,"path":"Extension.extension.id","representation":["xmlAttr"],"short":"xml:id (or equivalent in JSON)","type":[{"code":"id"}]},{"base":{"max":"*","min":0,"path":"Element.extension"},"definition":"An Extension","max":"0","min":0,"name":"extension","path":"Extension.extension.extension","short":"Extension","type":[{"code":"Extension"}]},{"base":{"max":"1","min":1,"path":"Extension.url"},"comments":"The definition may point directly to a computable or human-readable definition of the extensibility codes, or it may be a logical URI as declared in some other specification. The definition should be version specific.  This will ideally be the URI for the Resource Profile defining the extension, with the code for the extension after a #.","definition":"Source of the definition for the extension code - a logical name or a URL.","fixedUri":"NCT","mapping":[{"identity":"rim","map":"N/A"}],"max":"1","min":1,"path":"Extension.extension.url","representation":["xmlAttr"],"short":"identifies the meaning of the extension","type":[{"code":"uri"}]},{"base":{"max":"1","min":0,"path":"Extension.value[x]"},"definition":"Value of extension - may be a resource or one of a constrained set of the data types (see Extensibility in the spec for list).","mapping":[{"identity":"rim","map":"N/A"}],"max":"1","min":1,"path":"Extension.extension.valueString","short":"Value of extension","type":[{"code":"string"}]},{"base":{"max":"*","min":0,"path":"Element.extension"},"definition":"The start and end times of the participation of this patient in the clinical trial.","max":"1","min":0,"name":"period","path":"Extension.extension","short":"The period of participation in the clinical trial","type":[{"code":"Extension"}]},{"base":{"max":"*","min":0,"path":"Element.id"},"definition":"unique id for the element within a resource (for internal references).","mapping":[{"identity":"rim","map":"n/a"}],"max":"1","min":0,"path":"Extension.extension.id","representation":["xmlAttr"],"short":"xml:id (or equivalent in JSON)","type":[{"code":"id"}]},{"base":{"max":"*","min":0,"path":"Element.extension"},"definition":"An Extension","max":"0","min":0,"name":"extension","path":"Extension.extension.extension","short":"Extension","type":[{"code":"Extension"}]},{"base":{"max":"1","min":1,"path":"Extension.url"},"comments":"The definition may point directly to a computable or human-readable definition of the extensibility codes, or it may be a logical URI as declared in some other specification. The definition should be version specific.  This will ideally be the URI for the Resource Profile defining the extension, with the code for the extension after a #.","definition":"Source of the definition for the extension code - a logical name or a URL.","fixedUri":"period","mapping":[{"identity":"rim","map":"N/A"}],"max":"1","min":1,"path":"Extension.extension.url","representation":["xmlAttr"],"short":"identifies the meaning of the extension","type":[{"code":"uri"}]},{"base":{"max":"1","min":0,"path":"Extension.value[x]"},"definition":"Value of extension - may be a resource or one of a constrained set of the data types (see Extensibility in the spec for list).","mapping":[{"identity":"rim","map":"N/A"}],"max":"1","min":1,"path":"Extension.extension.valuePeriod","short":"Value of extension","type":[{"code":"Period"}]},{"base":{"max":"*","min":0,"path":"Element.extension"},"definition":"The indication or reason the patient is part of this trial.","max":"1","min":0,"name":"reason","path":"Extension.extension","short":"The reason for participation in the clinical trial","type":[{"code":"Extension"}]},{"base":{"max":"*","min":0,"path":"Element.id"},"definition":"unique id for the element within a resource (for internal references).","mapping":[{"identity":"rim","map":"n/a"}],"max":"1","min":0,"path":"Extension.extension.id","representation":["xmlAttr"],"short":"xml:id (or equivalent in JSON)","type":[{"code":"id"}]},{"base":{"max":"*","min":0,"path":"Element.extension"},"definition":"An Extension","max":"0","min":0,"name":"extension","path":"Extension.extension.extension","short":"Extension","type":[{"code":"Extension"}]},{"base":{"max":"1","min":1,"path":"Extension.url"},"comments":"The definition may point directly to a computable or human-readable definition of the extensibility codes, or it may be a logical URI as declared in some other specification. The definition should be version specific.  This will ideally be the URI for the Resource Profile defining the extension, with the code for the extension after a #.","definition":"Source of the definition for the extension code - a logical name or a URL.","fixedUri":"reason","mapping":[{"identity":"rim","map":"N/A"}],"max":"1","min":1,"path":"Extension.extension.url","representation":["xmlAttr"],"short":"identifies the meaning of the extension","type":[{"code":"uri"}]},{"base":{"max":"1","min":0,"path":"Extension.value[x]"},"definition":"Value of extension - may be a resource or one of a constrained set of the data types (see Extensibility in the spec for list).","mapping":[{"identity":"rim","map":"N/A"}],"max":"1","min":1,"path":"Extension.extension.valueCodeableConcept","short":"Value of extension","type":[{"code":"CodeableConcept"}]},{"base":{"max":"1","min":1,"path":"Extension.url"},"comments":"The definition may point directly to a computable or human-readable definition of the extensibility codes, or it may be a logical URI as declared in some other specification. The definition should be version specific.  This will ideally be the URI for the Resource Profile defining the extension, with the code for the extension after a #.","definition":"Source of the definition for the extension code - a logical name or a URL.","fixedUri":"http://hl7.org/fhir/StructureDefinition/patient-clinicalTrial","mapping":[{"identity":"rim","map":"N/A"}],"max":"1","min":1,"path":"Extension.url","representation":["xmlAttr"],"short":"identifies the meaning of the extension","type":[{"code":"uri"}]},{"base":{"max":"1","min":0,"path":"Extension.value[x]"},"definition":"Value of extension - may be a resource or one of a constrained set of the data types (see Extensibility in the spec for list).","mapping":[{"identity":"rim","map":"N/A"}],"max":"0","min":0,"path":"Extension.value[x]","short":"Value of extension","type":[{"code":"boolean"},{"code":"integer"},{"code":"decimal"},{"code":"base64Binary"},{"code":"instant"},{"code":"string"},{"code":"uri"},{"code":"date"},{"code":"dateTime"},{"code":"time"},{"code":"code"},{"code":"oid"},{"code":"id"},{"code":"unsignedInt"},{"code":"positiveInt"},{"code":"markdown"},{"code":"Annotation"},{"code":"Attachment"},{"code":"Identifier"},{"code":"CodeableConcept"},{"code":"Coding"},{"code":"Quantity"},{"code":"Count"},{"code":"Age"},{"code":"Duration"},{"code":"Distance"},{"code":"Money"},{"code":"Range"},{"code":"Period"},{"code":"Ratio"},{"code":"SampledData"},{"code":"Signature"},{"code":"HumanName"},{"code":"Address"},{"code":"ContactPoint"},{"code":"Timing"},{"code":"Reference"},{"code":"Meta"}]}]},"status":"draft","url":"http://hl7.org/fhir/StructureDefinition/patient-clinicalTrial"}