{"abstract":false,"baseDefinition":"http://hl7.org/fhir/StructureDefinition/Extension","baseType":"Extension","contact":[{"telecom":[{"system":"other","value":"http://www.hl7.org/Special/committees/fiwg"}]}],"context":["ElementDefinition","Questionnaire.item"],"contextType":"resource","date":"2014-04-27","derivation":"constraint","description":"Identifies the maximum number of decimal places that may be specified for the data element.","differential":{"element":[{"definition":"Identifies the maximum number of decimal places that may be specified for the data element.","mapping":[{"identity":"v2","map":"N/A"},{"identity":"rim","map":"N/A (MIF-level)"}],"max":"1","min":0,"path":"Extension","short":"Maximum digits after decimal","type":[{"code":"Extension"}]},{"max":"0","name":"extension","path":"Extension.extension"},{"fixedUri":"http://hl7.org/fhir/StructureDefinition/maxDecimalPlaces","path":"Extension.url","type":[{"code":"uri"}]},{"min":1,"path":"Extension.value[x]","type":[{"code":"integer"}]}]},"fhirVersion":"1.4.0","id":"maxDecimalPlaces","kind":"complex-type","mapping":[{"identity":"v2","name":"HL7 v2","uri":"http://hl7.org/v2"},{"identity":"rim","name":"RIM","uri":"http://hl7.org/v3"}],"name":"Maximum digits after decimal","publisher":"Health Level Seven International (FHIR Infrastructure)","resourceType":"StructureDefinition","snapshot":{"element":[{"base":{"max":"*","min":0,"path":"Extension"},"definition":"Identifies the maximum number of decimal places that may be specified for the data element.","mapping":[{"identity":"v2","map":"N/A"},{"identity":"rim","map":"N/A (MIF-level)"}],"max":"1","min":0,"path":"Extension","short":"Maximum digits after decimal","type":[{"code":"Extension"}]},{"base":{"max":"*","min":0,"path":"Element.id"},"definition":"unique id for the element within a resource (for internal references).","mapping":[{"identity":"rim","map":"n/a"}],"max":"1","min":0,"path":"Extension.id","representation":["xmlAttr"],"short":"xml:id (or equivalent in JSON)","type":[{"code":"id"}]},{"base":{"max":"*","min":0,"path":"Element.extension"},"definition":"An Extension","max":"0","min":0,"name":"extension","path":"Extension.extension","short":"Extension","type":[{"code":"Extension"}]},{"base":{"max":"1","min":1,"path":"Extension.url"},"comments":"The definition may point directly to a computable or human-readable definition of the extensibility codes, or it may be a logical URI as declared in some other specification. The definition should be version specific.  This will ideally be the URI for the Resource Profile defining the extension, with the code for the extension after a #.","definition":"Source of the definition for the extension code - a logical name or a URL.","fixedUri":"http://hl7.org/fhir/StructureDefinition/maxDecimalPlaces","mapping":[{"identity":"rim","map":"N/A"}],"max":"1","min":1,"path":"Extension.url","representation":["xmlAttr"],"short":"identifies the meaning of the extension","type":[{"code":"uri"}]},{"base":{"max":"1","min":0,"path":"Extension.value[x]"},"definition":"Value of extension - may be a resource or one of a constrained set of the data types (see Extensibility in the spec for list).","mapping":[{"identity":"rim","map":"N/A"}],"max":"1","min":1,"path":"Extension.valueInteger","short":"Value of extension","type":[{"code":"integer"}]}]},"status":"draft","url":"http://hl7.org/fhir/StructureDefinition/maxDecimalPlaces"}