{"abstract":false,"baseDefinition":"http://hl7.org/fhir/StructureDefinition/Extension","baseType":"Extension","contact":[{"telecom":[{"system":"other","value":"http://hl7.org"}]}],"context":["ElementDefinition.mapping"],"contextType":"datatype","date":"2014-04-21","derivation":"constraint","description":"A concept that represents a set of ideas, abstractions, or things in the real world that can be identified with explicit boundaries and meaning and whose properties and behavior follow the same rules. It may be either a single or a group of associated concepts, abstractions, or things.","differential":{"element":[{"comments":"ObjectClass and Property are treated as a data model that can be mapped to like any other.  This extension merely captures the ObjectClass element as a discrete code.  The information conveyed here should also be conveyed in human-readable form in the mapping.map element.","definition":"A concept that represents a set of ideas, abstractions, or things in the real world that can be identified with explicit boundaries and meaning and whose properties and behavior follow the same rules. It may be either a single or a group of associated concepts, abstractions, or things.","mapping":[{"identity":"v2","map":"N/A"},{"identity":"rim","map":"N/A"},{"identity":"iso11179","map":"Data_Element.meaning.object_class"}],"max":"1","min":0,"path":"Extension","short":"Object Class","type":[{"code":"Extension"}]},{"max":"0","name":"extension","path":"Extension.extension"},{"fixedUri":"http://hl7.org/fhir/StructureDefinition/11179-objectClass","path":"Extension.url","type":[{"code":"uri"}]},{"binding":{"description":"A concept that represents a set of ideas, abstractions, or things in the real world that can be identified with explicit boundaries and meaning and whose properties and behavior follow the same rules; e.g. Person, Prescription, Encounter, etc.","strength":"example","valueSetReference":{"reference":"http://hl7.org/fhir/ValueSet/dataelement-sdcobjectclass"}},"min":1,"path":"Extension.value[x]","type":[{"code":"Coding"}]}]},"display":"Object Class","fhirVersion":"1.4.0","id":"11179-objectClass","kind":"complex-type","mapping":[{"identity":"v2","name":"HL7 v2","uri":"http://hl7.org/v2"},{"identity":"rim","name":"RIM","uri":"http://hl7.org/v3"},{"identity":"iso11179","name":"ISO 11179","uri":"http://metadata-standards.org/11179/"}],"name":"Object Class","publisher":"Health Level Seven International (Orders and Observations)","resourceType":"StructureDefinition","snapshot":{"element":[{"base":{"max":"*","min":0,"path":"Extension"},"comments":"ObjectClass and Property are treated as a data model that can be mapped to like any other.  This extension merely captures the ObjectClass element as a discrete code.  The information conveyed here should also be conveyed in human-readable form in the mapping.map element.","definition":"A concept that represents a set of ideas, abstractions, or things in the real world that can be identified with explicit boundaries and meaning and whose properties and behavior follow the same rules. It may be either a single or a group of associated concepts, abstractions, or things.","mapping":[{"identity":"v2","map":"N/A"},{"identity":"rim","map":"N/A"},{"identity":"iso11179","map":"Data_Element.meaning.object_class"}],"max":"1","min":0,"path":"Extension","short":"Object Class","type":[{"code":"Extension"}]},{"base":{"max":"*","min":0,"path":"Element.id"},"definition":"unique id for the element within a resource (for internal references).","mapping":[{"identity":"rim","map":"n/a"}],"max":"1","min":0,"path":"Extension.id","representation":["xmlAttr"],"short":"xml:id (or equivalent in JSON)","type":[{"code":"id"}]},{"base":{"max":"*","min":0,"path":"Element.extension"},"definition":"An Extension","max":"0","min":0,"name":"extension","path":"Extension.extension","short":"Extension","type":[{"code":"Extension"}]},{"base":{"max":"1","min":1,"path":"Extension.url"},"comments":"The definition may point directly to a computable or human-readable definition of the extensibility codes, or it may be a logical URI as declared in some other specification. The definition should be version specific.  This will ideally be the URI for the Resource Profile defining the extension, with the code for the extension after a #.","definition":"Source of the definition for the extension code - a logical name or a URL.","fixedUri":"http://hl7.org/fhir/StructureDefinition/11179-objectClass","mapping":[{"identity":"rim","map":"N/A"}],"max":"1","min":1,"path":"Extension.url","representation":["xmlAttr"],"short":"identifies the meaning of the extension","type":[{"code":"uri"}]},{"base":{"max":"1","min":0,"path":"Extension.value[x]"},"binding":{"description":"A concept that represents a set of ideas, abstractions, or things in the real world that can be identified with explicit boundaries and meaning and whose properties and behavior follow the same rules; e.g. Person, Prescription, Encounter, etc.","strength":"example","valueSetReference":{"reference":"http://hl7.org/fhir/ValueSet/dataelement-sdcobjectclass"}},"definition":"Value of extension - may be a resource or one of a constrained set of the data types (see Extensibility in the spec for list).","mapping":[{"identity":"rim","map":"N/A"}],"max":"1","min":1,"path":"Extension.valueCoding","short":"Value of extension","type":[{"code":"Coding"}]}]},"status":"draft","url":"http://hl7.org/fhir/StructureDefinition/11179-objectClass"}