{"abstract":false,"baseDefinition":"http://hl7.org/fhir/StructureDefinition/Extension","baseType":"Extension","context":["ValueSet"],"contextType":"resource","date":"2016-06-06T20:14:04+00:00","derivation":"constraint","description":"Human readable names for the valueset.","differential":{"element":[{"definition":"Human readable names for the valueset.","isModifier":false,"max":"*","min":0,"path":"Extension","short":"Alternative names","type":[{"code":"Extension"}]},{"comments":"This need not be unique. However some use cases require uniqueness within a namespace and therefore best practice would be to make the name unique.","definition":"This name is intended to be human readable, short and as specific as possible and to convey the purpose of the value set.  It is considered to be the name of the value set.","isModifier":false,"max":"1","min":1,"name":"name","path":"Extension.extension","short":"Human readable, short and specific","type":[{"code":"Extension"}]},{"max":"0","name":"extension","path":"Extension.extension.extension"},{"fixedUri":"name","path":"Extension.extension.url","type":[{"code":"uri"}]},{"min":1,"path":"Extension.extension.value[x]","type":[{"code":"string"}]},{"comments":"There may be multiple human readable names in a given language, and this flag indicates which of them is preferred for the given language.","definition":"Flag that this Name in this Name Language is the preferred human-readable signifier in this language.","isModifier":false,"max":"1","min":0,"name":"preferred","path":"Extension.extension","short":"Which name is preferred for this language","type":[{"code":"Extension"}]},{"max":"0","name":"extension","path":"Extension.extension.extension"},{"fixedUri":"preferred","path":"Extension.extension.url","type":[{"code":"uri"}]},{"min":1,"path":"Extension.extension.value[x]","type":[{"code":"boolean"}]},{"fixedUri":"http://hl7.org/fhir/StructureDefinition/valueset-otherName","path":"Extension.url","type":[{"code":"uri"}]},{"max":"0","min":0,"path":"Extension.value[x]"}]},"fhirVersion":"1.4.0","id":"valueset-otherName","kind":"complex-type","name":"Alternative names","publisher":"HL7","resourceType":"StructureDefinition","snapshot":{"element":[{"base":{"max":"*","min":0,"path":"Extension"},"definition":"Human readable names for the valueset.","isModifier":false,"max":"*","min":0,"path":"Extension","short":"Alternative names","type":[{"code":"Extension"}]},{"base":{"max":"*","min":0,"path":"Element.id"},"definition":"unique id for the element within a resource (for internal references).","mapping":[{"identity":"rim","map":"n/a"}],"max":"1","min":0,"path":"Extension.id","representation":["xmlAttr"],"short":"xml:id (or equivalent in JSON)","type":[{"code":"id"}]},{"base":{"max":"*","min":0,"path":"Element.extension"},"definition":"An Extension","max":"*","min":0,"path":"Extension.extension","short":"Extension","slicing":{"discriminator":["url"],"ordered":false,"rules":"open"},"type":[{"code":"Extension"}]},{"base":{"max":"*","min":0,"path":"Element.extension"},"comments":"This need not be unique. However some use cases require uniqueness within a namespace and therefore best practice would be to make the name unique.","definition":"This name is intended to be human readable, short and as specific as possible and to convey the purpose of the value set.  It is considered to be the name of the value set.","isModifier":false,"max":"1","min":1,"name":"name","path":"Extension.extension","short":"Human readable, short and specific","type":[{"code":"Extension"}]},{"base":{"max":"*","min":0,"path":"Element.id"},"definition":"unique id for the element within a resource (for internal references).","mapping":[{"identity":"rim","map":"n/a"}],"max":"1","min":0,"path":"Extension.extension.id","representation":["xmlAttr"],"short":"xml:id (or equivalent in JSON)","type":[{"code":"id"}]},{"base":{"max":"*","min":0,"path":"Element.extension"},"definition":"An Extension","max":"0","min":0,"name":"extension","path":"Extension.extension.extension","short":"Extension","type":[{"code":"Extension"}]},{"base":{"max":"1","min":1,"path":"Extension.url"},"comments":"The definition may point directly to a computable or human-readable definition of the extensibility codes, or it may be a logical URI as declared in some other specification. The definition should be version specific.  This will ideally be the URI for the Resource Profile defining the extension, with the code for the extension after a #.","definition":"Source of the definition for the extension code - a logical name or a URL.","fixedUri":"name","mapping":[{"identity":"rim","map":"N/A"}],"max":"1","min":1,"path":"Extension.extension.url","representation":["xmlAttr"],"short":"identifies the meaning of the extension","type":[{"code":"uri"}]},{"base":{"max":"1","min":0,"path":"Extension.value[x]"},"definition":"Value of extension - may be a resource or one of a constrained set of the data types (see Extensibility in the spec for list).","mapping":[{"identity":"rim","map":"N/A"}],"max":"1","min":1,"path":"Extension.extension.valueString","short":"Value of extension","type":[{"code":"string"}]},{"base":{"max":"*","min":0,"path":"Element.extension"},"comments":"There may be multiple human readable names in a given language, and this flag indicates which of them is preferred for the given language.","definition":"Flag that this Name in this Name Language is the preferred human-readable signifier in this language.","isModifier":false,"max":"1","min":0,"name":"preferred","path":"Extension.extension","short":"Which name is preferred for this language","type":[{"code":"Extension"}]},{"base":{"max":"*","min":0,"path":"Element.id"},"definition":"unique id for the element within a resource (for internal references).","mapping":[{"identity":"rim","map":"n/a"}],"max":"1","min":0,"path":"Extension.extension.id","representation":["xmlAttr"],"short":"xml:id (or equivalent in JSON)","type":[{"code":"id"}]},{"base":{"max":"*","min":0,"path":"Element.extension"},"definition":"An Extension","max":"0","min":0,"name":"extension","path":"Extension.extension.extension","short":"Extension","type":[{"code":"Extension"}]},{"base":{"max":"1","min":1,"path":"Extension.url"},"comments":"The definition may point directly to a computable or human-readable definition of the extensibility codes, or it may be a logical URI as declared in some other specification. The definition should be version specific.  This will ideally be the URI for the Resource Profile defining the extension, with the code for the extension after a #.","definition":"Source of the definition for the extension code - a logical name or a URL.","fixedUri":"preferred","mapping":[{"identity":"rim","map":"N/A"}],"max":"1","min":1,"path":"Extension.extension.url","representation":["xmlAttr"],"short":"identifies the meaning of the extension","type":[{"code":"uri"}]},{"base":{"max":"1","min":0,"path":"Extension.value[x]"},"definition":"Value of extension - may be a resource or one of a constrained set of the data types (see Extensibility in the spec for list).","mapping":[{"identity":"rim","map":"N/A"}],"max":"1","min":1,"path":"Extension.extension.valueBoolean","short":"Value of extension","type":[{"code":"boolean"}]},{"base":{"max":"1","min":1,"path":"Extension.url"},"comments":"The definition may point directly to a computable or human-readable definition of the extensibility codes, or it may be a logical URI as declared in some other specification. The definition should be version specific.  This will ideally be the URI for the Resource Profile defining the extension, with the code for the extension after a #.","definition":"Source of the definition for the extension code - a logical name or a URL.","fixedUri":"http://hl7.org/fhir/StructureDefinition/valueset-otherName","mapping":[{"identity":"rim","map":"N/A"}],"max":"1","min":1,"path":"Extension.url","representation":["xmlAttr"],"short":"identifies the meaning of the extension","type":[{"code":"uri"}]},{"base":{"max":"1","min":0,"path":"Extension.value[x]"},"definition":"Value of extension - may be a resource or one of a constrained set of the data types (see Extensibility in the spec for list).","mapping":[{"identity":"rim","map":"N/A"}],"max":"0","min":0,"path":"Extension.value[x]","short":"Value of extension","type":[{"code":"boolean"},{"code":"integer"},{"code":"decimal"},{"code":"base64Binary"},{"code":"instant"},{"code":"string"},{"code":"uri"},{"code":"date"},{"code":"dateTime"},{"code":"time"},{"code":"code"},{"code":"oid"},{"code":"id"},{"code":"unsignedInt"},{"code":"positiveInt"},{"code":"markdown"},{"code":"Annotation"},{"code":"Attachment"},{"code":"Identifier"},{"code":"CodeableConcept"},{"code":"Coding"},{"code":"Quantity"},{"code":"Count"},{"code":"Age"},{"code":"Duration"},{"code":"Distance"},{"code":"Money"},{"code":"Range"},{"code":"Period"},{"code":"Ratio"},{"code":"SampledData"},{"code":"Signature"},{"code":"HumanName"},{"code":"Address"},{"code":"ContactPoint"},{"code":"Timing"},{"code":"Reference"},{"code":"Meta"}]}]},"status":"draft","url":"http://hl7.org/fhir/StructureDefinition/valueset-otherName"}