{"abstract":false,"baseDefinition":"http://hl7.org/fhir/StructureDefinition/Extension","baseType":"Extension","contact":[{"telecom":[{"system":"other","value":"http://hl7.org"}]}],"context":["DataElement"],"contextType":"resource","date":"2014-04-21","derivation":"constraint","description":"Identifies a document that conveys some sort of information related to the data element.","differential":{"element":[{"definition":"Identifies a document that conveys some sort of information related to the data element.","mapping":[{"identity":"iso11179","map":"Registered_Item.Document_Reference"}],"max":"*","min":0,"path":"Extension","short":"Pointer to document related to data element","type":[{"code":"Extension"}]},{"max":"0","name":"extension","path":"Extension.extension"},{"fixedUri":"http://hl7.org/fhir/StructureDefinition/11179-de-document-reference","path":"Extension.url","type":[{"code":"uri"}]},{"min":1,"path":"Extension.value[x]","type":[{"code":"Reference","profile":["http://hl7.org/fhir/StructureDefinition/DocumentReference"]}]}]},"fhirVersion":"1.4.0","id":"11179-de-document-reference","kind":"complex-type","mapping":[{"identity":"iso11179","name":"ISO 11179","uri":"http://metadata-standards.org/11179/"}],"name":"Pointer to document related to data element","publisher":"Health Level Seven International (Orders and Observations)","resourceType":"StructureDefinition","snapshot":{"element":[{"base":{"max":"*","min":0,"path":"Extension"},"definition":"Identifies a document that conveys some sort of information related to the data element.","mapping":[{"identity":"iso11179","map":"Registered_Item.Document_Reference"}],"max":"*","min":0,"path":"Extension","short":"Pointer to document related to data element","type":[{"code":"Extension"}]},{"base":{"max":"*","min":0,"path":"Element.id"},"definition":"unique id for the element within a resource (for internal references).","mapping":[{"identity":"rim","map":"n/a"}],"max":"1","min":0,"path":"Extension.id","representation":["xmlAttr"],"short":"xml:id (or equivalent in JSON)","type":[{"code":"id"}]},{"base":{"max":"*","min":0,"path":"Element.extension"},"definition":"An Extension","max":"0","min":0,"name":"extension","path":"Extension.extension","short":"Extension","type":[{"code":"Extension"}]},{"base":{"max":"1","min":1,"path":"Extension.url"},"comments":"The definition may point directly to a computable or human-readable definition of the extensibility codes, or it may be a logical URI as declared in some other specification. The definition should be version specific.  This will ideally be the URI for the Resource Profile defining the extension, with the code for the extension after a #.","definition":"Source of the definition for the extension code - a logical name or a URL.","fixedUri":"http://hl7.org/fhir/StructureDefinition/11179-de-document-reference","mapping":[{"identity":"rim","map":"N/A"}],"max":"1","min":1,"path":"Extension.url","representation":["xmlAttr"],"short":"identifies the meaning of the extension","type":[{"code":"uri"}]},{"base":{"max":"1","min":0,"path":"Extension.value[x]"},"definition":"Value of extension - may be a resource or one of a constrained set of the data types (see Extensibility in the spec for list).","mapping":[{"identity":"rim","map":"N/A"}],"max":"1","min":1,"path":"Extension.valueReference","short":"Value of extension","type":[{"code":"Reference","profile":["http://hl7.org/fhir/StructureDefinition/DocumentReference"]}]}]},"status":"draft","url":"http://hl7.org/fhir/StructureDefinition/11179-de-document-reference"}