{"abstract":false,"baseDefinition":"http://hl7.org/fhir/StructureDefinition/Extension","baseType":"Extension","context":["ValueSet.expansion.contains"],"contextType":"resource","date":"2016-06-06T20:14:04+00:00","derivation":"constraint","description":"If this a case sensitive code.","differential":{"element":[{"comments":"See comments on ValueSet.codeSystem.caseSensitive. Systems should generally assume case sensitivity when dealing with expansions, and only consider case sensitivity when matching existing codes.","definition":"If this a case sensitive code.","isModifier":false,"max":"1","min":0,"path":"Extension","short":"If code is case sensitive","type":[{"code":"Extension"}]},{"max":"0","name":"extension","path":"Extension.extension"},{"fixedUri":"http://hl7.org/fhir/StructureDefinition/valueset-caseSensitive","path":"Extension.url","type":[{"code":"uri"}]},{"min":1,"path":"Extension.value[x]","type":[{"code":"boolean"}]}]},"fhirVersion":"1.4.0","id":"valueset-caseSensitive","kind":"complex-type","name":"If code is case sensitive","publisher":"HL7","resourceType":"StructureDefinition","snapshot":{"element":[{"base":{"max":"*","min":0,"path":"Extension"},"comments":"See comments on ValueSet.codeSystem.caseSensitive. Systems should generally assume case sensitivity when dealing with expansions, and only consider case sensitivity when matching existing codes.","definition":"If this a case sensitive code.","isModifier":false,"max":"1","min":0,"path":"Extension","short":"If code is case sensitive","type":[{"code":"Extension"}]},{"base":{"max":"*","min":0,"path":"Element.id"},"definition":"unique id for the element within a resource (for internal references).","mapping":[{"identity":"rim","map":"n/a"}],"max":"1","min":0,"path":"Extension.id","representation":["xmlAttr"],"short":"xml:id (or equivalent in JSON)","type":[{"code":"id"}]},{"base":{"max":"*","min":0,"path":"Element.extension"},"definition":"An Extension","max":"0","min":0,"name":"extension","path":"Extension.extension","short":"Extension","type":[{"code":"Extension"}]},{"base":{"max":"1","min":1,"path":"Extension.url"},"comments":"The definition may point directly to a computable or human-readable definition of the extensibility codes, or it may be a logical URI as declared in some other specification. The definition should be version specific.  This will ideally be the URI for the Resource Profile defining the extension, with the code for the extension after a #.","definition":"Source of the definition for the extension code - a logical name or a URL.","fixedUri":"http://hl7.org/fhir/StructureDefinition/valueset-caseSensitive","mapping":[{"identity":"rim","map":"N/A"}],"max":"1","min":1,"path":"Extension.url","representation":["xmlAttr"],"short":"identifies the meaning of the extension","type":[{"code":"uri"}]},{"base":{"max":"1","min":0,"path":"Extension.value[x]"},"definition":"Value of extension - may be a resource or one of a constrained set of the data types (see Extensibility in the spec for list).","mapping":[{"identity":"rim","map":"N/A"}],"max":"1","min":1,"path":"Extension.valueBoolean","short":"Value of extension","type":[{"code":"boolean"}]}]},"status":"draft","url":"http://hl7.org/fhir/StructureDefinition/valueset-caseSensitive"}