{"abstract":false,"baseDefinition":"http://hl7.org/fhir/StructureDefinition/Extension","baseType":"Extension","context":["CodeSystem"],"contextType":"resource","date":"2016-06-06T20:14:04+00:00","derivation":"constraint","description":"The date when the value set version is no longer expected to be used to create new content. This is the first date-time when the value set version becomes Inactive, so this value MUST present on all Inactive value set versions. The start Date_time is expected to be as of 0001 UTC of the Expiration Date.","differential":{"element":[{"comments":"Upon reaching the Expiration Date, the value set Activity Status should be consdiered as inactive. An Inactive value set version may no longer be used to create new content, but it may be used to evaluate content created prior to the Expiration Date.","definition":"The date when the value set version is no longer expected to be used to create new content. This is the first date-time when the value set version becomes Inactive, so this value MUST present on all Inactive value set versions. The start Date_time is expected to be as of 0001 UTC of the Expiration Date.","isModifier":false,"max":"1","min":0,"path":"Extension","short":"When the value set version should no longer be used","type":[{"code":"Extension"}]},{"max":"0","name":"extension","path":"Extension.extension"},{"fixedUri":"http://hl7.org/fhir/StructureDefinition/codesystem-expirationDate","path":"Extension.url","type":[{"code":"uri"}]},{"min":1,"path":"Extension.value[x]","type":[{"code":"date"}]}]},"fhirVersion":"1.4.0","id":"codesystem-expirationDate","kind":"complex-type","name":"When the value set version should no longer be used","publisher":"HL7","resourceType":"StructureDefinition","snapshot":{"element":[{"base":{"max":"*","min":0,"path":"Extension"},"comments":"Upon reaching the Expiration Date, the value set Activity Status should be consdiered as inactive. An Inactive value set version may no longer be used to create new content, but it may be used to evaluate content created prior to the Expiration Date.","definition":"The date when the value set version is no longer expected to be used to create new content. This is the first date-time when the value set version becomes Inactive, so this value MUST present on all Inactive value set versions. The start Date_time is expected to be as of 0001 UTC of the Expiration Date.","isModifier":false,"max":"1","min":0,"path":"Extension","short":"When the value set version should no longer be used","type":[{"code":"Extension"}]},{"base":{"max":"*","min":0,"path":"Element.id"},"definition":"unique id for the element within a resource (for internal references).","mapping":[{"identity":"rim","map":"n/a"}],"max":"1","min":0,"path":"Extension.id","representation":["xmlAttr"],"short":"xml:id (or equivalent in JSON)","type":[{"code":"id"}]},{"base":{"max":"*","min":0,"path":"Element.extension"},"definition":"An Extension","max":"0","min":0,"name":"extension","path":"Extension.extension","short":"Extension","type":[{"code":"Extension"}]},{"base":{"max":"1","min":1,"path":"Extension.url"},"comments":"The definition may point directly to a computable or human-readable definition of the extensibility codes, or it may be a logical URI as declared in some other specification. The definition should be version specific.  This will ideally be the URI for the Resource Profile defining the extension, with the code for the extension after a #.","definition":"Source of the definition for the extension code - a logical name or a URL.","fixedUri":"http://hl7.org/fhir/StructureDefinition/codesystem-expirationDate","mapping":[{"identity":"rim","map":"N/A"}],"max":"1","min":1,"path":"Extension.url","representation":["xmlAttr"],"short":"identifies the meaning of the extension","type":[{"code":"uri"}]},{"base":{"max":"1","min":0,"path":"Extension.value[x]"},"definition":"Value of extension - may be a resource or one of a constrained set of the data types (see Extensibility in the spec for list).","mapping":[{"identity":"rim","map":"N/A"}],"max":"1","min":1,"path":"Extension.valueDate","short":"Value of extension","type":[{"code":"date"}]}]},"status":"draft","url":"http://hl7.org/fhir/StructureDefinition/codesystem-expirationDate"}