{"abstract":false,"baseDefinition":"http://hl7.org/fhir/StructureDefinition/Extension","baseType":"Extension","contact":[{"telecom":[{"system":"other","value":"http://hl7.org/special/committees/FHIR"}]}],"context":["StructureDefinition"],"contextType":"resource","date":"2014-01-31","derivation":"constraint","description":"This extension associates a structure definition with a data dictionary - a collection of data elements that any instance of data that conforms to the structure definition must also conform to. The value of the extension is a uri the defines a query that identifies the collection of relevant data elements\n\nThis extension can be used on any structure definition that is a constraint on the resource types Observation and Questionnaire. THe profile specifies which elements are mandatory etc., but any elements in a resource that conforms to the structure definition must also conform to one of the defined data elements.\n\nFor Observation:\n* Observation.code must be associated with a matching Data Element by DataElement.code. \n* The structure definition should bind Observation.code to a value set that has the same codes as the collection of data elements (though it can be narrower)\n* the unit and the quantity value should conform to the rules laid down in the matching Data Element\n\nFor Questionnaire:\n* todo.","differential":{"element":[{"comments":"The query can select a set of data element resources, or identify a bundle that is a collection of data elements.","definition":"This extension associates a structure definition with a data dictionary - a collection of data elements that any instance of data that conforms to the structure definition must also conform to. The value of the extension is a uri the defines a query that identifies the collection of relevant data elements\n\nThis extension can be used on any structure definition that is a constraint on the resource types Observation and Questionnaire. THe profile specifies which elements are mandatory etc., but any elements in a resource that conforms to the structure definition must also conform to one of the defined data elements.\n\nFor Observation:\n* Observation.code must be associated with a matching Data Element by DataElement.code. \n* The structure definition should bind Observation.code to a value set that has the same codes as the collection of data elements (though it can be narrower)\n* the unit and the quantity value should conform to the rules laid down in the matching Data Element\n\nFor Questionnaire:\n* todo.","max":"1","min":0,"path":"Extension","short":"Associates the structure definition with a collection of Data Elements","type":[{"code":"Extension"}]},{"max":"0","name":"extension","path":"Extension.extension"},{"fixedUri":"http://hl7.org/fhir/StructureDefinition/datadictionary","path":"Extension.url","type":[{"code":"uri"}]},{"min":1,"path":"Extension.value[x]","type":[{"code":"string"}]}]},"display":"Data Dictionary","fhirVersion":"1.4.0","id":"datadictionary","kind":"complex-type","name":"Associates the structure definition with a collection of Data Elements","publisher":"Health Level Seven, Inc. - FHIR Core WG","resourceType":"StructureDefinition","snapshot":{"element":[{"base":{"max":"*","min":0,"path":"Extension"},"comments":"The query can select a set of data element resources, or identify a bundle that is a collection of data elements.","definition":"This extension associates a structure definition with a data dictionary - a collection of data elements that any instance of data that conforms to the structure definition must also conform to. The value of the extension is a uri the defines a query that identifies the collection of relevant data elements\n\nThis extension can be used on any structure definition that is a constraint on the resource types Observation and Questionnaire. THe profile specifies which elements are mandatory etc., but any elements in a resource that conforms to the structure definition must also conform to one of the defined data elements.\n\nFor Observation:\n* Observation.code must be associated with a matching Data Element by DataElement.code. \n* The structure definition should bind Observation.code to a value set that has the same codes as the collection of data elements (though it can be narrower)\n* the unit and the quantity value should conform to the rules laid down in the matching Data Element\n\nFor Questionnaire:\n* todo.","max":"1","min":0,"path":"Extension","short":"Associates the structure definition with a collection of Data Elements","type":[{"code":"Extension"}]},{"base":{"max":"*","min":0,"path":"Element.id"},"definition":"unique id for the element within a resource (for internal references).","mapping":[{"identity":"rim","map":"n/a"}],"max":"1","min":0,"path":"Extension.id","representation":["xmlAttr"],"short":"xml:id (or equivalent in JSON)","type":[{"code":"id"}]},{"base":{"max":"*","min":0,"path":"Element.extension"},"definition":"An Extension","max":"0","min":0,"name":"extension","path":"Extension.extension","short":"Extension","type":[{"code":"Extension"}]},{"base":{"max":"1","min":1,"path":"Extension.url"},"comments":"The definition may point directly to a computable or human-readable definition of the extensibility codes, or it may be a logical URI as declared in some other specification. The definition should be version specific.  This will ideally be the URI for the Resource Profile defining the extension, with the code for the extension after a #.","definition":"Source of the definition for the extension code - a logical name or a URL.","fixedUri":"http://hl7.org/fhir/StructureDefinition/datadictionary","mapping":[{"identity":"rim","map":"N/A"}],"max":"1","min":1,"path":"Extension.url","representation":["xmlAttr"],"short":"identifies the meaning of the extension","type":[{"code":"uri"}]},{"base":{"max":"1","min":0,"path":"Extension.value[x]"},"definition":"Value of extension - may be a resource or one of a constrained set of the data types (see Extensibility in the spec for list).","mapping":[{"identity":"rim","map":"N/A"}],"max":"1","min":1,"path":"Extension.valueString","short":"Value of extension","type":[{"code":"string"}]}]},"status":"draft","url":"http://hl7.org/fhir/StructureDefinition/datadictionary"}