{"abstract":false,"baseDefinition":"http://hl7.org/fhir/StructureDefinition/Extension","baseType":"Extension","contact":[{"telecom":[{"system":"other","value":"http://hl7.org/special/committees/FHIR"}]}],"context":["ElementDefinition.type.code"],"contextType":"datatype","date":"2014-01-31","derivation":"constraint","description":"The JSON type of a property - used for the value property of a primitive type (for which there is no type in the FHIR typing system).","differential":{"element":[{"comments":"This is in effect, compiler magic for the typing system.","definition":"The JSON type of a property - used for the value property of a primitive type (for which there is no type in the FHIR typing system).","max":"1","min":0,"path":"Extension","short":"Json type of value property","type":[{"code":"Extension"}]},{"max":"0","name":"extension","path":"Extension.extension"},{"fixedUri":"http://hl7.org/fhir/StructureDefinition/structuredefinition-json-type","path":"Extension.url","type":[{"code":"uri"}]},{"min":1,"path":"Extension.value[x]","type":[{"code":"string"}]}]},"fhirVersion":"1.4.0","id":"structuredefinition-json-type","kind":"complex-type","name":"Json type of value property","publisher":"Health Level Seven, Inc. - [WG Name] WG","resourceType":"StructureDefinition","snapshot":{"element":[{"base":{"max":"*","min":0,"path":"Extension"},"comments":"This is in effect, compiler magic for the typing system.","definition":"The JSON type of a property - used for the value property of a primitive type (for which there is no type in the FHIR typing system).","max":"1","min":0,"path":"Extension","short":"Json type of value property","type":[{"code":"Extension"}]},{"base":{"max":"*","min":0,"path":"Element.id"},"definition":"unique id for the element within a resource (for internal references).","mapping":[{"identity":"rim","map":"n/a"}],"max":"1","min":0,"path":"Extension.id","representation":["xmlAttr"],"short":"xml:id (or equivalent in JSON)","type":[{"code":"id"}]},{"base":{"max":"*","min":0,"path":"Element.extension"},"definition":"An Extension","max":"0","min":0,"name":"extension","path":"Extension.extension","short":"Extension","type":[{"code":"Extension"}]},{"base":{"max":"1","min":1,"path":"Extension.url"},"comments":"The definition may point directly to a computable or human-readable definition of the extensibility codes, or it may be a logical URI as declared in some other specification. The definition should be version specific.  This will ideally be the URI for the Resource Profile defining the extension, with the code for the extension after a #.","definition":"Source of the definition for the extension code - a logical name or a URL.","fixedUri":"http://hl7.org/fhir/StructureDefinition/structuredefinition-json-type","mapping":[{"identity":"rim","map":"N/A"}],"max":"1","min":1,"path":"Extension.url","representation":["xmlAttr"],"short":"identifies the meaning of the extension","type":[{"code":"uri"}]},{"base":{"max":"1","min":0,"path":"Extension.value[x]"},"definition":"Value of extension - may be a resource or one of a constrained set of the data types (see Extensibility in the spec for list).","mapping":[{"identity":"rim","map":"N/A"}],"max":"1","min":1,"path":"Extension.valueString","short":"Value of extension","type":[{"code":"string"}]}]},"status":"draft","url":"http://hl7.org/fhir/StructureDefinition/structuredefinition-json-type"}