{"abstract":false,"baseDefinition":"http://hl7.org/fhir/StructureDefinition/Extension","baseType":"Extension","contact":[{"telecom":[{"system":"other","value":"http://hl7.org/special/committees/FHIR"}]}],"context":["ElementDefinition"],"contextType":"datatype","date":"2014-01-31","derivation":"constraint","description":"A name to use for the type, in implementations. This is a suggestion; it's not a normative part of the FHIR specification, but it does appear in the UML diagrams, and is used in generated code, schemas, etc.to identify the type.","differential":{"element":[{"definition":"A name to use for the type, in implementations. This is a suggestion; it's not a normative part of the FHIR specification, but it does appear in the UML diagrams, and is used in generated code, schemas, etc.to identify the type.","max":"1","min":0,"path":"Extension","short":"Advisory - name of Type for implementations","type":[{"code":"Extension"}]},{"max":"0","name":"extension","path":"Extension.extension"},{"fixedUri":"http://hl7.org/fhir/StructureDefinition/structuredefinition-explicit-type-name","path":"Extension.url","type":[{"code":"uri"}]},{"min":1,"path":"Extension.value[x]","type":[{"code":"string"}]}]},"fhirVersion":"1.4.0","id":"structuredefinition-explicit-type-name","kind":"complex-type","name":"Advisory - name of Type for implementations","publisher":"Health Level Seven, Inc. - [WG Name] WG","resourceType":"StructureDefinition","snapshot":{"element":[{"base":{"max":"*","min":0,"path":"Extension"},"definition":"A name to use for the type, in implementations. This is a suggestion; it's not a normative part of the FHIR specification, but it does appear in the UML diagrams, and is used in generated code, schemas, etc.to identify the type.","max":"1","min":0,"path":"Extension","short":"Advisory - name of Type for implementations","type":[{"code":"Extension"}]},{"base":{"max":"*","min":0,"path":"Element.id"},"definition":"unique id for the element within a resource (for internal references).","mapping":[{"identity":"rim","map":"n/a"}],"max":"1","min":0,"path":"Extension.id","representation":["xmlAttr"],"short":"xml:id (or equivalent in JSON)","type":[{"code":"id"}]},{"base":{"max":"*","min":0,"path":"Element.extension"},"definition":"An Extension","max":"0","min":0,"name":"extension","path":"Extension.extension","short":"Extension","type":[{"code":"Extension"}]},{"base":{"max":"1","min":1,"path":"Extension.url"},"comments":"The definition may point directly to a computable or human-readable definition of the extensibility codes, or it may be a logical URI as declared in some other specification. The definition should be version specific.  This will ideally be the URI for the Resource Profile defining the extension, with the code for the extension after a #.","definition":"Source of the definition for the extension code - a logical name or a URL.","fixedUri":"http://hl7.org/fhir/StructureDefinition/structuredefinition-explicit-type-name","mapping":[{"identity":"rim","map":"N/A"}],"max":"1","min":1,"path":"Extension.url","representation":["xmlAttr"],"short":"identifies the meaning of the extension","type":[{"code":"uri"}]},{"base":{"max":"1","min":0,"path":"Extension.value[x]"},"definition":"Value of extension - may be a resource or one of a constrained set of the data types (see Extensibility in the spec for list).","mapping":[{"identity":"rim","map":"N/A"}],"max":"1","min":1,"path":"Extension.valueString","short":"Value of extension","type":[{"code":"string"}]}]},"status":"draft","url":"http://hl7.org/fhir/StructureDefinition/structuredefinition-explicit-type-name"}