{
  "resourceType": "StructureDefinition",
  "id": "valueset-workflowStatus",
  "url": "http://hl7.org/fhir/StructureDefinition/valueset-workflowStatus",
  "name": "Indicates the state of development of the value set",
  "status": "draft",
  "publisher": "HL7",
  "date": "2016-06-06T20:14:04+00:00",
  "description": "Workflow Status is used to represent details of the value set development process while the value set has an Activity Status of Preliminary. The development of a value set often follows a formal workflow process from initiation to completion, and this element carries the state variable for this state machine. The assumption is that when first created a value set would have a workflow state of Draft. Additional workflow states may be used.",
  "fhirVersion": "1.4.0",
  "kind": "complex-type",
  "abstract": false,
  "contextType": "resource",
  "context": [
    "ValueSet"
  ],
  "baseType": "Extension",
  "baseDefinition": "http://hl7.org/fhir/StructureDefinition/Extension",
  "derivation": "constraint",
  "snapshot": {
    "element": [
      {
        "path": "Extension",
        "short": "Indicates the state of development of the value set",
        "definition": "Workflow Status is used to represent details of the value set development process while the value set has an Activity Status of Preliminary. The development of a value set often follows a formal workflow process from initiation to completion, and this element carries the state variable for this state machine. The assumption is that when first created a value set would have a workflow state of Draft. Additional workflow states may be used.",
        "comments": "The values that this element may assume include phrases that capture various stages in review and approval. In addition to the minimum of ???Draft???,  these include ???Proposed???, ???Approved???, ???Ready to Publish???.  There may be additional states defined by different developers. This is an optional element because the use of Activity Status ???Preliminary??? may be sufficient for some implementations.",
        "min": 0,
        "max": "1",
        "base": {
          "path": "Extension",
          "min": 0,
          "max": "*"
        },
        "type": [
          {
            "code": "Extension"
          }
        ],
        "isModifier": false
      },
      {
        "path": "Extension.id",
        "representation": [
          "xmlAttr"
        ],
        "short": "xml:id (or equivalent in JSON)",
        "definition": "unique id for the element within a resource (for internal references).",
        "min": 0,
        "max": "1",
        "base": {
          "path": "Element.id",
          "min": 0,
          "max": "*"
        },
        "type": [
          {
            "code": "id"
          }
        ],
        "mapping": [
          {
            "identity": "rim",
            "map": "n/a"
          }
        ]
      },
      {
        "path": "Extension.extension",
        "name": "extension",
        "short": "Extension",
        "definition": "An Extension",
        "min": 0,
        "max": "0",
        "base": {
          "path": "Element.extension",
          "min": 0,
          "max": "*"
        },
        "type": [
          {
            "code": "Extension"
          }
        ]
      },
      {
        "path": "Extension.url",
        "representation": [
          "xmlAttr"
        ],
        "short": "identifies the meaning of the extension",
        "definition": "Source of the definition for the extension code - a logical name or a URL.",
        "comments": "The definition may point directly to a computable or human-readable definition of the extensibility codes, or it may be a logical URI as declared in some other specification. The definition should be version specific.  This will ideally be the URI for the Resource Profile defining the extension, with the code for the extension after a #.",
        "min": 1,
        "max": "1",
        "base": {
          "path": "Extension.url",
          "min": 1,
          "max": "1"
        },
        "type": [
          {
            "code": "uri"
          }
        ],
        "fixedUri": "http://hl7.org/fhir/StructureDefinition/valueset-workflowStatus",
        "mapping": [
          {
            "identity": "rim",
            "map": "N/A"
          }
        ]
      },
      {
        "path": "Extension.valueString",
        "short": "Value of extension",
        "definition": "Value of extension - may be a resource or one of a constrained set of the data types (see Extensibility in the spec for list).",
        "min": 1,
        "max": "1",
        "base": {
          "path": "Extension.value[x]",
          "min": 0,
          "max": "1"
        },
        "type": [
          {
            "code": "string"
          }
        ],
        "mapping": [
          {
            "identity": "rim",
            "map": "N/A"
          }
        ]
      }
    ]
  },
  "differential": {
    "element": [
      {
        "path": "Extension",
        "short": "Indicates the state of development of the value set",
        "definition": "Workflow Status is used to represent details of the value set development process while the value set has an Activity Status of Preliminary. The development of a value set often follows a formal workflow process from initiation to completion, and this element carries the state variable for this state machine. The assumption is that when first created a value set would have a workflow state of Draft. Additional workflow states may be used.",
        "comments": "The values that this element may assume include phrases that capture various stages in review and approval. In addition to the minimum of ???Draft???,  these include ???Proposed???, ???Approved???, ???Ready to Publish???.  There may be additional states defined by different developers. This is an optional element because the use of Activity Status ???Preliminary??? may be sufficient for some implementations.",
        "min": 0,
        "max": "1",
        "type": [
          {
            "code": "Extension"
          }
        ],
        "isModifier": false
      },
      {
        "path": "Extension.extension",
        "name": "extension",
        "max": "0"
      },
      {
        "path": "Extension.url",
        "type": [
          {
            "code": "uri"
          }
        ],
        "fixedUri": "http://hl7.org/fhir/StructureDefinition/valueset-workflowStatus"
      },
      {
        "path": "Extension.value[x]",
        "min": 1,
        "type": [
          {
            "code": "string"
          }
        ]
      }
    ]
  }
}