{"abstract":false,"baseDefinition":"http://hl7.org/fhir/StructureDefinition/Extension","baseType":"Extension","contact":[{"telecom":[{"system":"other","value":"http://www.hl7.org"}]}],"context":["Questionnaire.item","Questionnaire.item.item"],"contextType":"resource","date":"2013-07-04","derivation":"constraint","description":"Provides a computable unit of measure associated with numeric questions to support subsequent computation on responses.","differential":{"element":[{"comments":"The human-readable unit is conveyed as a display element.  This element is for computation purposes.","constraint":[{"expression":"$parent.type='integer' or $parent.type='decimal'","human":"Lookup Questionnaire can only be specified for questions with a type of \"integer\" or \"decimal\"","key":"inv-16","severity":"error","xpath":"parent::*/f:type/@value=('integer', 'decimal')"}],"definition":"Provides a computable unit of measure associated with numeric questions to support subsequent computation on responses.","mapping":[{"identity":"rim","map":"N/A (MIF-level)"}],"max":"1","min":0,"path":"Extension","short":"Unit for numeric answer","type":[{"code":"Extension"}]},{"max":"0","name":"extension","path":"Extension.extension"},{"fixedUri":"http://hl7.org/fhir/StructureDefinition/questionnaire-unit","path":"Extension.url","type":[{"code":"uri"}]},{"min":1,"path":"Extension.value[x]","type":[{"code":"Coding"}]}]},"fhirVersion":"1.4.0","id":"questionnaire-unit","kind":"complex-type","mapping":[{"identity":"rim","name":"RIM","uri":"http://hl7.org/v3"}],"name":"Unit for numeric answer","publisher":"HL7","resourceType":"StructureDefinition","snapshot":{"element":[{"base":{"max":"*","min":0,"path":"Extension"},"comments":"The human-readable unit is conveyed as a display element.  This element is for computation purposes.","constraint":[{"expression":"$parent.type='integer' or $parent.type='decimal'","human":"Lookup Questionnaire can only be specified for questions with a type of \"integer\" or \"decimal\"","key":"inv-16","severity":"error","xpath":"parent::*/f:type/@value=('integer', 'decimal')"}],"definition":"Provides a computable unit of measure associated with numeric questions to support subsequent computation on responses.","mapping":[{"identity":"rim","map":"N/A (MIF-level)"}],"max":"1","min":0,"path":"Extension","short":"Unit for numeric answer","type":[{"code":"Extension"}]},{"base":{"max":"*","min":0,"path":"Element.id"},"definition":"unique id for the element within a resource (for internal references).","mapping":[{"identity":"rim","map":"n/a"}],"max":"1","min":0,"path":"Extension.id","representation":["xmlAttr"],"short":"xml:id (or equivalent in JSON)","type":[{"code":"id"}]},{"base":{"max":"*","min":0,"path":"Element.extension"},"definition":"An Extension","max":"0","min":0,"name":"extension","path":"Extension.extension","short":"Extension","type":[{"code":"Extension"}]},{"base":{"max":"1","min":1,"path":"Extension.url"},"comments":"The definition may point directly to a computable or human-readable definition of the extensibility codes, or it may be a logical URI as declared in some other specification. The definition should be version specific.  This will ideally be the URI for the Resource Profile defining the extension, with the code for the extension after a #.","definition":"Source of the definition for the extension code - a logical name or a URL.","fixedUri":"http://hl7.org/fhir/StructureDefinition/questionnaire-unit","mapping":[{"identity":"rim","map":"N/A"}],"max":"1","min":1,"path":"Extension.url","representation":["xmlAttr"],"short":"identifies the meaning of the extension","type":[{"code":"uri"}]},{"base":{"max":"1","min":0,"path":"Extension.value[x]"},"definition":"Value of extension - may be a resource or one of a constrained set of the data types (see Extensibility in the spec for list).","mapping":[{"identity":"rim","map":"N/A"}],"max":"1","min":1,"path":"Extension.valueCoding","short":"Value of extension","type":[{"code":"Coding"}]}]},"status":"draft","url":"http://hl7.org/fhir/StructureDefinition/questionnaire-unit"}