{"abstract":false,"baseDefinition":"http://hl7.org/fhir/StructureDefinition/Extension","baseType":"Extension","contact":[{"telecom":[{"system":"other","value":"http://www.hl7.org"}]}],"context":["Questionnaire.item","Questionnaire.item.item"],"contextType":"resource","date":"2013-07-04","derivation":"constraint","description":"Identifies the desired orientation when rendering a list of choices (typically radio-box or check-box lists).","differential":{"element":[{"comments":"Systems may choose to wrap answers rather than attempting to display them all in one row or column.  Language conventions may determine the order in which the choices are listed (left-to-right or right-to-left, etc.).","constraint":[{"expression":"$parent.type='choice' or $parent.type='open-choice'","human":"choiceOrientation can only be present on elements of type \"choice\" or \"open-choice\"","key":"inv-6","severity":"error","xpath":"parent::*/f:type/@value=('choice', 'open-choice')"}],"definition":"Identifies the desired orientation when rendering a list of choices (typically radio-box or check-box lists).","max":"1","min":0,"path":"Extension","short":"horizontal | vertical","type":[{"code":"Extension"}]},{"max":"0","name":"extension","path":"Extension.extension"},{"fixedUri":"http://hl7.org/fhir/StructureDefinition/questionnaire-choiceOrientation","path":"Extension.url","type":[{"code":"uri"}]},{"binding":{"description":"Direction in which lists of question options should be displayed","strength":"required","valueSetReference":{"reference":"http://hl7.org/fhir/ValueSet/choice-list-orientation"}},"min":1,"path":"Extension.value[x]","type":[{"code":"code"}]}]},"fhirVersion":"1.4.0","id":"questionnaire-choiceOrientation","kind":"complex-type","name":"horizontal | vertical","publisher":"HL7","resourceType":"StructureDefinition","snapshot":{"element":[{"base":{"max":"*","min":0,"path":"Extension"},"comments":"Systems may choose to wrap answers rather than attempting to display them all in one row or column.  Language conventions may determine the order in which the choices are listed (left-to-right or right-to-left, etc.).","constraint":[{"expression":"$parent.type='choice' or $parent.type='open-choice'","human":"choiceOrientation can only be present on elements of type \"choice\" or \"open-choice\"","key":"inv-6","severity":"error","xpath":"parent::*/f:type/@value=('choice', 'open-choice')"}],"definition":"Identifies the desired orientation when rendering a list of choices (typically radio-box or check-box lists).","max":"1","min":0,"path":"Extension","short":"horizontal | vertical","type":[{"code":"Extension"}]},{"base":{"max":"*","min":0,"path":"Element.id"},"definition":"unique id for the element within a resource (for internal references).","mapping":[{"identity":"rim","map":"n/a"}],"max":"1","min":0,"path":"Extension.id","representation":["xmlAttr"],"short":"xml:id (or equivalent in JSON)","type":[{"code":"id"}]},{"base":{"max":"*","min":0,"path":"Element.extension"},"definition":"An Extension","max":"0","min":0,"name":"extension","path":"Extension.extension","short":"Extension","type":[{"code":"Extension"}]},{"base":{"max":"1","min":1,"path":"Extension.url"},"comments":"The definition may point directly to a computable or human-readable definition of the extensibility codes, or it may be a logical URI as declared in some other specification. The definition should be version specific.  This will ideally be the URI for the Resource Profile defining the extension, with the code for the extension after a #.","definition":"Source of the definition for the extension code - a logical name or a URL.","fixedUri":"http://hl7.org/fhir/StructureDefinition/questionnaire-choiceOrientation","mapping":[{"identity":"rim","map":"N/A"}],"max":"1","min":1,"path":"Extension.url","representation":["xmlAttr"],"short":"identifies the meaning of the extension","type":[{"code":"uri"}]},{"base":{"max":"1","min":0,"path":"Extension.value[x]"},"binding":{"description":"Direction in which lists of question options should be displayed","strength":"required","valueSetReference":{"reference":"http://hl7.org/fhir/ValueSet/choice-list-orientation"}},"definition":"Value of extension - may be a resource or one of a constrained set of the data types (see Extensibility in the spec for list).","mapping":[{"identity":"rim","map":"N/A"}],"max":"1","min":1,"path":"Extension.valueCode","short":"Value of extension","type":[{"code":"code"}]}]},"status":"draft","url":"http://hl7.org/fhir/StructureDefinition/questionnaire-choiceOrientation"}