{"abstract":false,"baseDefinition":"http://hl7.org/fhir/StructureDefinition/Extension","baseType":"Extension","contact":[{"telecom":[{"system":"other","value":"http://www.hl7.org/Special/committees/mnm"}]}],"context":["string"],"contextType":"datatype","date":"2012-06-24","derivation":"constraint","description":"Provides a coded expression for the content represented in a string.","differential":{"element":[{"definition":"Provides a coded expression for the content represented in a string.","mapping":[{"identity":"rim","map":"SC.code"}],"max":"*","min":0,"path":"Extension","short":"code for string","type":[{"code":"Extension"}]},{"max":"0","name":"extension","path":"Extension.extension"},{"fixedUri":"http://hl7.org/fhir/StructureDefinition/iso21090-SC-coding","path":"Extension.url","type":[{"code":"uri"}]},{"binding":{"description":"A coded representation for a string.  Could be codes for country in a country address part, codes for prefixes in a name part, etc.","strength":"example"},"min":1,"path":"Extension.value[x]","type":[{"code":"Coding"}]}]},"fhirVersion":"1.4.0","id":"iso21090-SC-coding","kind":"complex-type","mapping":[{"identity":"rim","name":"RIM","uri":"http://hl7.org/v3"}],"name":"code for string","publisher":"Health Level Seven International (Modeling and Methodology)","resourceType":"StructureDefinition","snapshot":{"element":[{"base":{"max":"*","min":0,"path":"Extension"},"definition":"Provides a coded expression for the content represented in a string.","mapping":[{"identity":"rim","map":"SC.code"}],"max":"*","min":0,"path":"Extension","short":"code for string","type":[{"code":"Extension"}]},{"base":{"max":"*","min":0,"path":"Element.id"},"definition":"unique id for the element within a resource (for internal references).","mapping":[{"identity":"rim","map":"n/a"}],"max":"1","min":0,"path":"Extension.id","representation":["xmlAttr"],"short":"xml:id (or equivalent in JSON)","type":[{"code":"id"}]},{"base":{"max":"*","min":0,"path":"Element.extension"},"definition":"An Extension","max":"0","min":0,"name":"extension","path":"Extension.extension","short":"Extension","type":[{"code":"Extension"}]},{"base":{"max":"1","min":1,"path":"Extension.url"},"comments":"The definition may point directly to a computable or human-readable definition of the extensibility codes, or it may be a logical URI as declared in some other specification. The definition should be version specific.  This will ideally be the URI for the Resource Profile defining the extension, with the code for the extension after a #.","definition":"Source of the definition for the extension code - a logical name or a URL.","fixedUri":"http://hl7.org/fhir/StructureDefinition/iso21090-SC-coding","mapping":[{"identity":"rim","map":"N/A"}],"max":"1","min":1,"path":"Extension.url","representation":["xmlAttr"],"short":"identifies the meaning of the extension","type":[{"code":"uri"}]},{"base":{"max":"1","min":0,"path":"Extension.value[x]"},"binding":{"description":"A coded representation for a string.  Could be codes for country in a country address part, codes for prefixes in a name part, etc.","strength":"example"},"definition":"Value of extension - may be a resource or one of a constrained set of the data types (see Extensibility in the spec for list).","mapping":[{"identity":"rim","map":"N/A"}],"max":"1","min":1,"path":"Extension.valueCoding","short":"Value of extension","type":[{"code":"Coding"}]}]},"status":"draft","url":"http://hl7.org/fhir/StructureDefinition/iso21090-SC-coding"}