{
  "resourceType": "StructureDefinition",
  "id": "iso21090-EN-qualifier",
  "url": "http://hl7.org/fhir/StructureDefinition/iso21090-EN-qualifier",
  "name": "LS | AC | NB | PR | HON | BR | AD | SP | MID | CL | IN",
  "status": "draft",
  "publisher": "Health Level Seven International (Modeling and Methodology)",
  "contact": [
    {
      "telecom": [
        {
          "system": "other",
          "value": "http://www.hl7.org/Special/committees/mnm"
        }
      ]
    }
  ],
  "date": "2012-06-24",
  "description": "A set of codes each of which specifies a certain subcategory of the name part in addition to the main name part type.",
  "fhirVersion": "1.4.0",
  "mapping": [
    {
      "identity": "rim",
      "uri": "http://hl7.org/v3",
      "name": "RIM"
    }
  ],
  "kind": "complex-type",
  "abstract": false,
  "contextType": "datatype",
  "context": [
    "HumanName.family",
    "HumanName.given",
    "HumanName.prefix",
    "HumanName.suffix"
  ],
  "baseType": "Extension",
  "baseDefinition": "http://hl7.org/fhir/StructureDefinition/Extension",
  "derivation": "constraint",
  "snapshot": {
    "element": [
      {
        "path": "Extension",
        "short": "LS | AC | NB | PR | HON | BR | AD | SP | MID | CL | IN",
        "definition": "A set of codes each of which specifies a certain subcategory of the name part in addition to the main name part type.",
        "comments": "Used to indicate additional information about the name part and how it should be used.",
        "min": 0,
        "max": "*",
        "base": {
          "path": "Extension",
          "min": 0,
          "max": "*"
        },
        "type": [
          {
            "code": "Extension"
          }
        ],
        "isModifier": false,
        "mapping": [
          {
            "identity": "rim",
            "map": "ENXP.qualifier"
          }
        ]
      },
      {
        "path": "Extension.id",
        "representation": [
          "xmlAttr"
        ],
        "short": "xml:id (or equivalent in JSON)",
        "definition": "unique id for the element within a resource (for internal references).",
        "min": 0,
        "max": "1",
        "base": {
          "path": "Element.id",
          "min": 0,
          "max": "*"
        },
        "type": [
          {
            "code": "id"
          }
        ],
        "mapping": [
          {
            "identity": "rim",
            "map": "n/a"
          }
        ]
      },
      {
        "path": "Extension.extension",
        "name": "extension",
        "short": "Extension",
        "definition": "An Extension",
        "min": 0,
        "max": "0",
        "base": {
          "path": "Element.extension",
          "min": 0,
          "max": "*"
        },
        "type": [
          {
            "code": "Extension"
          }
        ]
      },
      {
        "path": "Extension.url",
        "representation": [
          "xmlAttr"
        ],
        "short": "identifies the meaning of the extension",
        "definition": "Source of the definition for the extension code - a logical name or a URL.",
        "comments": "The definition may point directly to a computable or human-readable definition of the extensibility codes, or it may be a logical URI as declared in some other specification. The definition should be version specific.  This will ideally be the URI for the Resource Profile defining the extension, with the code for the extension after a #.",
        "min": 1,
        "max": "1",
        "base": {
          "path": "Extension.url",
          "min": 1,
          "max": "1"
        },
        "type": [
          {
            "code": "uri"
          }
        ],
        "fixedUri": "http://hl7.org/fhir/StructureDefinition/iso21090-EN-qualifier",
        "mapping": [
          {
            "identity": "rim",
            "map": "N/A"
          }
        ]
      },
      {
        "path": "Extension.valueCode",
        "short": "Value of extension",
        "definition": "Value of extension - may be a resource or one of a constrained set of the data types (see Extensibility in the spec for list).",
        "min": 1,
        "max": "1",
        "base": {
          "path": "Extension.value[x]",
          "min": 0,
          "max": "1"
        },
        "type": [
          {
            "code": "code"
          }
        ],
        "binding": {
          "strength": "required",
          "description": "A set of codes each of which specifies a certain subcategory of the name part in addition to the main name part type",
          "valueSetReference": {
            "reference": "http://hl7.org/fhir/ValueSet/name-part-qualifier"
          }
        },
        "mapping": [
          {
            "identity": "rim",
            "map": "N/A"
          }
        ]
      }
    ]
  },
  "differential": {
    "element": [
      {
        "path": "Extension",
        "short": "LS | AC | NB | PR | HON | BR | AD | SP | MID | CL | IN",
        "definition": "A set of codes each of which specifies a certain subcategory of the name part in addition to the main name part type.",
        "comments": "Used to indicate additional information about the name part and how it should be used.",
        "min": 0,
        "max": "*",
        "type": [
          {
            "code": "Extension"
          }
        ],
        "isModifier": false,
        "mapping": [
          {
            "identity": "rim",
            "map": "ENXP.qualifier"
          }
        ]
      },
      {
        "path": "Extension.extension",
        "name": "extension",
        "max": "0"
      },
      {
        "path": "Extension.url",
        "type": [
          {
            "code": "uri"
          }
        ],
        "fixedUri": "http://hl7.org/fhir/StructureDefinition/iso21090-EN-qualifier"
      },
      {
        "path": "Extension.value[x]",
        "min": 1,
        "type": [
          {
            "code": "code"
          }
        ],
        "binding": {
          "strength": "required",
          "description": "A set of codes each of which specifies a certain subcategory of the name part in addition to the main name part type",
          "valueSetReference": {
            "reference": "http://hl7.org/fhir/ValueSet/name-part-qualifier"
          }
        }
      }
    ]
  }
}