{"abstract":false,"baseDefinition":"http://hl7.org/fhir/StructureDefinition/Extension","baseType":"Extension","contact":[{"telecom":[{"system":"other","value":"HL7"}]}],"context":["MedicationDispense"],"contextType":"resource","date":"2015-02-17","derivation":"constraint","description":"The time interval when the medication must be administered. The start and end times must be expressed as dateTimes, not times relative to the dispensing time (e.g. use within 24 hours).","differential":{"element":[{"definition":"The time interval when the medication must be administered. The start and end times must be expressed as dateTimes, not times relative to the dispensing time (e.g. use within 24 hours).","max":"1","min":0,"path":"Extension","short":"Time interval for medication administration","type":[{"code":"Extension"}]},{"max":"0","name":"extension","path":"Extension.extension"},{"fixedUri":"http://hl7.org/fhir/StructureDefinition/medicationdispense-validityPeriod","path":"Extension.url","type":[{"code":"uri"}]},{"min":1,"path":"Extension.value[x]","type":[{"code":"Period"}]}]},"display":"validityPeriod","fhirVersion":"1.4.0","id":"medicationdispense-validityPeriod","kind":"complex-type","name":"Time interval for medication administration","publisher":"Health Level Seven, Inc. - FHIR WG","resourceType":"StructureDefinition","snapshot":{"element":[{"base":{"max":"*","min":0,"path":"Extension"},"definition":"The time interval when the medication must be administered. The start and end times must be expressed as dateTimes, not times relative to the dispensing time (e.g. use within 24 hours).","max":"1","min":0,"path":"Extension","short":"Time interval for medication administration","type":[{"code":"Extension"}]},{"base":{"max":"*","min":0,"path":"Element.id"},"definition":"unique id for the element within a resource (for internal references).","mapping":[{"identity":"rim","map":"n/a"}],"max":"1","min":0,"path":"Extension.id","representation":["xmlAttr"],"short":"xml:id (or equivalent in JSON)","type":[{"code":"id"}]},{"base":{"max":"*","min":0,"path":"Element.extension"},"definition":"An Extension","max":"0","min":0,"name":"extension","path":"Extension.extension","short":"Extension","type":[{"code":"Extension"}]},{"base":{"max":"1","min":1,"path":"Extension.url"},"comments":"The definition may point directly to a computable or human-readable definition of the extensibility codes, or it may be a logical URI as declared in some other specification. The definition should be version specific.  This will ideally be the URI for the Resource Profile defining the extension, with the code for the extension after a #.","definition":"Source of the definition for the extension code - a logical name or a URL.","fixedUri":"http://hl7.org/fhir/StructureDefinition/medicationdispense-validityPeriod","mapping":[{"identity":"rim","map":"N/A"}],"max":"1","min":1,"path":"Extension.url","representation":["xmlAttr"],"short":"identifies the meaning of the extension","type":[{"code":"uri"}]},{"base":{"max":"1","min":0,"path":"Extension.value[x]"},"definition":"Value of extension - may be a resource or one of a constrained set of the data types (see Extensibility in the spec for list).","mapping":[{"identity":"rim","map":"N/A"}],"max":"1","min":1,"path":"Extension.valuePeriod","short":"Value of extension","type":[{"code":"Period"}]}]},"status":"draft","url":"http://hl7.org/fhir/StructureDefinition/medicationdispense-validityPeriod"}