{"abstract":false,"baseDefinition":"http://hl7.org/fhir/StructureDefinition/Extension","baseType":"Extension","contact":[{"telecom":[{"system":"other","value":"http://www.hl7.org/Special/committees/mnm"}]}],"context":["Address"],"contextType":"datatype","date":"2012-06-24","derivation":"constraint","description":"Represents the routing information such as a letter carrier route number. It is the identifying number of the designator (the box number or rural route number).","differential":{"element":[{"definition":"Represents the routing information such as a letter carrier route number. It is the identifying number of the designator (the box number or rural route number).","mapping":[{"identity":"rim","map":"ADXP[partType=DMODID]"}],"max":"*","min":0,"path":"Extension","short":"deliveryModeIdentifier","type":[{"code":"Extension"}]},{"max":"0","name":"extension","path":"Extension.extension"},{"fixedUri":"http://hl7.org/fhir/StructureDefinition/iso21090-ADXP-deliveryModeIdentifier","path":"Extension.url","type":[{"code":"uri"}]},{"min":1,"path":"Extension.value[x]","type":[{"code":"string"}]}]},"fhirVersion":"1.4.0","id":"iso21090-ADXP-deliveryModeIdentifier","kind":"complex-type","mapping":[{"identity":"rim","name":"RIM","uri":"http://hl7.org/v3"}],"name":"deliveryModeIdentifier","publisher":"Health Level Seven International (Modeling and Methodology)","resourceType":"StructureDefinition","snapshot":{"element":[{"base":{"max":"*","min":0,"path":"Extension"},"definition":"Represents the routing information such as a letter carrier route number. It is the identifying number of the designator (the box number or rural route number).","mapping":[{"identity":"rim","map":"ADXP[partType=DMODID]"}],"max":"*","min":0,"path":"Extension","short":"deliveryModeIdentifier","type":[{"code":"Extension"}]},{"base":{"max":"*","min":0,"path":"Element.id"},"definition":"unique id for the element within a resource (for internal references).","mapping":[{"identity":"rim","map":"n/a"}],"max":"1","min":0,"path":"Extension.id","representation":["xmlAttr"],"short":"xml:id (or equivalent in JSON)","type":[{"code":"id"}]},{"base":{"max":"*","min":0,"path":"Element.extension"},"definition":"An Extension","max":"0","min":0,"name":"extension","path":"Extension.extension","short":"Extension","type":[{"code":"Extension"}]},{"base":{"max":"1","min":1,"path":"Extension.url"},"comments":"The definition may point directly to a computable or human-readable definition of the extensibility codes, or it may be a logical URI as declared in some other specification. The definition should be version specific.  This will ideally be the URI for the Resource Profile defining the extension, with the code for the extension after a #.","definition":"Source of the definition for the extension code - a logical name or a URL.","fixedUri":"http://hl7.org/fhir/StructureDefinition/iso21090-ADXP-deliveryModeIdentifier","mapping":[{"identity":"rim","map":"N/A"}],"max":"1","min":1,"path":"Extension.url","representation":["xmlAttr"],"short":"identifies the meaning of the extension","type":[{"code":"uri"}]},{"base":{"max":"1","min":0,"path":"Extension.value[x]"},"definition":"Value of extension - may be a resource or one of a constrained set of the data types (see Extensibility in the spec for list).","mapping":[{"identity":"rim","map":"N/A"}],"max":"1","min":1,"path":"Extension.valueString","short":"Value of extension","type":[{"code":"string"}]}]},"status":"draft","url":"http://hl7.org/fhir/StructureDefinition/iso21090-ADXP-deliveryModeIdentifier"}