{"contained":[{"description":"Type options for Observation.subject","expansion":{"contains":[{"code":"Patient","display":"Patient","system":"http://hl7.org/fhir/resource-types"},{"code":"Group","display":"Group","system":"http://hl7.org/fhir/resource-types"},{"code":"Device","display":"Device","system":"http://hl7.org/fhir/resource-types"},{"code":"Location","display":"Location","system":"http://hl7.org/fhir/resource-types"}],"identifier":"urn:uuid:7841db62-32b7-49dc-8139-7aedc1896aa0","timestamp":"2016-06-06T20:21:09+00:00"},"id":"vs2","name":"Type options for Observation.subject","resourceType":"ValueSet","status":"active"},{"description":"Type options for Observation.effective[x]","expansion":{"contains":[{"code":"dateTime","display":"dateTime","system":"http://hl7.org/fhir/data-types"},{"code":"Period","display":"Period","system":"http://hl7.org/fhir/data-types"}],"identifier":"urn:uuid:1007042e-736e-4c2a-a79f-e28c3f420028","timestamp":"2016-06-06T20:21:09+00:00"},"id":"vs3","name":"Type options for Observation.effective[x]","resourceType":"ValueSet","status":"active"},{"description":"Type options for Observation.performer","expansion":{"contains":[{"code":"Practitioner","display":"Practitioner","system":"http://hl7.org/fhir/resource-types"},{"code":"Organization","display":"Organization","system":"http://hl7.org/fhir/resource-types"},{"code":"Patient","display":"Patient","system":"http://hl7.org/fhir/resource-types"},{"code":"RelatedPerson","display":"RelatedPerson","system":"http://hl7.org/fhir/resource-types"}],"identifier":"urn:uuid:9176df7d-543c-4cea-93bd-2c43d07c476d","timestamp":"2016-06-06T20:21:09+00:00"},"id":"vs4","name":"Type options for Observation.performer","resourceType":"ValueSet","status":"active"},{"description":"Type options for Observation.device","expansion":{"contains":[{"code":"Device","display":"Device","system":"http://hl7.org/fhir/resource-types"},{"code":"DeviceMetric","display":"DeviceMetric","system":"http://hl7.org/fhir/resource-types"}],"identifier":"urn:uuid:e8bcb575-4529-4601-b0be-381358abea7c","timestamp":"2016-06-06T20:21:09+00:00"},"id":"vs5","name":"Type options for Observation.device","resourceType":"ValueSet","status":"active"},{"description":"Type options for Observation.related.target","expansion":{"contains":[{"code":"Observation","display":"Observation","system":"http://hl7.org/fhir/resource-types"},{"code":"QuestionnaireResponse","display":"QuestionnaireResponse","system":"http://hl7.org/fhir/resource-types"}],"identifier":"urn:uuid:8015822d-56b2-4980-bf21-fbee6e3aea3d","timestamp":"2016-06-06T20:21:09+00:00"},"id":"vs6","name":"Type options for Observation.related.target","resourceType":"ValueSet","status":"active"},{"description":"Type options for Observation.component.value[x]","expansion":{"contains":[{"code":"Quantity","display":"Quantity","system":"http://hl7.org/fhir/data-types"},{"code":"CodeableConcept","display":"CodeableConcept","system":"http://hl7.org/fhir/data-types"},{"code":"string","display":"string","system":"http://hl7.org/fhir/data-types"},{"code":"Range","display":"Range","system":"http://hl7.org/fhir/data-types"},{"code":"Ratio","display":"Ratio","system":"http://hl7.org/fhir/data-types"},{"code":"SampledData","display":"SampledData","system":"http://hl7.org/fhir/data-types"},{"code":"Attachment","display":"Attachment","system":"http://hl7.org/fhir/data-types"},{"code":"time","display":"time","system":"http://hl7.org/fhir/data-types"},{"code":"dateTime","display":"dateTime","system":"http://hl7.org/fhir/data-types"},{"code":"Period","display":"Period","system":"http://hl7.org/fhir/data-types"}],"identifier":"urn:uuid:0618274d-811c-4ff1-8eff-ba73e80b7be7","timestamp":"2016-06-06T20:21:09+00:00"},"id":"vs7","name":"Type options for Observation.component.value[x]","resourceType":"ValueSet","status":"active"}],"date":"2012-05-12T00:00:00+00:00","id":"qs1","identifier":[{"system":"urn:ietf:rfc:3986"}],"item":[{"extension":[{"url":"http://hl7.org/fhir/StructureDefinition/questionnaire-minOccurs","valueInteger":1},{"url":"http://hl7.org/fhir/StructureDefinition/questionnaire-maxOccurs","valueInteger":1}],"item":[{"text":"Used for simple observations such as device measurements, laboratory atomic results, vital signs, height, weight, smoking status, comments, etc.  Other resources are used to provide context for observations such as lab reports, etc.","type":"display"},{"extension":[{"url":"http://hl7.org/fhir/StructureDefinition/questionnaire-itemControl","valueCodeableConcept":{"coding":[{"code":"flyover","display":"Fly-over","system":"http://hl7.org/fhir/questionnaire-item-control"}]}}],"text":"Group of elements for HDL Cholesterol result.","type":"display"},{"extension":[{"url":"http://hl7.org/fhir/StructureDefinition/questionnaire-maxOccurs","valueInteger":1},{"url":"http://hl7.org/fhir/StructureDefinition/questionnaire-fhirType","valueString":"string"}],"item":[{"extension":[{"url":"http://hl7.org/fhir/StructureDefinition/questionnaire-itemControl","valueCodeableConcept":{"coding":[{"code":"flyover","display":"Fly-over","system":"http://hl7.org/fhir/questionnaire-item-control"}]}}],"text":"The logical id of the resource, as used in the URL for the resource. Once assigned, this value never changes. The only time that a resource does not have an id is when it is being submitted to the server using a create operation. Bundles always have an id, though it is usually a generated UUID.","type":"display"},{"linkId":"Observation.id.value","repeats":false,"required":false,"text":"Logical id of this artifact","type":"string"}],"linkId":"Observation.id","repeats":true,"required":false,"type":"group"},{"extension":[{"url":"http://hl7.org/fhir/StructureDefinition/questionnaire-maxOccurs","valueInteger":1}],"item":[{"extension":[{"url":"http://hl7.org/fhir/StructureDefinition/questionnaire-itemControl","valueCodeableConcept":{"coding":[{"code":"flyover","display":"Fly-over","system":"http://hl7.org/fhir/questionnaire-item-control"}]}}],"text":"The metadata about the resource. This is content that is maintained by the infrastructure. Changes to the content may not always be associated with version changes to the resource.","type":"display"}],"linkId":"Observation.meta","repeats":true,"required":false,"text":"Metadata about the resource","type":"group"},{"extension":[{"url":"http://hl7.org/fhir/StructureDefinition/questionnaire-maxOccurs","valueInteger":1},{"url":"http://hl7.org/fhir/StructureDefinition/questionnaire-fhirType","valueString":"uri"}],"item":[{"extension":[{"url":"http://hl7.org/fhir/StructureDefinition/questionnaire-itemControl","valueCodeableConcept":{"coding":[{"code":"flyover","display":"Fly-over","system":"http://hl7.org/fhir/questionnaire-item-control"}]}}],"text":"A reference to a set of rules that were followed when the resource was constructed, and which must be understood when processing the content. Asserting this rule set restricts the content to be only understood by a limited set of trading partners. This inherently limits the usefulness of the data in the long term. However, the existing health eco-system is highly fractured, and not yet ready to define, collect, and exchange data in a generally computable sense. Wherever possible, implementers and/or specification writers should avoid using this element as much as possible.","type":"display"},{"linkId":"Observation.implicitRules.value","repeats":false,"required":false,"text":"A set of rules under which this content was created","type":"string"}],"linkId":"Observation.implicitRules","repeats":true,"required":false,"type":"group"},{"extension":[{"url":"http://hl7.org/fhir/StructureDefinition/questionnaire-maxOccurs","valueInteger":1},{"url":"http://hl7.org/fhir/StructureDefinition/questionnaire-fhirType","valueString":"code"}],"item":[{"extension":[{"url":"http://hl7.org/fhir/StructureDefinition/questionnaire-itemControl","valueCodeableConcept":{"coding":[{"code":"flyover","display":"Fly-over","system":"http://hl7.org/fhir/questionnaire-item-control"}]}}],"text":"The base language in which the resource is written. Language is provided to support indexing and accessibility (typically, services such as text to speech use the language tag). The html language tag in the narrative applies  to the narrative. The language tag on the resource may be used to specify the language of other presentations generated from the data in the resource  Not all the content has to be in the base language. The Resource.language should not be assumed to apply to the narrative automatically. If a language is specified, it should it also be specified on the div element in the html (see rules in HTML5 for information about the relationship between xml:lang and the html lang attribute).","type":"display"},{"linkId":"Observation.language.value","repeats":false,"required":false,"text":"language","type":"choice"}],"linkId":"Observation.language","repeats":true,"required":false,"type":"group"},{"extension":[{"url":"http://hl7.org/fhir/StructureDefinition/questionnaire-maxOccurs","valueInteger":1}],"item":[{"extension":[{"url":"http://hl7.org/fhir/StructureDefinition/questionnaire-itemControl","valueCodeableConcept":{"coding":[{"code":"flyover","display":"Fly-over","system":"http://hl7.org/fhir/questionnaire-item-control"}]}}],"text":"A human-readable narrative that contains a summary of the resource, and may be used to represent the content of the resource to a human. The narrative need not encode all the structured data, but is required to contain sufficient detail to make it \"clinically safe\" for a human to just read the narrative. Resource definitions may define what content should be represented in the narrative to ensure clinical safety. Contained resources do not have narrative. Resources that are not contained SHOULD have a narrative.","type":"display"}],"linkId":"Observation.text","repeats":true,"required":false,"text":"Text summary of the resource, for human interpretation","type":"group"},{"item":[{"extension":[{"url":"http://hl7.org/fhir/StructureDefinition/questionnaire-itemControl","valueCodeableConcept":{"coding":[{"code":"flyover","display":"Fly-over","system":"http://hl7.org/fhir/questionnaire-item-control"}]}}],"text":"These resources do not have an independent existence apart from the resource that contains them - they cannot be identified independently, and nor can they have their own independent transaction scope. This should never be done when the content can be identified properly, as once identification is lost, it is extremely difficult (and context dependent) to restore it again.","type":"display"}],"linkId":"Observation.contained","repeats":true,"required":false,"text":"Contained, inline Resources","type":"group"},{"item":[{"extension":[{"url":"http://hl7.org/fhir/StructureDefinition/questionnaire-itemControl","valueCodeableConcept":{"coding":[{"code":"flyover","display":"Fly-over","system":"http://hl7.org/fhir/questionnaire-item-control"}]}}],"text":"May be used to represent additional information that is not part of the basic definition of the resource. In order to make the use of extensions safe and manageable, there is a strict set of governance  applied to the definition and use of extensions. Though any implementer is allowed to define an extension, there is a set of requirements that SHALL be met as part of the definition of the extension. There can be no stigma associated with the use of extensions by any application, project, or standard - regardless of the institution or jurisdiction that uses or defines the extensions.  The use of extensions is what allows the FHIR specification to retain a core level of simplicity for everyone.","type":"display"}],"linkId":"Observation.extension","repeats":true,"required":false,"text":"Additional Content defined by implementations","type":"group"},{"item":[{"extension":[{"url":"http://hl7.org/fhir/StructureDefinition/questionnaire-itemControl","valueCodeableConcept":{"coding":[{"code":"flyover","display":"Fly-over","system":"http://hl7.org/fhir/questionnaire-item-control"}]}}],"text":"May be used to represent additional information that is not part of the basic definition of the resource, and that modifies the understanding of the element that contains it. Usually modifier elements provide negation or qualification. In order to make the use of extensions safe and manageable, there is a strict set of governance applied to the definition and use of extensions. Though any implementer is allowed to define an extension, there is a set of requirements that SHALL be met as part of the definition of the extension. Applications processing a resource are required to check for modifier extensions. There can be no stigma associated with the use of extensions by any application, project, or standard - regardless of the institution or jurisdiction that uses or defines the extensions.  The use of extensions is what allows the FHIR specification to retain a core level of simplicity for everyone.","type":"display"}],"linkId":"Observation.modifierExtension","repeats":true,"required":false,"text":"Extensions that cannot be ignored","type":"group"},{"extension":[{"url":"http://hl7.org/fhir/StructureDefinition/questionnaire-fhirType","valueString":"Identifier"}],"item":[{"extension":[{"url":"http://hl7.org/fhir/StructureDefinition/questionnaire-itemControl","valueCodeableConcept":{"coding":[{"code":"flyover","display":"Fly-over","system":"http://hl7.org/fhir/questionnaire-item-control"}]}}],"text":"A unique identifier for the simple observation instance.","type":"display"},{"linkId":"Observation.identifier.label","repeats":false,"required":false,"text":"label:","type":"string"},{"linkId":"Observation.identifier.system","repeats":false,"required":false,"text":"system:","type":"string"},{"linkId":"Observation.identifier.value","repeats":false,"required":false,"text":"value:","type":"string"}],"linkId":"Observation.identifier","repeats":true,"required":false,"text":"Unique Id for this particular observation","type":"group"},{"extension":[{"url":"http://hl7.org/fhir/StructureDefinition/questionnaire-minOccurs","valueInteger":1},{"url":"http://hl7.org/fhir/StructureDefinition/questionnaire-maxOccurs","valueInteger":1},{"url":"http://hl7.org/fhir/StructureDefinition/questionnaire-fhirType","valueString":"code"}],"item":[{"extension":[{"url":"http://hl7.org/fhir/StructureDefinition/questionnaire-itemControl","valueCodeableConcept":{"coding":[{"code":"flyover","display":"Fly-over","system":"http://hl7.org/fhir/questionnaire-item-control"}]}}],"text":"The status of the result value.","type":"display"},{"linkId":"Observation.status.value","repeats":false,"required":false,"text":"status","type":"choice"}],"linkId":"Observation.status","repeats":true,"required":true,"type":"group"},{"extension":[{"url":"http://hl7.org/fhir/StructureDefinition/questionnaire-fhirType","valueString":"CodeableConcept"}],"item":[{"extension":[{"url":"http://hl7.org/fhir/StructureDefinition/questionnaire-itemControl","valueCodeableConcept":{"coding":[{"code":"flyover","display":"Fly-over","system":"http://hl7.org/fhir/questionnaire-item-control"}]}}],"text":"A code that classifies the general type of observation being made. There may be multiple axis of categoriization depending on the context or use case for retrieving or displaying the resource.  The level of granularity is defined by the category concepts in the value set.   More fine-grained filtering can be performed using the metadata and/or terminology hierarchy in Observation.code.","type":"display"},{"linkId":"Observation.category.coding","repeats":false,"required":false,"text":"code:","type":"open-choice"},{"linkId":"Observation.category.text","repeats":false,"required":false,"text":"text:","type":"string"}],"linkId":"Observation.category","repeats":true,"required":false,"text":"Classification of  type of observation","type":"group"},{"extension":[{"url":"http://hl7.org/fhir/StructureDefinition/questionnaire-minOccurs","valueInteger":1},{"url":"http://hl7.org/fhir/StructureDefinition/questionnaire-maxOccurs","valueInteger":1},{"url":"http://hl7.org/fhir/StructureDefinition/questionnaire-fhirType","valueString":"CodeableConcept"}],"item":[{"extension":[{"url":"http://hl7.org/fhir/StructureDefinition/questionnaire-itemControl","valueCodeableConcept":{"coding":[{"code":"flyover","display":"Fly-over","system":"http://hl7.org/fhir/questionnaire-item-control"}]}}],"text":"HDL Cholesterol.","type":"display"},{"linkId":"Observation.code.coding","repeats":false,"required":false,"text":"code:","type":"open-choice"},{"linkId":"Observation.code.text","repeats":false,"required":false,"text":"text:","type":"string"}],"linkId":"Observation.code","repeats":true,"required":true,"text":"HDL Cholesterol","type":"group"},{"extension":[{"url":"http://hl7.org/fhir/StructureDefinition/questionnaire-maxOccurs","valueInteger":1}],"item":[{"extension":[{"url":"http://hl7.org/fhir/StructureDefinition/questionnaire-itemControl","valueCodeableConcept":{"coding":[{"code":"flyover","display":"Fly-over","system":"http://hl7.org/fhir/questionnaire-item-control"}]}}],"text":"The patient, or group of patients, location, or device whose characteristics (direct or indirect) are described by the observation and into whose record the observation is placed.  Comments: Indirect characteristics may be those of a specimen, fetus, donor,  other observer (for example a relative or EMT), or any observation made about the subject. One would expect this element to be a cardinality  of 1..1.  The only circumstance in which the subject can be missing is when the observation is made by a device that does not know the patient. In this case, the observation SHALL be matched to a patient through some context/channel matching technique, and at this point, the observation should be updated.\r\rIf the target of the observation is different than the subject, the general extension [observation-focal-subject](extension-observation-focal-subject.html).  may be used.  However, the distinction between the patient's own value for an observation versus that of the fetus, or the donor or blood product unit, etc., are often specified in the observation code.","type":"display"},{"item":[{"extension":[{"url":"http://hl7.org/fhir/StructureDefinition/questionnaire-fhirType","valueString":"Reference"}],"item":[{"extension":[{"url":"http://hl7.org/fhir/StructureDefinition/questionnaire-allowedResource","valueCode":"Patient"},{"url":"http://hl7.org/fhir/StructureDefinition/questionnaire-referenceFilter","valueString":"subject=$subj&patient=$subj&encounter=$encounter"}],"linkId":"Observation.subject._Patient.value","repeats":false,"required":false,"text":"Patient","type":"reference"}],"linkId":"Observation.subject._Patient","type":"group"},{"extension":[{"url":"http://hl7.org/fhir/StructureDefinition/questionnaire-fhirType","valueString":"Reference"}],"item":[{"extension":[{"url":"http://hl7.org/fhir/StructureDefinition/questionnaire-allowedResource","valueCode":"Group"},{"url":"http://hl7.org/fhir/StructureDefinition/questionnaire-referenceFilter","valueString":"subject=$subj&patient=$subj&encounter=$encounter"}],"linkId":"Observation.subject._Group.value","repeats":false,"required":false,"text":"Group","type":"reference"}],"linkId":"Observation.subject._Group","type":"group"},{"extension":[{"url":"http://hl7.org/fhir/StructureDefinition/questionnaire-fhirType","valueString":"Reference"}],"item":[{"extension":[{"url":"http://hl7.org/fhir/StructureDefinition/questionnaire-allowedResource","valueCode":"Device"},{"url":"http://hl7.org/fhir/StructureDefinition/questionnaire-referenceFilter","valueString":"subject=$subj&patient=$subj&encounter=$encounter"}],"linkId":"Observation.subject._Device.value","repeats":false,"required":false,"text":"Device","type":"reference"}],"linkId":"Observation.subject._Device","type":"group"},{"extension":[{"url":"http://hl7.org/fhir/StructureDefinition/questionnaire-fhirType","valueString":"Reference"}],"item":[{"extension":[{"url":"http://hl7.org/fhir/StructureDefinition/questionnaire-allowedResource","valueCode":"Location"},{"url":"http://hl7.org/fhir/StructureDefinition/questionnaire-referenceFilter","valueString":"subject=$subj&patient=$subj&encounter=$encounter"}],"linkId":"Observation.subject._Location.value","repeats":false,"required":false,"text":"Location","type":"reference"}],"linkId":"Observation.subject._Location","type":"group"}],"linkId":"Observation.subject._type","options":{"reference":"#vs2"},"repeats":false,"required":false,"text":"type","type":"choice"}],"linkId":"Observation.subject","repeats":true,"required":false,"text":"Who and/or what this is about","type":"group"},{"extension":[{"url":"http://hl7.org/fhir/StructureDefinition/questionnaire-maxOccurs","valueInteger":1},{"url":"http://hl7.org/fhir/StructureDefinition/questionnaire-fhirType","valueString":"Reference"}],"item":[{"extension":[{"url":"http://hl7.org/fhir/StructureDefinition/questionnaire-itemControl","valueCodeableConcept":{"coding":[{"code":"flyover","display":"Fly-over","system":"http://hl7.org/fhir/questionnaire-item-control"}]}}],"text":"The healthcare event  (e.g. a patient and healthcare provider interaction) during which this observation is made.","type":"display"},{"extension":[{"url":"http://hl7.org/fhir/StructureDefinition/questionnaire-allowedResource","valueCode":"Encounter"},{"url":"http://hl7.org/fhir/StructureDefinition/questionnaire-referenceFilter","valueString":"subject=$subj&patient=$subj&encounter=$encounter"}],"linkId":"Observation.encounter.value","repeats":false,"required":false,"text":"Healthcare event during which this observation is made","type":"reference"}],"linkId":"Observation.encounter","repeats":true,"required":false,"type":"group"},{"extension":[{"url":"http://hl7.org/fhir/StructureDefinition/questionnaire-maxOccurs","valueInteger":1}],"item":[{"extension":[{"url":"http://hl7.org/fhir/StructureDefinition/questionnaire-itemControl","valueCodeableConcept":{"coding":[{"code":"flyover","display":"Fly-over","system":"http://hl7.org/fhir/questionnaire-item-control"}]}}],"text":"The time or time-period the observed value is asserted as being true. For biological subjects - e.g. human patients - this is usually called the \"physiologically relevant time\". This is usually either the time of the procedure or of specimen collection, but very often the source of the date/time is not known, only the date/time itself. At least a date should be present unless this observation is a historical report.","type":"display"},{"item":[{"extension":[{"url":"http://hl7.org/fhir/StructureDefinition/questionnaire-fhirType","valueString":"datetime"}],"item":[{"linkId":"Observation.effective[x]._dateTime.value","repeats":false,"required":false,"text":"dateTime","type":"dateTime"}],"linkId":"Observation.effective[x]._dateTime","type":"group"},{"extension":[{"url":"http://hl7.org/fhir/StructureDefinition/questionnaire-fhirType","valueString":"Period"}],"item":[{"linkId":"Observation.effective[x]._Period.low","repeats":false,"required":false,"text":"start:","type":"dateTime"},{"linkId":"Observation.effective[x]._Period.end","repeats":false,"required":false,"text":"end:","type":"dateTime"}],"linkId":"Observation.effective[x]._Period","text":"Period","type":"group"}],"linkId":"Observation.effective[x]._type","options":{"reference":"#vs3"},"repeats":false,"required":false,"text":"type","type":"choice"}],"linkId":"Observation.effective[x]","repeats":true,"required":false,"text":"Clinically relevant time/time-period for observation","type":"group"},{"extension":[{"url":"http://hl7.org/fhir/StructureDefinition/questionnaire-maxOccurs","valueInteger":1},{"url":"http://hl7.org/fhir/StructureDefinition/questionnaire-fhirType","valueString":"instant"}],"item":[{"extension":[{"url":"http://hl7.org/fhir/StructureDefinition/questionnaire-itemControl","valueCodeableConcept":{"coding":[{"code":"flyover","display":"Fly-over","system":"http://hl7.org/fhir/questionnaire-item-control"}]}}],"text":"The date and time this observation was made available to providers, typically after the results have been reviewed and verified. Updated when the result is updated.","type":"display"},{"linkId":"Observation.issued.value","repeats":false,"required":false,"text":"Date/Time this was made available","type":"instant"}],"linkId":"Observation.issued","repeats":true,"required":false,"type":"group"},{"item":[{"extension":[{"url":"http://hl7.org/fhir/StructureDefinition/questionnaire-itemControl","valueCodeableConcept":{"coding":[{"code":"flyover","display":"Fly-over","system":"http://hl7.org/fhir/questionnaire-item-control"}]}}],"text":"Who was responsible for asserting the observed value as \"true\".","type":"display"},{"item":[{"extension":[{"url":"http://hl7.org/fhir/StructureDefinition/questionnaire-fhirType","valueString":"Reference"}],"item":[{"extension":[{"url":"http://hl7.org/fhir/StructureDefinition/questionnaire-allowedResource","valueCode":"Practitioner"},{"url":"http://hl7.org/fhir/StructureDefinition/questionnaire-referenceFilter","valueString":"subject=$subj&patient=$subj&encounter=$encounter"}],"linkId":"Observation.performer._Practitioner.value","repeats":false,"required":false,"text":"Practitioner","type":"reference"}],"linkId":"Observation.performer._Practitioner","type":"group"},{"extension":[{"url":"http://hl7.org/fhir/StructureDefinition/questionnaire-fhirType","valueString":"Reference"}],"item":[{"extension":[{"url":"http://hl7.org/fhir/StructureDefinition/questionnaire-allowedResource","valueCode":"Organization"},{"url":"http://hl7.org/fhir/StructureDefinition/questionnaire-referenceFilter","valueString":"subject=$subj&patient=$subj&encounter=$encounter"}],"linkId":"Observation.performer._Organization.value","repeats":false,"required":false,"text":"Organization","type":"reference"}],"linkId":"Observation.performer._Organization","type":"group"},{"extension":[{"url":"http://hl7.org/fhir/StructureDefinition/questionnaire-fhirType","valueString":"Reference"}],"item":[{"extension":[{"url":"http://hl7.org/fhir/StructureDefinition/questionnaire-allowedResource","valueCode":"Patient"},{"url":"http://hl7.org/fhir/StructureDefinition/questionnaire-referenceFilter","valueString":"subject=$subj&patient=$subj&encounter=$encounter"}],"linkId":"Observation.performer._Patient.value","repeats":false,"required":false,"text":"Patient","type":"reference"}],"linkId":"Observation.performer._Patient","type":"group"},{"extension":[{"url":"http://hl7.org/fhir/StructureDefinition/questionnaire-fhirType","valueString":"Reference"}],"item":[{"extension":[{"url":"http://hl7.org/fhir/StructureDefinition/questionnaire-allowedResource","valueCode":"RelatedPerson"},{"url":"http://hl7.org/fhir/StructureDefinition/questionnaire-referenceFilter","valueString":"subject=$subj&patient=$subj&encounter=$encounter"}],"linkId":"Observation.performer._RelatedPerson.value","repeats":false,"required":false,"text":"RelatedPerson","type":"reference"}],"linkId":"Observation.performer._RelatedPerson","type":"group"}],"linkId":"Observation.performer._type","options":{"reference":"#vs4"},"repeats":false,"required":false,"text":"type","type":"choice"}],"linkId":"Observation.performer","repeats":true,"required":false,"text":"Who is responsible for the observation","type":"group"},{"extension":[{"url":"http://hl7.org/fhir/StructureDefinition/questionnaire-maxOccurs","valueInteger":1},{"url":"http://hl7.org/fhir/StructureDefinition/questionnaire-fhirType","valueString":"Quantity"}],"item":[{"extension":[{"url":"http://hl7.org/fhir/StructureDefinition/questionnaire-itemControl","valueCodeableConcept":{"coding":[{"code":"flyover","display":"Fly-over","system":"http://hl7.org/fhir/questionnaire-item-control"}]}}],"text":"HDL Cholesterol value. If a result is not available, use the comments field. Normally, an observation will have either a value or a set of related observations. A few observations (e.g. Apgar score) may have both a value and related observations (for an Apgar score, the observations from which the measure is derived). If a value is present, the datatype for this element should be determined by Observation.code. This element has a variable name depending on the type as follows: valueQuantity, valueCodeableConcept, valueString, valueRange, valueRatio, valueSampledData, valueAttachment, valueTime, valueDateTime, or valuePeriod. (The name format is \"'value' + the type name\" with a capital on the first letter of the type).\r\r\rIf the data element is usually coded or if the type associated with the Observation.value defines a coded value, use CodeableConcept instead of string datatype even if the value is uncoded text.  A value set is bound to the ValueCodeableConcept element.  For boolean values use valueCodeableConcept and select codes from [HL7 Version 2 Table 0136](v2/0136/index.html). These \"yes/no\" concepts can be mapped to the display name \"true/false\" or other mutually exclusive terms that may be needed.   For further discussion and examples see the  [notes section](observation.html#4.20.4) below.","type":"display"},{"linkId":"Observation.valueQuantity.comparator","repeats":false,"required":false,"text":"comp:","type":"choice"},{"linkId":"Observation.valueQuantity.value","repeats":false,"required":false,"text":"value:","type":"decimal"},{"linkId":"Observation.valueQuantity.units","repeats":false,"required":false,"text":"units:","type":"string"},{"linkId":"Observation.valueQuantity.code","repeats":false,"required":false,"text":"coded units:","type":"string"},{"linkId":"Observation.valueQuantity.system","repeats":false,"required":false,"text":"units system:","type":"string"}],"linkId":"Observation.valueQuantity","repeats":true,"required":false,"text":"HDL Cholesterol value","type":"group"},{"extension":[{"url":"http://hl7.org/fhir/StructureDefinition/questionnaire-maxOccurs","valueInteger":1},{"url":"http://hl7.org/fhir/StructureDefinition/questionnaire-fhirType","valueString":"CodeableConcept"}],"item":[{"extension":[{"url":"http://hl7.org/fhir/StructureDefinition/questionnaire-itemControl","valueCodeableConcept":{"coding":[{"code":"flyover","display":"Fly-over","system":"http://hl7.org/fhir/questionnaire-item-control"}]}}],"text":"Provides a reason why the expected value in the element Observation.value[x] is missing. Null or exceptional values can be represented two ways in FHIR Observations.  One way is to simply include them in the value set and represent the exceptions in the value.  For example, measurement values for a serology test could be  \"detected\", \"not detected\", \"inconclusive\", or  \"specimen unsatisfactory\".   The alternate way is to use the value element for actual observations and use the explicit dataAbsentReason element to record exceptional values.  For example, the dataAbsentReason code \"error\" could be used when the measurement was not completed.  Because of these options, use-case agreements are required to interpret general observations for exceptional values.","type":"display"},{"linkId":"Observation.dataAbsentReason.coding","repeats":false,"required":false,"text":"code:","type":"open-choice"},{"linkId":"Observation.dataAbsentReason.text","repeats":false,"required":false,"text":"text:","type":"string"}],"linkId":"Observation.dataAbsentReason","repeats":true,"required":false,"text":"Why the result is missing","type":"group"},{"extension":[{"url":"http://hl7.org/fhir/StructureDefinition/questionnaire-maxOccurs","valueInteger":1},{"url":"http://hl7.org/fhir/StructureDefinition/questionnaire-fhirType","valueString":"CodeableConcept"}],"item":[{"extension":[{"url":"http://hl7.org/fhir/StructureDefinition/questionnaire-itemControl","valueCodeableConcept":{"coding":[{"code":"flyover","display":"Fly-over","system":"http://hl7.org/fhir/questionnaire-item-control"}]}}],"text":"+ | ++ | +++ | - | -- | ---.","type":"display"},{"linkId":"Observation.interpretation.coding","repeats":false,"required":false,"text":"code:","type":"open-choice"},{"linkId":"Observation.interpretation.text","repeats":false,"required":false,"text":"text:","type":"string"}],"linkId":"Observation.interpretation","repeats":true,"required":false,"text":"+ | ++ | +++ | - | -- | ---","type":"group"},{"extension":[{"url":"http://hl7.org/fhir/StructureDefinition/questionnaire-maxOccurs","valueInteger":1},{"url":"http://hl7.org/fhir/StructureDefinition/questionnaire-fhirType","valueString":"string"}],"item":[{"extension":[{"url":"http://hl7.org/fhir/StructureDefinition/questionnaire-itemControl","valueCodeableConcept":{"coding":[{"code":"flyover","display":"Fly-over","system":"http://hl7.org/fhir/questionnaire-item-control"}]}}],"text":"Comments about result.","type":"display"},{"linkId":"Observation.comment.value","repeats":false,"required":false,"text":"Comments about result","type":"string"}],"linkId":"Observation.comment","repeats":true,"required":false,"type":"group"},{"extension":[{"url":"http://hl7.org/fhir/StructureDefinition/questionnaire-maxOccurs","valueInteger":1},{"url":"http://hl7.org/fhir/StructureDefinition/questionnaire-fhirType","valueString":"CodeableConcept"}],"item":[{"extension":[{"url":"http://hl7.org/fhir/StructureDefinition/questionnaire-itemControl","valueCodeableConcept":{"coding":[{"code":"flyover","display":"Fly-over","system":"http://hl7.org/fhir/questionnaire-item-control"}]}}],"text":"Indicates the site on the subject's body where the observation was made (i.e. the target site). Only used if not implicit in code found in Observation.code.  In many systems, this may be represented as a related observation instead of an inline component.   If the use case requires BodySite to be handled as a separate resource (e.g. to identify and track separately) then use The standard extension[ body-site-instance](extension-body-site-instance.html).","type":"display"},{"linkId":"Observation.bodySite.coding","repeats":false,"required":false,"text":"code:","type":"open-choice"},{"linkId":"Observation.bodySite.text","repeats":false,"required":false,"text":"text:","type":"string"}],"linkId":"Observation.bodySite","repeats":true,"required":false,"text":"Observed body part","type":"group"},{"extension":[{"url":"http://hl7.org/fhir/StructureDefinition/questionnaire-maxOccurs","valueInteger":1},{"url":"http://hl7.org/fhir/StructureDefinition/questionnaire-fhirType","valueString":"CodeableConcept"}],"item":[{"extension":[{"url":"http://hl7.org/fhir/StructureDefinition/questionnaire-itemControl","valueCodeableConcept":{"coding":[{"code":"flyover","display":"Fly-over","system":"http://hl7.org/fhir/questionnaire-item-control"}]}}],"text":"Indicates the mechanism used to perform the observation. Only used if not implicit in code for Observation.code.","type":"display"},{"linkId":"Observation.method.coding","repeats":false,"required":false,"text":"code:","type":"open-choice"},{"linkId":"Observation.method.text","repeats":false,"required":false,"text":"text:","type":"string"}],"linkId":"Observation.method","repeats":true,"required":false,"text":"How it was done","type":"group"},{"extension":[{"url":"http://hl7.org/fhir/StructureDefinition/questionnaire-maxOccurs","valueInteger":1},{"url":"http://hl7.org/fhir/StructureDefinition/questionnaire-fhirType","valueString":"Reference"}],"item":[{"extension":[{"url":"http://hl7.org/fhir/StructureDefinition/questionnaire-itemControl","valueCodeableConcept":{"coding":[{"code":"flyover","display":"Fly-over","system":"http://hl7.org/fhir/questionnaire-item-control"}]}}],"text":"The specimen that was used when this observation was made. Observations are not made on specimens themselves; they are made on a subject, but usually by the means of a specimen. Note that although specimens are often involved, they are not always tracked and reported explicitly. Also note that observation resources may be used in contexts that track the specimen explicitly (e.g. Diagnostic Report).","type":"display"},{"extension":[{"url":"http://hl7.org/fhir/StructureDefinition/questionnaire-allowedResource","valueCode":"Specimen"},{"url":"http://hl7.org/fhir/StructureDefinition/questionnaire-referenceFilter","valueString":"subject=$subj&patient=$subj&encounter=$encounter"}],"linkId":"Observation.specimen.value","repeats":false,"required":false,"text":"Specimen used for this observation","type":"reference"}],"linkId":"Observation.specimen","repeats":true,"required":false,"type":"group"},{"extension":[{"url":"http://hl7.org/fhir/StructureDefinition/questionnaire-maxOccurs","valueInteger":1}],"item":[{"extension":[{"url":"http://hl7.org/fhir/StructureDefinition/questionnaire-itemControl","valueCodeableConcept":{"coding":[{"code":"flyover","display":"Fly-over","system":"http://hl7.org/fhir/questionnaire-item-control"}]}}],"text":"The device used to generate the observation data. An extension should be used if further typing of the device is needed.  Devices used to support obtaining an observation can be represented using either extension or through the Observation.related element.","type":"display"},{"item":[{"extension":[{"url":"http://hl7.org/fhir/StructureDefinition/questionnaire-fhirType","valueString":"Reference"}],"item":[{"extension":[{"url":"http://hl7.org/fhir/StructureDefinition/questionnaire-allowedResource","valueCode":"Device"},{"url":"http://hl7.org/fhir/StructureDefinition/questionnaire-referenceFilter","valueString":"subject=$subj&patient=$subj&encounter=$encounter"}],"linkId":"Observation.device._Device.value","repeats":false,"required":false,"text":"Device","type":"reference"}],"linkId":"Observation.device._Device","type":"group"},{"extension":[{"url":"http://hl7.org/fhir/StructureDefinition/questionnaire-fhirType","valueString":"Reference"}],"item":[{"extension":[{"url":"http://hl7.org/fhir/StructureDefinition/questionnaire-allowedResource","valueCode":"DeviceMetric"},{"url":"http://hl7.org/fhir/StructureDefinition/questionnaire-referenceFilter","valueString":"subject=$subj&patient=$subj&encounter=$encounter"}],"linkId":"Observation.device._DeviceMetric.value","repeats":false,"required":false,"text":"DeviceMetric","type":"reference"}],"linkId":"Observation.device._DeviceMetric","type":"group"}],"linkId":"Observation.device._type","options":{"reference":"#vs5"},"repeats":false,"required":false,"text":"type","type":"choice"}],"linkId":"Observation.device","repeats":true,"required":false,"text":"(Measurement) Device","type":"group"},{"extension":[{"url":"http://hl7.org/fhir/StructureDefinition/questionnaire-minOccurs","valueInteger":1},{"url":"http://hl7.org/fhir/StructureDefinition/questionnaire-maxOccurs","valueInteger":1}],"item":[{"text":"Most observations only have one generic reference range. Systems MAY choose to restrict to only supplying the relevant reference range based on knowledge about the patient (e.g. specific to the patient's age, gender, weight and other factors), but this may not be possible or appropriate. Whenever more than one reference range is supplied, the differences between them SHOULD be provided in the reference range and/or age properties.","type":"display"},{"extension":[{"url":"http://hl7.org/fhir/StructureDefinition/questionnaire-itemControl","valueCodeableConcept":{"coding":[{"code":"flyover","display":"Fly-over","system":"http://hl7.org/fhir/questionnaire-item-control"}]}}],"text":"Guidance on how to interpret the value by comparison to a normal or recommended range.","type":"display"},{"extension":[{"url":"http://hl7.org/fhir/StructureDefinition/questionnaire-maxOccurs","valueInteger":1},{"url":"http://hl7.org/fhir/StructureDefinition/questionnaire-fhirType","valueString":"string"}],"item":[{"extension":[{"url":"http://hl7.org/fhir/StructureDefinition/questionnaire-itemControl","valueCodeableConcept":{"coding":[{"code":"flyover","display":"Fly-over","system":"http://hl7.org/fhir/questionnaire-item-control"}]}}],"text":"unique id for the element within a resource (for internal references).","type":"display"},{"linkId":"Observation.referenceRange.id.value","repeats":false,"required":false,"text":"xml:id (or equivalent in JSON)","type":"string"}],"linkId":"Observation.referenceRange.id","repeats":true,"required":false,"type":"group"},{"item":[{"extension":[{"url":"http://hl7.org/fhir/StructureDefinition/questionnaire-itemControl","valueCodeableConcept":{"coding":[{"code":"flyover","display":"Fly-over","system":"http://hl7.org/fhir/questionnaire-item-control"}]}}],"text":"May be used to represent additional information that is not part of the basic definition of the element. In order to make the use of extensions safe and manageable, there is a strict set of governance  applied to the definition and use of extensions. Though any implementer is allowed to define an extension, there is a set of requirements that SHALL be met as part of the definition of the extension. There can be no stigma associated with the use of extensions by any application, project, or standard - regardless of the institution or jurisdiction that uses or defines the extensions.  The use of extensions is what allows the FHIR specification to retain a core level of simplicity for everyone.","type":"display"}],"linkId":"Observation.referenceRange.extension","repeats":true,"required":false,"text":"Additional Content defined by implementations","type":"group"},{"item":[{"extension":[{"url":"http://hl7.org/fhir/StructureDefinition/questionnaire-itemControl","valueCodeableConcept":{"coding":[{"code":"flyover","display":"Fly-over","system":"http://hl7.org/fhir/questionnaire-item-control"}]}}],"text":"May be used to represent additional information that is not part of the basic definition of the element, and that modifies the understanding of the element that contains it. Usually modifier elements provide negation or qualification. In order to make the use of extensions safe and manageable, there is a strict set of governance applied to the definition and use of extensions. Though any implementer is allowed to define an extension, there is a set of requirements that SHALL be met as part of the definition of the extension. Applications processing a resource are required to check for modifier extensions. There can be no stigma associated with the use of extensions by any application, project, or standard - regardless of the institution or jurisdiction that uses or defines the extensions.  The use of extensions is what allows the FHIR specification to retain a core level of simplicity for everyone.","type":"display"}],"linkId":"Observation.referenceRange.modifierExtension","repeats":true,"required":false,"text":"Extensions that cannot be ignored","type":"group"},{"extension":[{"url":"http://hl7.org/fhir/StructureDefinition/questionnaire-minOccurs","valueInteger":1},{"url":"http://hl7.org/fhir/StructureDefinition/questionnaire-maxOccurs","valueInteger":1},{"url":"http://hl7.org/fhir/StructureDefinition/questionnaire-fhirType","valueString":"Quantity"}],"item":[{"extension":[{"url":"http://hl7.org/fhir/StructureDefinition/questionnaire-itemControl","valueCodeableConcept":{"coding":[{"code":"flyover","display":"Fly-over","system":"http://hl7.org/fhir/questionnaire-item-control"}]}}],"text":">1.5 mmol/L. The context of use may frequently define what kind of quantity this is and therefore what kind of units can be used. The context of use may also restrict the values for the comparator.","type":"display"},{"linkId":"Observation.referenceRange.low.comparator","repeats":false,"required":false,"text":"comp:","type":"choice"},{"linkId":"Observation.referenceRange.low.value","repeats":false,"required":false,"text":"value:","type":"decimal"},{"linkId":"Observation.referenceRange.low.units","repeats":false,"required":false,"text":"units:","type":"string"},{"linkId":"Observation.referenceRange.low.code","repeats":false,"required":false,"text":"coded units:","type":"string"},{"linkId":"Observation.referenceRange.low.system","repeats":false,"required":false,"text":"units system:","type":"string"}],"linkId":"Observation.referenceRange.low","repeats":true,"required":true,"text":"Low Range, if relevant","type":"group"},{"extension":[{"url":"http://hl7.org/fhir/StructureDefinition/questionnaire-maxOccurs","valueInteger":0},{"url":"http://hl7.org/fhir/StructureDefinition/questionnaire-fhirType","valueString":"Quantity"}],"item":[{"extension":[{"url":"http://hl7.org/fhir/StructureDefinition/questionnaire-itemControl","valueCodeableConcept":{"coding":[{"code":"flyover","display":"Fly-over","system":"http://hl7.org/fhir/questionnaire-item-control"}]}}],"text":"The value of the high bound of the reference range.  The high bound of the reference range endpoint is inclusive of the value (e.g.  reference range is >=5 - <=9).   If the high bound is omitted,  it is assumed to be meaningless (e.g. reference range is >= 2.3). Per Australian NHF Recommendations.","type":"display"},{"linkId":"Observation.referenceRange.high.comparator","repeats":false,"required":false,"text":"comp:","type":"choice"},{"linkId":"Observation.referenceRange.high.value","repeats":false,"required":false,"text":"value:","type":"decimal"},{"linkId":"Observation.referenceRange.high.units","repeats":false,"required":false,"text":"units:","type":"string"},{"linkId":"Observation.referenceRange.high.code","repeats":false,"required":false,"text":"coded units:","type":"string"},{"linkId":"Observation.referenceRange.high.system","repeats":false,"required":false,"text":"units system:","type":"string"}],"linkId":"Observation.referenceRange.high","repeats":true,"required":false,"text":"High Range, if relevant","type":"group"},{"extension":[{"url":"http://hl7.org/fhir/StructureDefinition/questionnaire-maxOccurs","valueInteger":0},{"url":"http://hl7.org/fhir/StructureDefinition/questionnaire-fhirType","valueString":"CodeableConcept"}],"item":[{"extension":[{"url":"http://hl7.org/fhir/StructureDefinition/questionnaire-itemControl","valueCodeableConcept":{"coding":[{"code":"flyover","display":"Fly-over","system":"http://hl7.org/fhir/questionnaire-item-control"}]}}],"text":"Range is a recommended range. This SHOULD be populated if there is more than one range.  If this element is not present then the norma population is assumed.","type":"display"},{"linkId":"Observation.referenceRange.meaning.coding","repeats":false,"required":false,"text":"code:","type":"open-choice"},{"linkId":"Observation.referenceRange.meaning.text","repeats":false,"required":false,"text":"text:","type":"string"}],"linkId":"Observation.referenceRange.meaning","repeats":true,"required":false,"text":"Range is a recommended range","type":"group"},{"extension":[{"url":"http://hl7.org/fhir/StructureDefinition/questionnaire-maxOccurs","valueInteger":0},{"url":"http://hl7.org/fhir/StructureDefinition/questionnaire-fhirType","valueString":"Range"}],"item":[{"extension":[{"url":"http://hl7.org/fhir/StructureDefinition/questionnaire-itemControl","valueCodeableConcept":{"coding":[{"code":"flyover","display":"Fly-over","system":"http://hl7.org/fhir/questionnaire-item-control"}]}}],"text":"The age at which this reference range is applicable. This is a neonatal age (e.g. number of weeks at term) if the meaning says so.","type":"display"},{"linkId":"Observation.referenceRange.age.low","repeats":false,"required":false,"text":"low:","type":"decimal"},{"linkId":"Observation.referenceRange.age.high","repeats":false,"required":false,"text":"high:","type":"decimal"},{"linkId":"Observation.referenceRange.age.units","repeats":false,"required":false,"text":"units:","type":"string"}],"linkId":"Observation.referenceRange.age","repeats":true,"required":false,"text":"Applicable age range, if relevant","type":"group"},{"extension":[{"url":"http://hl7.org/fhir/StructureDefinition/questionnaire-maxOccurs","valueInteger":1},{"url":"http://hl7.org/fhir/StructureDefinition/questionnaire-fhirType","valueString":"string"}],"item":[{"extension":[{"url":"http://hl7.org/fhir/StructureDefinition/questionnaire-itemControl","valueCodeableConcept":{"coding":[{"code":"flyover","display":"Fly-over","system":"http://hl7.org/fhir/questionnaire-item-control"}]}}],"text":"Text based reference range in an observation which may be used when a quantitative range is not appropriate for an observation.  An example would be a reference value of \"Negative\" or a list or table of 'normals'.","type":"display"},{"linkId":"Observation.referenceRange.text.value","repeats":false,"required":false,"text":"Text based reference range in an observation","type":"string"}],"linkId":"Observation.referenceRange.text","repeats":true,"required":false,"type":"group"}],"linkId":"Observation.referenceRange","repeats":false,"required":true,"text":"Provides guide for interpretation","type":"group"},{"extension":[{"url":"http://hl7.org/fhir/StructureDefinition/questionnaire-maxOccurs","valueInteger":0}],"item":[{"text":"For a discussion on the ways Observations can assembled in groups together see [Notes below](observation.html#4.20.4).","type":"display"},{"extension":[{"url":"http://hl7.org/fhir/StructureDefinition/questionnaire-itemControl","valueCodeableConcept":{"coding":[{"code":"flyover","display":"Fly-over","system":"http://hl7.org/fhir/questionnaire-item-control"}]}}],"text":"A  reference to another resource (usually another Observation but could  also be a QuestionnaireAnswer) whose relationship is defined by the relationship type code.","type":"display"},{"extension":[{"url":"http://hl7.org/fhir/StructureDefinition/questionnaire-maxOccurs","valueInteger":1},{"url":"http://hl7.org/fhir/StructureDefinition/questionnaire-fhirType","valueString":"string"}],"item":[{"extension":[{"url":"http://hl7.org/fhir/StructureDefinition/questionnaire-itemControl","valueCodeableConcept":{"coding":[{"code":"flyover","display":"Fly-over","system":"http://hl7.org/fhir/questionnaire-item-control"}]}}],"text":"unique id for the element within a resource (for internal references).","type":"display"},{"linkId":"Observation.related.id.value","repeats":false,"required":false,"text":"xml:id (or equivalent in JSON)","type":"string"}],"linkId":"Observation.related.id","repeats":true,"required":false,"type":"group"},{"item":[{"extension":[{"url":"http://hl7.org/fhir/StructureDefinition/questionnaire-itemControl","valueCodeableConcept":{"coding":[{"code":"flyover","display":"Fly-over","system":"http://hl7.org/fhir/questionnaire-item-control"}]}}],"text":"May be used to represent additional information that is not part of the basic definition of the element. In order to make the use of extensions safe and manageable, there is a strict set of governance  applied to the definition and use of extensions. Though any implementer is allowed to define an extension, there is a set of requirements that SHALL be met as part of the definition of the extension. There can be no stigma associated with the use of extensions by any application, project, or standard - regardless of the institution or jurisdiction that uses or defines the extensions.  The use of extensions is what allows the FHIR specification to retain a core level of simplicity for everyone.","type":"display"}],"linkId":"Observation.related.extension","repeats":true,"required":false,"text":"Additional Content defined by implementations","type":"group"},{"item":[{"extension":[{"url":"http://hl7.org/fhir/StructureDefinition/questionnaire-itemControl","valueCodeableConcept":{"coding":[{"code":"flyover","display":"Fly-over","system":"http://hl7.org/fhir/questionnaire-item-control"}]}}],"text":"May be used to represent additional information that is not part of the basic definition of the element, and that modifies the understanding of the element that contains it. Usually modifier elements provide negation or qualification. In order to make the use of extensions safe and manageable, there is a strict set of governance applied to the definition and use of extensions. Though any implementer is allowed to define an extension, there is a set of requirements that SHALL be met as part of the definition of the extension. Applications processing a resource are required to check for modifier extensions. There can be no stigma associated with the use of extensions by any application, project, or standard - regardless of the institution or jurisdiction that uses or defines the extensions.  The use of extensions is what allows the FHIR specification to retain a core level of simplicity for everyone.","type":"display"}],"linkId":"Observation.related.modifierExtension","repeats":true,"required":false,"text":"Extensions that cannot be ignored","type":"group"},{"extension":[{"url":"http://hl7.org/fhir/StructureDefinition/questionnaire-maxOccurs","valueInteger":1},{"url":"http://hl7.org/fhir/StructureDefinition/questionnaire-fhirType","valueString":"code"}],"item":[{"extension":[{"url":"http://hl7.org/fhir/StructureDefinition/questionnaire-itemControl","valueCodeableConcept":{"coding":[{"code":"flyover","display":"Fly-over","system":"http://hl7.org/fhir/questionnaire-item-control"}]}}],"text":"A code specifying the kind of relationship that exists with the target resource. \"derived-from\" is only logical choice when referencing QuestionnaireAnswer resource.","type":"display"},{"linkId":"Observation.related.type.value","repeats":false,"required":false,"text":"type","type":"choice"}],"linkId":"Observation.related.type","repeats":true,"required":false,"type":"group"},{"extension":[{"url":"http://hl7.org/fhir/StructureDefinition/questionnaire-minOccurs","valueInteger":1},{"url":"http://hl7.org/fhir/StructureDefinition/questionnaire-maxOccurs","valueInteger":1}],"item":[{"extension":[{"url":"http://hl7.org/fhir/StructureDefinition/questionnaire-itemControl","valueCodeableConcept":{"coding":[{"code":"flyover","display":"Fly-over","system":"http://hl7.org/fhir/questionnaire-item-control"}]}}],"text":"A reference to the observation or [[[QuestionnaireResponse]]] resource that is related to this observation.","type":"display"},{"item":[{"extension":[{"url":"http://hl7.org/fhir/StructureDefinition/questionnaire-fhirType","valueString":"Reference"}],"item":[{"extension":[{"url":"http://hl7.org/fhir/StructureDefinition/questionnaire-allowedResource","valueCode":"Observation"},{"url":"http://hl7.org/fhir/StructureDefinition/questionnaire-referenceFilter","valueString":"subject=$subj&patient=$subj&encounter=$encounter"}],"linkId":"Observation.related.target._Observation.value","repeats":false,"required":false,"text":"Observation","type":"reference"}],"linkId":"Observation.related.target._Observation","type":"group"},{"extension":[{"url":"http://hl7.org/fhir/StructureDefinition/questionnaire-fhirType","valueString":"Reference"}],"item":[{"extension":[{"url":"http://hl7.org/fhir/StructureDefinition/questionnaire-allowedResource","valueCode":"QuestionnaireResponse"},{"url":"http://hl7.org/fhir/StructureDefinition/questionnaire-referenceFilter","valueString":"subject=$subj&patient=$subj&encounter=$encounter"}],"linkId":"Observation.related.target._QuestionnaireResponse.value","repeats":false,"required":false,"text":"QuestionnaireResponse","type":"reference"}],"linkId":"Observation.related.target._QuestionnaireResponse","type":"group"}],"linkId":"Observation.related.target._type","options":{"reference":"#vs6"},"repeats":false,"required":false,"text":"type","type":"choice"}],"linkId":"Observation.related.target","repeats":true,"required":true,"text":"Resource that is related to this one","type":"group"}],"linkId":"Observation.related","repeats":true,"required":false,"text":"Resource related to this observation","type":"group"},{"item":[{"text":"For a discussion on the ways Observations can assembled in groups together see [Notes](observation.html#notes) below.","type":"display"},{"extension":[{"url":"http://hl7.org/fhir/StructureDefinition/questionnaire-itemControl","valueCodeableConcept":{"coding":[{"code":"flyover","display":"Fly-over","system":"http://hl7.org/fhir/questionnaire-item-control"}]}}],"text":"Some observations have multiple component observations.  These component observations are expressed as separate code value pairs that share the same attributes.  Examples include systolic and diastolic component observations for blood pressure measurement and multiple component observations for genetics observations.","type":"display"},{"extension":[{"url":"http://hl7.org/fhir/StructureDefinition/questionnaire-maxOccurs","valueInteger":1},{"url":"http://hl7.org/fhir/StructureDefinition/questionnaire-fhirType","valueString":"string"}],"item":[{"extension":[{"url":"http://hl7.org/fhir/StructureDefinition/questionnaire-itemControl","valueCodeableConcept":{"coding":[{"code":"flyover","display":"Fly-over","system":"http://hl7.org/fhir/questionnaire-item-control"}]}}],"text":"unique id for the element within a resource (for internal references).","type":"display"},{"linkId":"Observation.component.id.value","repeats":false,"required":false,"text":"xml:id (or equivalent in JSON)","type":"string"}],"linkId":"Observation.component.id","repeats":true,"required":false,"type":"group"},{"item":[{"extension":[{"url":"http://hl7.org/fhir/StructureDefinition/questionnaire-itemControl","valueCodeableConcept":{"coding":[{"code":"flyover","display":"Fly-over","system":"http://hl7.org/fhir/questionnaire-item-control"}]}}],"text":"May be used to represent additional information that is not part of the basic definition of the element. In order to make the use of extensions safe and manageable, there is a strict set of governance  applied to the definition and use of extensions. Though any implementer is allowed to define an extension, there is a set of requirements that SHALL be met as part of the definition of the extension. There can be no stigma associated with the use of extensions by any application, project, or standard - regardless of the institution or jurisdiction that uses or defines the extensions.  The use of extensions is what allows the FHIR specification to retain a core level of simplicity for everyone.","type":"display"}],"linkId":"Observation.component.extension","repeats":true,"required":false,"text":"Additional Content defined by implementations","type":"group"},{"item":[{"extension":[{"url":"http://hl7.org/fhir/StructureDefinition/questionnaire-itemControl","valueCodeableConcept":{"coding":[{"code":"flyover","display":"Fly-over","system":"http://hl7.org/fhir/questionnaire-item-control"}]}}],"text":"May be used to represent additional information that is not part of the basic definition of the element, and that modifies the understanding of the element that contains it. Usually modifier elements provide negation or qualification. In order to make the use of extensions safe and manageable, there is a strict set of governance applied to the definition and use of extensions. Though any implementer is allowed to define an extension, there is a set of requirements that SHALL be met as part of the definition of the extension. Applications processing a resource are required to check for modifier extensions. There can be no stigma associated with the use of extensions by any application, project, or standard - regardless of the institution or jurisdiction that uses or defines the extensions.  The use of extensions is what allows the FHIR specification to retain a core level of simplicity for everyone.","type":"display"}],"linkId":"Observation.component.modifierExtension","repeats":true,"required":false,"text":"Extensions that cannot be ignored","type":"group"},{"extension":[{"url":"http://hl7.org/fhir/StructureDefinition/questionnaire-minOccurs","valueInteger":1},{"url":"http://hl7.org/fhir/StructureDefinition/questionnaire-maxOccurs","valueInteger":1},{"url":"http://hl7.org/fhir/StructureDefinition/questionnaire-fhirType","valueString":"CodeableConcept"}],"item":[{"extension":[{"url":"http://hl7.org/fhir/StructureDefinition/questionnaire-itemControl","valueCodeableConcept":{"coding":[{"code":"flyover","display":"Fly-over","system":"http://hl7.org/fhir/questionnaire-item-control"}]}}],"text":"Describes what was observed. Sometimes this is called the observation \"code\".","type":"display"},{"linkId":"Observation.component.code.coding","repeats":false,"required":false,"text":"code:","type":"open-choice"},{"linkId":"Observation.component.code.text","repeats":false,"required":false,"text":"text:","type":"string"}],"linkId":"Observation.component.code","repeats":true,"required":true,"text":"Type of component observation (code / type)","type":"group"},{"extension":[{"url":"http://hl7.org/fhir/StructureDefinition/questionnaire-maxOccurs","valueInteger":1}],"item":[{"extension":[{"url":"http://hl7.org/fhir/StructureDefinition/questionnaire-itemControl","valueCodeableConcept":{"coding":[{"code":"flyover","display":"Fly-over","system":"http://hl7.org/fhir/questionnaire-item-control"}]}}],"text":"The information determined as a result of making the observation, if the information has a simple value. Normally, an observation will have either a value or a set of related observations. A few observations (e.g. Apgar score) may have both a value and related observations (for an Apgar score, the observations from which the measure is derived). If a value is present, the datatype for this element should be determined by Observation.code. A CodeableConcept with just a text would be used instead of a string if the field was usually coded, or if the type associated with the Observation.code defines a coded value.   For boolean values use valueCodeableConcept and select codes from <http://hl7.org/fhir/ValueSet/v2-0136> (These \"yes/no\" concepts can be mapped to the display name \"true/false\" or other mutually exclusive terms that may be needed\").  The element, Observation.value[x], has a variable name depending on the type as follows: valueQuantity, valueCodeableConcept, valueRatio, valueChoice, valuePeriod, valueSampleData, or valueString (The name format is \"'value' + the type name\" with a capital on the first letter of the type).","type":"display"},{"item":[{"extension":[{"url":"http://hl7.org/fhir/StructureDefinition/questionnaire-fhirType","valueString":"Quantity"}],"item":[{"linkId":"Observation.component.value[x]._Quantity.comparator","repeats":false,"required":false,"text":"comp:","type":"choice"},{"linkId":"Observation.component.value[x]._Quantity.value","repeats":false,"required":false,"text":"value:","type":"decimal"},{"linkId":"Observation.component.value[x]._Quantity.units","repeats":false,"required":false,"text":"units:","type":"string"},{"linkId":"Observation.component.value[x]._Quantity.code","repeats":false,"required":false,"text":"coded units:","type":"string"},{"linkId":"Observation.component.value[x]._Quantity.system","repeats":false,"required":false,"text":"units system:","type":"string"}],"linkId":"Observation.component.value[x]._Quantity","text":"Quantity","type":"group"},{"extension":[{"url":"http://hl7.org/fhir/StructureDefinition/questionnaire-fhirType","valueString":"CodeableConcept"}],"item":[{"linkId":"Observation.component.value[x]._CodeableConcept.coding","repeats":false,"required":false,"text":"code:","type":"open-choice"},{"linkId":"Observation.component.value[x]._CodeableConcept.text","repeats":false,"required":false,"text":"text:","type":"string"}],"linkId":"Observation.component.value[x]._CodeableConcept","text":"CodeableConcept","type":"group"},{"extension":[{"url":"http://hl7.org/fhir/StructureDefinition/questionnaire-fhirType","valueString":"string"}],"item":[{"linkId":"Observation.component.value[x]._string.value","repeats":false,"required":false,"text":"string","type":"string"}],"linkId":"Observation.component.value[x]._string","type":"group"},{"extension":[{"url":"http://hl7.org/fhir/StructureDefinition/questionnaire-fhirType","valueString":"Range"}],"item":[{"linkId":"Observation.component.value[x]._Range.low","repeats":false,"required":false,"text":"low:","type":"decimal"},{"linkId":"Observation.component.value[x]._Range.high","repeats":false,"required":false,"text":"high:","type":"decimal"},{"linkId":"Observation.component.value[x]._Range.units","repeats":false,"required":false,"text":"units:","type":"string"}],"linkId":"Observation.component.value[x]._Range","text":"Range","type":"group"},{"extension":[{"url":"http://hl7.org/fhir/StructureDefinition/questionnaire-fhirType","valueString":"Ratio"}],"item":[{"linkId":"Observation.component.value[x]._Ratio.numerator","repeats":false,"required":false,"text":"numerator:","type":"decimal"},{"linkId":"Observation.component.value[x]._Ratio.denominator","repeats":false,"required":false,"text":"denominator:","type":"decimal"},{"linkId":"Observation.component.value[x]._Ratio.units","repeats":false,"required":false,"text":"units:","type":"string"}],"linkId":"Observation.component.value[x]._Ratio","text":"Ratio","type":"group"},{"extension":[{"url":"http://hl7.org/fhir/StructureDefinition/questionnaire-fhirType","valueString":"SampledData"}],"linkId":"Observation.component.value[x]._SampledData","text":"SampledData","type":"group"},{"extension":[{"url":"http://hl7.org/fhir/StructureDefinition/questionnaire-fhirType","valueString":"Attachment"}],"linkId":"Observation.component.value[x]._Attachment","text":"Attachment","type":"group"},{"extension":[{"url":"http://hl7.org/fhir/StructureDefinition/questionnaire-fhirType","valueString":"time"}],"item":[{"linkId":"Observation.component.value[x]._time.value","repeats":false,"required":false,"text":"time","type":"time"}],"linkId":"Observation.component.value[x]._time","type":"group"},{"extension":[{"url":"http://hl7.org/fhir/StructureDefinition/questionnaire-fhirType","valueString":"datetime"}],"item":[{"linkId":"Observation.component.value[x]._dateTime.value","repeats":false,"required":false,"text":"dateTime","type":"dateTime"}],"linkId":"Observation.component.value[x]._dateTime","type":"group"},{"extension":[{"url":"http://hl7.org/fhir/StructureDefinition/questionnaire-fhirType","valueString":"Period"}],"item":[{"linkId":"Observation.component.value[x]._Period.low","repeats":false,"required":false,"text":"start:","type":"dateTime"},{"linkId":"Observation.component.value[x]._Period.end","repeats":false,"required":false,"text":"end:","type":"dateTime"}],"linkId":"Observation.component.value[x]._Period","text":"Period","type":"group"}],"linkId":"Observation.component.value[x]._type","options":{"reference":"#vs7"},"repeats":false,"required":false,"text":"type","type":"choice"}],"linkId":"Observation.component.value[x]","repeats":true,"required":false,"text":"Actual component result","type":"group"},{"extension":[{"url":"http://hl7.org/fhir/StructureDefinition/questionnaire-maxOccurs","valueInteger":1},{"url":"http://hl7.org/fhir/StructureDefinition/questionnaire-fhirType","valueString":"CodeableConcept"}],"item":[{"extension":[{"url":"http://hl7.org/fhir/StructureDefinition/questionnaire-itemControl","valueCodeableConcept":{"coding":[{"code":"flyover","display":"Fly-over","system":"http://hl7.org/fhir/questionnaire-item-control"}]}}],"text":"Provides a reason why the expected value in the element Observation.value[x] is missing. \"Null\" or exceptional values can be represented two ways in FHIR Observations.  One way is to simply include them in the value set and represent the exceptions in the value.  For example, measurement values for a serology test could be  \"detected\", \"not detected\", \"inconclusive\", or  \"test not done\".   The alternate way is to use the value element for actual observations and use the explicit dataAbsentReason element to record exceptional values.  For example, the dataAbsentReason code \"error\" could be used when the measurement was not completed.  Because of these options, use-case agreements are required to interpret general observations for exceptional values.","type":"display"},{"linkId":"Observation.component.dataAbsentReason.coding","repeats":false,"required":false,"text":"code:","type":"open-choice"},{"linkId":"Observation.component.dataAbsentReason.text","repeats":false,"required":false,"text":"text:","type":"string"}],"linkId":"Observation.component.dataAbsentReason","repeats":true,"required":false,"text":"Why the component result is missing","type":"group"},{"extension":[{"url":"http://hl7.org/fhir/StructureDefinition/questionnaire-maxOccurs","valueInteger":1},{"url":"http://hl7.org/fhir/StructureDefinition/questionnaire-fhirType","valueString":"CodeableConcept"}],"item":[{"extension":[{"url":"http://hl7.org/fhir/StructureDefinition/questionnaire-itemControl","valueCodeableConcept":{"coding":[{"code":"flyover","display":"Fly-over","system":"http://hl7.org/fhir/questionnaire-item-control"}]}}],"text":"The assessment made based on the result of the observation.  Intended as a simple compact code often placed adjacent to the result value in reports and flow sheets to signal the meaning/normalcy status of the result. Otherwise known as abnormal flag. The component interpretation is applies only to the indivual component value.  For an overall interpretation all components together use Observation.interpretation element.","type":"display"},{"linkId":"Observation.component.interpretation.coding","repeats":false,"required":false,"text":"code:","type":"open-choice"},{"linkId":"Observation.component.interpretation.text","repeats":false,"required":false,"text":"text:","type":"string"}],"linkId":"Observation.component.interpretation","repeats":true,"required":false,"text":"High, low, normal, etc.","type":"group"},{"item":[{"text":"Most observations only have one generic reference range. Systems MAY choose to restrict to only supplying the relevant reference range based on knowledge about the patient (e.g. specific to the patient's age, gender, weight and other factors), but this may not be possible or appropriate. Whenever more than one reference range is supplied, the differences between them SHOULD be provided in the reference range and/or age properties.","type":"display"},{"extension":[{"url":"http://hl7.org/fhir/StructureDefinition/questionnaire-itemControl","valueCodeableConcept":{"coding":[{"code":"flyover","display":"Fly-over","system":"http://hl7.org/fhir/questionnaire-item-control"}]}}],"text":"Guidance on how to interpret the value by comparison to a normal or recommended range.","type":"display"}],"linkId":"Observation.component.referenceRange","repeats":true,"required":false,"text":"Provides guide for interpretation of component result","type":"group"}],"linkId":"Observation.component","repeats":true,"required":false,"text":"Component results","type":"group"}],"linkId":"Observation","repeats":false,"required":true,"text":"HDL Cholesterol Result","type":"group"}],"publisher":"Grahame Grieve","resourceType":"Questionnaire","status":"draft"}