{"contained":[{"description":"Type options for ImmunizationRecommendation.recommendation.supportingPatientInformation","expansion":{"contains":[{"code":"Observation","display":"Observation","system":"http://hl7.org/fhir/resource-types"},{"code":"AllergyIntolerance","display":"AllergyIntolerance","system":"http://hl7.org/fhir/resource-types"}],"identifier":"urn:uuid:0579cd22-a2a5-4641-a531-636f840d8a30","timestamp":"2016-06-06T20:21:26+00:00"},"id":"vs2","name":"Type options for ImmunizationRecommendation.recommendation.supportingPatientInformation","resourceType":"ValueSet","status":"active"}],"date":"2016-06-06T20:14:04+00:00","id":"qs1","identifier":[{"system":"urn:ietf:rfc:3986"}],"item":[{"item":[{"extension":[{"url":"http://hl7.org/fhir/StructureDefinition/questionnaire-itemControl","valueCodeableConcept":{"coding":[{"code":"flyover","display":"Fly-over","system":"http://hl7.org/fhir/questionnaire-item-control"}]}}],"text":"A patient's point-in-time immunization and recommendation (i.e. forecasting a patient's immunization eligibility according to a published schedule) with optional supporting justification.","type":"display"},{"extension":[{"url":"http://hl7.org/fhir/StructureDefinition/questionnaire-maxOccurs","valueInteger":1},{"url":"http://hl7.org/fhir/StructureDefinition/questionnaire-fhirType","valueString":"string"}],"item":[{"extension":[{"url":"http://hl7.org/fhir/StructureDefinition/questionnaire-itemControl","valueCodeableConcept":{"coding":[{"code":"flyover","display":"Fly-over","system":"http://hl7.org/fhir/questionnaire-item-control"}]}}],"text":"The logical id of the resource, as used in the URL for the resource. Once assigned, this value never changes. The only time that a resource does not have an id is when it is being submitted to the server using a create operation. Bundles always have an id, though it is usually a generated UUID.","type":"display"},{"linkId":"ImmunizationRecommendation.id.value","repeats":false,"required":false,"text":"Logical id of this artifact","type":"string"}],"linkId":"ImmunizationRecommendation.id","repeats":true,"required":false,"type":"group"},{"extension":[{"url":"http://hl7.org/fhir/StructureDefinition/questionnaire-maxOccurs","valueInteger":1}],"item":[{"extension":[{"url":"http://hl7.org/fhir/StructureDefinition/questionnaire-itemControl","valueCodeableConcept":{"coding":[{"code":"flyover","display":"Fly-over","system":"http://hl7.org/fhir/questionnaire-item-control"}]}}],"text":"The metadata about the resource. This is content that is maintained by the infrastructure. Changes to the content may not always be associated with version changes to the resource.","type":"display"}],"linkId":"ImmunizationRecommendation.meta","repeats":true,"required":false,"text":"Metadata about the resource","type":"group"},{"extension":[{"url":"http://hl7.org/fhir/StructureDefinition/questionnaire-maxOccurs","valueInteger":1},{"url":"http://hl7.org/fhir/StructureDefinition/questionnaire-fhirType","valueString":"uri"}],"item":[{"extension":[{"url":"http://hl7.org/fhir/StructureDefinition/questionnaire-itemControl","valueCodeableConcept":{"coding":[{"code":"flyover","display":"Fly-over","system":"http://hl7.org/fhir/questionnaire-item-control"}]}}],"text":"A reference to a set of rules that were followed when the resource was constructed, and which must be understood when processing the content. Asserting this rule set restricts the content to be only understood by a limited set of trading partners. This inherently limits the usefulness of the data in the long term. However, the existing health eco-system is highly fractured, and not yet ready to define, collect, and exchange data in a generally computable sense. Wherever possible, implementers and/or specification writers should avoid using this element as much as possible.","type":"display"},{"linkId":"ImmunizationRecommendation.implicitRules.value","repeats":false,"required":false,"text":"A set of rules under which this content was created","type":"string"}],"linkId":"ImmunizationRecommendation.implicitRules","repeats":true,"required":false,"type":"group"},{"extension":[{"url":"http://hl7.org/fhir/StructureDefinition/questionnaire-maxOccurs","valueInteger":1},{"url":"http://hl7.org/fhir/StructureDefinition/questionnaire-fhirType","valueString":"code"}],"item":[{"extension":[{"url":"http://hl7.org/fhir/StructureDefinition/questionnaire-itemControl","valueCodeableConcept":{"coding":[{"code":"flyover","display":"Fly-over","system":"http://hl7.org/fhir/questionnaire-item-control"}]}}],"text":"The base language in which the resource is written. Language is provided to support indexing and accessibility (typically, services such as text to speech use the language tag). The html language tag in the narrative applies  to the narrative. The language tag on the resource may be used to specify the language of other presentations generated from the data in the resource  Not all the content has to be in the base language. The Resource.language should not be assumed to apply to the narrative automatically. If a language is specified, it should it also be specified on the div element in the html (see rules in HTML5 for information about the relationship between xml:lang and the html lang attribute).","type":"display"},{"linkId":"ImmunizationRecommendation.language.value","repeats":false,"required":false,"text":"language","type":"choice"}],"linkId":"ImmunizationRecommendation.language","repeats":true,"required":false,"type":"group"},{"extension":[{"url":"http://hl7.org/fhir/StructureDefinition/questionnaire-maxOccurs","valueInteger":1}],"item":[{"extension":[{"url":"http://hl7.org/fhir/StructureDefinition/questionnaire-itemControl","valueCodeableConcept":{"coding":[{"code":"flyover","display":"Fly-over","system":"http://hl7.org/fhir/questionnaire-item-control"}]}}],"text":"A human-readable narrative that contains a summary of the resource, and may be used to represent the content of the resource to a human. The narrative need not encode all the structured data, but is required to contain sufficient detail to make it \"clinically safe\" for a human to just read the narrative. Resource definitions may define what content should be represented in the narrative to ensure clinical safety. Contained resources do not have narrative. Resources that are not contained SHOULD have a narrative.","type":"display"}],"linkId":"ImmunizationRecommendation.text","repeats":true,"required":false,"text":"Text summary of the resource, for human interpretation","type":"group"},{"item":[{"extension":[{"url":"http://hl7.org/fhir/StructureDefinition/questionnaire-itemControl","valueCodeableConcept":{"coding":[{"code":"flyover","display":"Fly-over","system":"http://hl7.org/fhir/questionnaire-item-control"}]}}],"text":"These resources do not have an independent existence apart from the resource that contains them - they cannot be identified independently, and nor can they have their own independent transaction scope. This should never be done when the content can be identified properly, as once identification is lost, it is extremely difficult (and context dependent) to restore it again.","type":"display"}],"linkId":"ImmunizationRecommendation.contained","repeats":true,"required":false,"text":"Contained, inline Resources","type":"group"},{"item":[{"extension":[{"url":"http://hl7.org/fhir/StructureDefinition/questionnaire-itemControl","valueCodeableConcept":{"coding":[{"code":"flyover","display":"Fly-over","system":"http://hl7.org/fhir/questionnaire-item-control"}]}}],"text":"May be used to represent additional information that is not part of the basic definition of the resource. In order to make the use of extensions safe and manageable, there is a strict set of governance  applied to the definition and use of extensions. Though any implementer is allowed to define an extension, there is a set of requirements that SHALL be met as part of the definition of the extension. There can be no stigma associated with the use of extensions by any application, project, or standard - regardless of the institution or jurisdiction that uses or defines the extensions.  The use of extensions is what allows the FHIR specification to retain a core level of simplicity for everyone.","type":"display"}],"linkId":"ImmunizationRecommendation.extension","repeats":true,"required":false,"text":"Additional Content defined by implementations","type":"group"},{"item":[{"extension":[{"url":"http://hl7.org/fhir/StructureDefinition/questionnaire-itemControl","valueCodeableConcept":{"coding":[{"code":"flyover","display":"Fly-over","system":"http://hl7.org/fhir/questionnaire-item-control"}]}}],"text":"May be used to represent additional information that is not part of the basic definition of the resource, and that modifies the understanding of the element that contains it. Usually modifier elements provide negation or qualification. In order to make the use of extensions safe and manageable, there is a strict set of governance applied to the definition and use of extensions. Though any implementer is allowed to define an extension, there is a set of requirements that SHALL be met as part of the definition of the extension. Applications processing a resource are required to check for modifier extensions. There can be no stigma associated with the use of extensions by any application, project, or standard - regardless of the institution or jurisdiction that uses or defines the extensions.  The use of extensions is what allows the FHIR specification to retain a core level of simplicity for everyone.","type":"display"}],"linkId":"ImmunizationRecommendation.modifierExtension","repeats":true,"required":false,"text":"Extensions that cannot be ignored","type":"group"},{"extension":[{"url":"http://hl7.org/fhir/StructureDefinition/questionnaire-fhirType","valueString":"Identifier"}],"item":[{"extension":[{"url":"http://hl7.org/fhir/StructureDefinition/questionnaire-itemControl","valueCodeableConcept":{"coding":[{"code":"flyover","display":"Fly-over","system":"http://hl7.org/fhir/questionnaire-item-control"}]}}],"text":"A unique identifier assigned to this particular recommendation record.","type":"display"},{"linkId":"ImmunizationRecommendation.identifier.label","repeats":false,"required":false,"text":"label:","type":"string"},{"linkId":"ImmunizationRecommendation.identifier.system","repeats":false,"required":false,"text":"system:","type":"string"},{"linkId":"ImmunizationRecommendation.identifier.value","repeats":false,"required":false,"text":"value:","type":"string"}],"linkId":"ImmunizationRecommendation.identifier","repeats":true,"required":false,"text":"Business identifier","type":"group"},{"extension":[{"url":"http://hl7.org/fhir/StructureDefinition/questionnaire-minOccurs","valueInteger":1},{"url":"http://hl7.org/fhir/StructureDefinition/questionnaire-maxOccurs","valueInteger":1},{"url":"http://hl7.org/fhir/StructureDefinition/questionnaire-fhirType","valueString":"Reference"}],"item":[{"extension":[{"url":"http://hl7.org/fhir/StructureDefinition/questionnaire-itemControl","valueCodeableConcept":{"coding":[{"code":"flyover","display":"Fly-over","system":"http://hl7.org/fhir/questionnaire-item-control"}]}}],"text":"The patient for whom the recommendations are for.","type":"display"},{"extension":[{"url":"http://hl7.org/fhir/StructureDefinition/questionnaire-allowedResource","valueCode":"Patient"},{"url":"http://hl7.org/fhir/StructureDefinition/questionnaire-referenceFilter","valueString":"subject=$subj&patient=$subj&encounter=$encounter"}],"linkId":"ImmunizationRecommendation.patient.value","repeats":false,"required":false,"text":"Who this profile is for","type":"reference"}],"linkId":"ImmunizationRecommendation.patient","repeats":true,"required":true,"type":"group"},{"extension":[{"url":"http://hl7.org/fhir/StructureDefinition/questionnaire-minOccurs","valueInteger":1}],"item":[{"extension":[{"url":"http://hl7.org/fhir/StructureDefinition/questionnaire-itemControl","valueCodeableConcept":{"coding":[{"code":"flyover","display":"Fly-over","system":"http://hl7.org/fhir/questionnaire-item-control"}]}}],"text":"Vaccine administration recommendations.","type":"display"},{"extension":[{"url":"http://hl7.org/fhir/StructureDefinition/questionnaire-maxOccurs","valueInteger":1},{"url":"http://hl7.org/fhir/StructureDefinition/questionnaire-fhirType","valueString":"string"}],"item":[{"extension":[{"url":"http://hl7.org/fhir/StructureDefinition/questionnaire-itemControl","valueCodeableConcept":{"coding":[{"code":"flyover","display":"Fly-over","system":"http://hl7.org/fhir/questionnaire-item-control"}]}}],"text":"unique id for the element within a resource (for internal references).","type":"display"},{"linkId":"ImmunizationRecommendation.recommendation.id.value","repeats":false,"required":false,"text":"xml:id (or equivalent in JSON)","type":"string"}],"linkId":"ImmunizationRecommendation.recommendation.id","repeats":true,"required":false,"type":"group"},{"item":[{"extension":[{"url":"http://hl7.org/fhir/StructureDefinition/questionnaire-itemControl","valueCodeableConcept":{"coding":[{"code":"flyover","display":"Fly-over","system":"http://hl7.org/fhir/questionnaire-item-control"}]}}],"text":"May be used to represent additional information that is not part of the basic definition of the element. In order to make the use of extensions safe and manageable, there is a strict set of governance  applied to the definition and use of extensions. Though any implementer is allowed to define an extension, there is a set of requirements that SHALL be met as part of the definition of the extension. There can be no stigma associated with the use of extensions by any application, project, or standard - regardless of the institution or jurisdiction that uses or defines the extensions.  The use of extensions is what allows the FHIR specification to retain a core level of simplicity for everyone.","type":"display"}],"linkId":"ImmunizationRecommendation.recommendation.extension","repeats":true,"required":false,"text":"Additional Content defined by implementations","type":"group"},{"item":[{"extension":[{"url":"http://hl7.org/fhir/StructureDefinition/questionnaire-itemControl","valueCodeableConcept":{"coding":[{"code":"flyover","display":"Fly-over","system":"http://hl7.org/fhir/questionnaire-item-control"}]}}],"text":"May be used to represent additional information that is not part of the basic definition of the element, and that modifies the understanding of the element that contains it. Usually modifier elements provide negation or qualification. In order to make the use of extensions safe and manageable, there is a strict set of governance applied to the definition and use of extensions. Though any implementer is allowed to define an extension, there is a set of requirements that SHALL be met as part of the definition of the extension. Applications processing a resource are required to check for modifier extensions. There can be no stigma associated with the use of extensions by any application, project, or standard - regardless of the institution or jurisdiction that uses or defines the extensions.  The use of extensions is what allows the FHIR specification to retain a core level of simplicity for everyone.","type":"display"}],"linkId":"ImmunizationRecommendation.recommendation.modifierExtension","repeats":true,"required":false,"text":"Extensions that cannot be ignored","type":"group"},{"extension":[{"url":"http://hl7.org/fhir/StructureDefinition/questionnaire-minOccurs","valueInteger":1},{"url":"http://hl7.org/fhir/StructureDefinition/questionnaire-maxOccurs","valueInteger":1},{"url":"http://hl7.org/fhir/StructureDefinition/questionnaire-fhirType","valueString":"datetime"}],"item":[{"extension":[{"url":"http://hl7.org/fhir/StructureDefinition/questionnaire-itemControl","valueCodeableConcept":{"coding":[{"code":"flyover","display":"Fly-over","system":"http://hl7.org/fhir/questionnaire-item-control"}]}}],"text":"The date the immunization recommendation was created.","type":"display"},{"linkId":"ImmunizationRecommendation.recommendation.date.value","repeats":false,"required":false,"text":"Date recommendation created","type":"dateTime"}],"linkId":"ImmunizationRecommendation.recommendation.date","repeats":true,"required":true,"type":"group"},{"extension":[{"url":"http://hl7.org/fhir/StructureDefinition/questionnaire-minOccurs","valueInteger":1},{"url":"http://hl7.org/fhir/StructureDefinition/questionnaire-maxOccurs","valueInteger":1},{"url":"http://hl7.org/fhir/StructureDefinition/questionnaire-fhirType","valueString":"CodeableConcept"}],"item":[{"extension":[{"url":"http://hl7.org/fhir/StructureDefinition/questionnaire-itemControl","valueCodeableConcept":{"coding":[{"code":"flyover","display":"Fly-over","system":"http://hl7.org/fhir/questionnaire-item-control"}]}}],"text":"Vaccine that pertains to the recommendation.","type":"display"},{"linkId":"ImmunizationRecommendation.recommendation.vaccineCode.coding","repeats":false,"required":false,"text":"code:","type":"open-choice"},{"linkId":"ImmunizationRecommendation.recommendation.vaccineCode.text","repeats":false,"required":false,"text":"text:","type":"string"}],"linkId":"ImmunizationRecommendation.recommendation.vaccineCode","repeats":true,"required":true,"text":"Vaccine recommendation applies to","type":"group"},{"extension":[{"url":"http://hl7.org/fhir/StructureDefinition/questionnaire-maxOccurs","valueInteger":1},{"url":"http://hl7.org/fhir/StructureDefinition/questionnaire-fhirType","valueString":"integer"}],"item":[{"extension":[{"url":"http://hl7.org/fhir/StructureDefinition/questionnaire-itemControl","valueCodeableConcept":{"coding":[{"code":"flyover","display":"Fly-over","system":"http://hl7.org/fhir/questionnaire-item-control"}]}}],"text":"This indicates the next recommended dose number (e.g. dose 2 is the next recommended dose). May need other dose concepts such as administered vs. valid.","type":"display"},{"linkId":"ImmunizationRecommendation.recommendation.doseNumber.value","repeats":false,"required":false,"text":"Recommended dose number","type":"integer"}],"linkId":"ImmunizationRecommendation.recommendation.doseNumber","repeats":true,"required":false,"type":"group"},{"extension":[{"url":"http://hl7.org/fhir/StructureDefinition/questionnaire-minOccurs","valueInteger":1},{"url":"http://hl7.org/fhir/StructureDefinition/questionnaire-maxOccurs","valueInteger":1},{"url":"http://hl7.org/fhir/StructureDefinition/questionnaire-fhirType","valueString":"CodeableConcept"}],"item":[{"extension":[{"url":"http://hl7.org/fhir/StructureDefinition/questionnaire-itemControl","valueCodeableConcept":{"coding":[{"code":"flyover","display":"Fly-over","system":"http://hl7.org/fhir/questionnaire-item-control"}]}}],"text":"Vaccine administration status.","type":"display"},{"linkId":"ImmunizationRecommendation.recommendation.forecastStatus.coding","repeats":false,"required":false,"text":"code:","type":"open-choice"},{"linkId":"ImmunizationRecommendation.recommendation.forecastStatus.text","repeats":false,"required":false,"text":"text:","type":"string"}],"linkId":"ImmunizationRecommendation.recommendation.forecastStatus","repeats":true,"required":true,"text":"Vaccine administration status","type":"group"},{"item":[{"extension":[{"url":"http://hl7.org/fhir/StructureDefinition/questionnaire-itemControl","valueCodeableConcept":{"coding":[{"code":"flyover","display":"Fly-over","system":"http://hl7.org/fhir/questionnaire-item-control"}]}}],"text":"Vaccine date recommendations.  For example, earliest date to administer, latest date to administer, etc.","type":"display"},{"extension":[{"url":"http://hl7.org/fhir/StructureDefinition/questionnaire-maxOccurs","valueInteger":1},{"url":"http://hl7.org/fhir/StructureDefinition/questionnaire-fhirType","valueString":"string"}],"item":[{"extension":[{"url":"http://hl7.org/fhir/StructureDefinition/questionnaire-itemControl","valueCodeableConcept":{"coding":[{"code":"flyover","display":"Fly-over","system":"http://hl7.org/fhir/questionnaire-item-control"}]}}],"text":"unique id for the element within a resource (for internal references).","type":"display"},{"linkId":"ImmunizationRecommendation.recommendation.dateCriterion.id.value","repeats":false,"required":false,"text":"xml:id (or equivalent in JSON)","type":"string"}],"linkId":"ImmunizationRecommendation.recommendation.dateCriterion.id","repeats":true,"required":false,"type":"group"},{"item":[{"extension":[{"url":"http://hl7.org/fhir/StructureDefinition/questionnaire-itemControl","valueCodeableConcept":{"coding":[{"code":"flyover","display":"Fly-over","system":"http://hl7.org/fhir/questionnaire-item-control"}]}}],"text":"May be used to represent additional information that is not part of the basic definition of the element. In order to make the use of extensions safe and manageable, there is a strict set of governance  applied to the definition and use of extensions. Though any implementer is allowed to define an extension, there is a set of requirements that SHALL be met as part of the definition of the extension. There can be no stigma associated with the use of extensions by any application, project, or standard - regardless of the institution or jurisdiction that uses or defines the extensions.  The use of extensions is what allows the FHIR specification to retain a core level of simplicity for everyone.","type":"display"}],"linkId":"ImmunizationRecommendation.recommendation.dateCriterion.extension","repeats":true,"required":false,"text":"Additional Content defined by implementations","type":"group"},{"item":[{"extension":[{"url":"http://hl7.org/fhir/StructureDefinition/questionnaire-itemControl","valueCodeableConcept":{"coding":[{"code":"flyover","display":"Fly-over","system":"http://hl7.org/fhir/questionnaire-item-control"}]}}],"text":"May be used to represent additional information that is not part of the basic definition of the element, and that modifies the understanding of the element that contains it. Usually modifier elements provide negation or qualification. In order to make the use of extensions safe and manageable, there is a strict set of governance applied to the definition and use of extensions. Though any implementer is allowed to define an extension, there is a set of requirements that SHALL be met as part of the definition of the extension. Applications processing a resource are required to check for modifier extensions. There can be no stigma associated with the use of extensions by any application, project, or standard - regardless of the institution or jurisdiction that uses or defines the extensions.  The use of extensions is what allows the FHIR specification to retain a core level of simplicity for everyone.","type":"display"}],"linkId":"ImmunizationRecommendation.recommendation.dateCriterion.modifierExtension","repeats":true,"required":false,"text":"Extensions that cannot be ignored","type":"group"},{"extension":[{"url":"http://hl7.org/fhir/StructureDefinition/questionnaire-minOccurs","valueInteger":1},{"url":"http://hl7.org/fhir/StructureDefinition/questionnaire-maxOccurs","valueInteger":1},{"url":"http://hl7.org/fhir/StructureDefinition/questionnaire-fhirType","valueString":"CodeableConcept"}],"item":[{"extension":[{"url":"http://hl7.org/fhir/StructureDefinition/questionnaire-itemControl","valueCodeableConcept":{"coding":[{"code":"flyover","display":"Fly-over","system":"http://hl7.org/fhir/questionnaire-item-control"}]}}],"text":"Date classification of recommendation.  For example, earliest date to give, latest date to give, etc.","type":"display"},{"linkId":"ImmunizationRecommendation.recommendation.dateCriterion.code.coding","repeats":false,"required":false,"text":"code:","type":"open-choice"},{"linkId":"ImmunizationRecommendation.recommendation.dateCriterion.code.text","repeats":false,"required":false,"text":"text:","type":"string"}],"linkId":"ImmunizationRecommendation.recommendation.dateCriterion.code","repeats":true,"required":true,"text":"Type of date","type":"group"},{"extension":[{"url":"http://hl7.org/fhir/StructureDefinition/questionnaire-minOccurs","valueInteger":1},{"url":"http://hl7.org/fhir/StructureDefinition/questionnaire-maxOccurs","valueInteger":1},{"url":"http://hl7.org/fhir/StructureDefinition/questionnaire-fhirType","valueString":"datetime"}],"item":[{"extension":[{"url":"http://hl7.org/fhir/StructureDefinition/questionnaire-itemControl","valueCodeableConcept":{"coding":[{"code":"flyover","display":"Fly-over","system":"http://hl7.org/fhir/questionnaire-item-control"}]}}],"text":"The date whose meaning is specified by dateCriterion.code.","type":"display"},{"linkId":"ImmunizationRecommendation.recommendation.dateCriterion.value.value","repeats":false,"required":false,"text":"Recommended date","type":"dateTime"}],"linkId":"ImmunizationRecommendation.recommendation.dateCriterion.value","repeats":true,"required":true,"type":"group"}],"linkId":"ImmunizationRecommendation.recommendation.dateCriterion","repeats":true,"required":false,"text":"Dates governing proposed immunization","type":"group"},{"extension":[{"url":"http://hl7.org/fhir/StructureDefinition/questionnaire-maxOccurs","valueInteger":1}],"item":[{"extension":[{"url":"http://hl7.org/fhir/StructureDefinition/questionnaire-itemControl","valueCodeableConcept":{"coding":[{"code":"flyover","display":"Fly-over","system":"http://hl7.org/fhir/questionnaire-item-control"}]}}],"text":"Contains information about the protocol under which the vaccine was administered.","type":"display"},{"extension":[{"url":"http://hl7.org/fhir/StructureDefinition/questionnaire-maxOccurs","valueInteger":1},{"url":"http://hl7.org/fhir/StructureDefinition/questionnaire-fhirType","valueString":"string"}],"item":[{"extension":[{"url":"http://hl7.org/fhir/StructureDefinition/questionnaire-itemControl","valueCodeableConcept":{"coding":[{"code":"flyover","display":"Fly-over","system":"http://hl7.org/fhir/questionnaire-item-control"}]}}],"text":"unique id for the element within a resource (for internal references).","type":"display"},{"linkId":"ImmunizationRecommendation.recommendation.protocol.id.value","repeats":false,"required":false,"text":"xml:id (or equivalent in JSON)","type":"string"}],"linkId":"ImmunizationRecommendation.recommendation.protocol.id","repeats":true,"required":false,"type":"group"},{"item":[{"extension":[{"url":"http://hl7.org/fhir/StructureDefinition/questionnaire-itemControl","valueCodeableConcept":{"coding":[{"code":"flyover","display":"Fly-over","system":"http://hl7.org/fhir/questionnaire-item-control"}]}}],"text":"May be used to represent additional information that is not part of the basic definition of the element. In order to make the use of extensions safe and manageable, there is a strict set of governance  applied to the definition and use of extensions. Though any implementer is allowed to define an extension, there is a set of requirements that SHALL be met as part of the definition of the extension. There can be no stigma associated with the use of extensions by any application, project, or standard - regardless of the institution or jurisdiction that uses or defines the extensions.  The use of extensions is what allows the FHIR specification to retain a core level of simplicity for everyone.","type":"display"}],"linkId":"ImmunizationRecommendation.recommendation.protocol.extension","repeats":true,"required":false,"text":"Additional Content defined by implementations","type":"group"},{"item":[{"extension":[{"url":"http://hl7.org/fhir/StructureDefinition/questionnaire-itemControl","valueCodeableConcept":{"coding":[{"code":"flyover","display":"Fly-over","system":"http://hl7.org/fhir/questionnaire-item-control"}]}}],"text":"May be used to represent additional information that is not part of the basic definition of the element, and that modifies the understanding of the element that contains it. Usually modifier elements provide negation or qualification. In order to make the use of extensions safe and manageable, there is a strict set of governance applied to the definition and use of extensions. Though any implementer is allowed to define an extension, there is a set of requirements that SHALL be met as part of the definition of the extension. Applications processing a resource are required to check for modifier extensions. There can be no stigma associated with the use of extensions by any application, project, or standard - regardless of the institution or jurisdiction that uses or defines the extensions.  The use of extensions is what allows the FHIR specification to retain a core level of simplicity for everyone.","type":"display"}],"linkId":"ImmunizationRecommendation.recommendation.protocol.modifierExtension","repeats":true,"required":false,"text":"Extensions that cannot be ignored","type":"group"},{"extension":[{"url":"http://hl7.org/fhir/StructureDefinition/questionnaire-maxOccurs","valueInteger":1},{"url":"http://hl7.org/fhir/StructureDefinition/questionnaire-fhirType","valueString":"integer"}],"item":[{"extension":[{"url":"http://hl7.org/fhir/StructureDefinition/questionnaire-itemControl","valueCodeableConcept":{"coding":[{"code":"flyover","display":"Fly-over","system":"http://hl7.org/fhir/questionnaire-item-control"}]}}],"text":"Indicates the nominal position in a series of the next dose.  This is the recommended dose number as per a specified protocol.","type":"display"},{"linkId":"ImmunizationRecommendation.recommendation.protocol.doseSequence.value","repeats":false,"required":false,"text":"Dose number within sequence","type":"integer"}],"linkId":"ImmunizationRecommendation.recommendation.protocol.doseSequence","repeats":true,"required":false,"type":"group"},{"extension":[{"url":"http://hl7.org/fhir/StructureDefinition/questionnaire-maxOccurs","valueInteger":1},{"url":"http://hl7.org/fhir/StructureDefinition/questionnaire-fhirType","valueString":"string"}],"item":[{"extension":[{"url":"http://hl7.org/fhir/StructureDefinition/questionnaire-itemControl","valueCodeableConcept":{"coding":[{"code":"flyover","display":"Fly-over","system":"http://hl7.org/fhir/questionnaire-item-control"}]}}],"text":"Contains the description about the protocol under which the vaccine was administered.","type":"display"},{"linkId":"ImmunizationRecommendation.recommendation.protocol.description.value","repeats":false,"required":false,"text":"Protocol details","type":"string"}],"linkId":"ImmunizationRecommendation.recommendation.protocol.description","repeats":true,"required":false,"type":"group"},{"extension":[{"url":"http://hl7.org/fhir/StructureDefinition/questionnaire-maxOccurs","valueInteger":1},{"url":"http://hl7.org/fhir/StructureDefinition/questionnaire-fhirType","valueString":"Reference"}],"item":[{"extension":[{"url":"http://hl7.org/fhir/StructureDefinition/questionnaire-itemControl","valueCodeableConcept":{"coding":[{"code":"flyover","display":"Fly-over","system":"http://hl7.org/fhir/questionnaire-item-control"}]}}],"text":"Indicates the authority who published the protocol.  For example, ACIP.","type":"display"},{"extension":[{"url":"http://hl7.org/fhir/StructureDefinition/questionnaire-allowedResource","valueCode":"Organization"},{"url":"http://hl7.org/fhir/StructureDefinition/questionnaire-referenceFilter","valueString":"subject=$subj&patient=$subj&encounter=$encounter"}],"linkId":"ImmunizationRecommendation.recommendation.protocol.authority.value","repeats":false,"required":false,"text":"Who is responsible for protocol","type":"reference"}],"linkId":"ImmunizationRecommendation.recommendation.protocol.authority","repeats":true,"required":false,"type":"group"},{"extension":[{"url":"http://hl7.org/fhir/StructureDefinition/questionnaire-maxOccurs","valueInteger":1},{"url":"http://hl7.org/fhir/StructureDefinition/questionnaire-fhirType","valueString":"string"}],"item":[{"extension":[{"url":"http://hl7.org/fhir/StructureDefinition/questionnaire-itemControl","valueCodeableConcept":{"coding":[{"code":"flyover","display":"Fly-over","system":"http://hl7.org/fhir/questionnaire-item-control"}]}}],"text":"One possible path to achieve presumed immunity against a disease - within the context of an authority.","type":"display"},{"linkId":"ImmunizationRecommendation.recommendation.protocol.series.value","repeats":false,"required":false,"text":"Name of vaccination series","type":"string"}],"linkId":"ImmunizationRecommendation.recommendation.protocol.series","repeats":true,"required":false,"type":"group"}],"linkId":"ImmunizationRecommendation.recommendation.protocol","repeats":false,"required":false,"text":"Protocol used by recommendation","type":"group"},{"extension":[{"url":"http://hl7.org/fhir/StructureDefinition/questionnaire-fhirType","valueString":"Reference"}],"item":[{"extension":[{"url":"http://hl7.org/fhir/StructureDefinition/questionnaire-itemControl","valueCodeableConcept":{"coding":[{"code":"flyover","display":"Fly-over","system":"http://hl7.org/fhir/questionnaire-item-control"}]}}],"text":"Immunization event history that supports the status and recommendation.","type":"display"},{"extension":[{"url":"http://hl7.org/fhir/StructureDefinition/questionnaire-allowedResource","valueCode":"Immunization"},{"url":"http://hl7.org/fhir/StructureDefinition/questionnaire-referenceFilter","valueString":"subject=$subj&patient=$subj&encounter=$encounter"}],"linkId":"ImmunizationRecommendation.recommendation.supportingImmunization.value","repeats":false,"required":false,"text":"Past immunizations supporting recommendation","type":"reference"}],"linkId":"ImmunizationRecommendation.recommendation.supportingImmunization","repeats":true,"required":false,"type":"group"},{"item":[{"extension":[{"url":"http://hl7.org/fhir/StructureDefinition/questionnaire-itemControl","valueCodeableConcept":{"coding":[{"code":"flyover","display":"Fly-over","system":"http://hl7.org/fhir/questionnaire-item-control"}]}}],"text":"Patient Information that supports the status and recommendation.  This includes patient observations, adverse reactions and allergy/intolerance information.","type":"display"},{"item":[{"extension":[{"url":"http://hl7.org/fhir/StructureDefinition/questionnaire-fhirType","valueString":"Reference"}],"item":[{"extension":[{"url":"http://hl7.org/fhir/StructureDefinition/questionnaire-allowedResource","valueCode":"Observation"},{"url":"http://hl7.org/fhir/StructureDefinition/questionnaire-referenceFilter","valueString":"subject=$subj&patient=$subj&encounter=$encounter"}],"linkId":"ImmunizationRecommendation.recommendation.supportingPatientInformation._Observation.value","repeats":false,"required":false,"text":"Observation","type":"reference"}],"linkId":"ImmunizationRecommendation.recommendation.supportingPatientInformation._Observation","type":"group"},{"extension":[{"url":"http://hl7.org/fhir/StructureDefinition/questionnaire-fhirType","valueString":"Reference"}],"item":[{"extension":[{"url":"http://hl7.org/fhir/StructureDefinition/questionnaire-allowedResource","valueCode":"AllergyIntolerance"},{"url":"http://hl7.org/fhir/StructureDefinition/questionnaire-referenceFilter","valueString":"subject=$subj&patient=$subj&encounter=$encounter"}],"linkId":"ImmunizationRecommendation.recommendation.supportingPatientInformation._AllergyIntolerance.value","repeats":false,"required":false,"text":"AllergyIntolerance","type":"reference"}],"linkId":"ImmunizationRecommendation.recommendation.supportingPatientInformation._AllergyIntolerance","type":"group"}],"linkId":"ImmunizationRecommendation.recommendation.supportingPatientInformation._type","options":{"reference":"#vs2"},"repeats":false,"required":false,"text":"type","type":"choice"}],"linkId":"ImmunizationRecommendation.recommendation.supportingPatientInformation","repeats":true,"required":false,"text":"Patient observations supporting recommendation","type":"group"}],"linkId":"ImmunizationRecommendation.recommendation","repeats":true,"required":true,"text":"Vaccine administration recommendations","type":"group"}],"linkId":"ImmunizationRecommendation","repeats":true,"required":false,"text":"Guidance or advice relating to an immunization","type":"group"}],"publisher":"Health Level Seven International (Public Health and Emergency Response)","resourceType":"Questionnaire","status":"draft"}