{
  "resourceType": "MedicationOrder",
  "id": "f001",
  "text": {
    "status": "generated",
    "div": "<div xmlns=\"http://www.w3.org/1999/xhtml\"><p><b>Generated Narrative with Details</b></p><p><b>id</b>: f001</p><p><b>identifier</b>: order9837293 (OFFICIAL)</p><p><b>status</b>: active</p><p><b>medication</b>: <a>prescribed medication</a></p><p><b>patient</b>: <a>P. van den Heuvel</a></p><p><b>encounter</b>: <a>visit who leads to this priscription</a></p><p><b>dateWritten</b>: May 25, 2013 7:32:52 PM</p><p><b>prescriber</b>: <a>R.A. van den Berk</a></p><p><b>reasonCode</b>: Chronic obstructive pulmonary disease <span>(Details : {SNOMED CT code '13645005' = 'Chronic obstructive lung disease (disorder)', given as 'Chronic obstructive pulmonary disease'})</span></p><h3>DosageInstructions</h3><table><tr><td>-</td><td><b>Text</b></td><td><b>AdditionalInstructions</b></td><td><b>Timing</b></td><td><b>Site[x]</b></td><td><b>Route</b></td><td><b>Dose[x]</b></td></tr><tr><td>*</td><td>3 tot 4 maal daags 1 flacon</td><td>for use during pregnancy, contact physician <span>(Details )</span></td><td>Starting Aug 4, 2013, Do 3 per 1 days, Until Nov 5, 2013</td><td>Entire oral cavity <span>(Details : {SNOMED CT code '181220002' = 'Entire oral cavity (body structure)', given as 'Entire oral cavity'})</span></td><td>oral administration of treatment <span>(Details : {SNOMED CT code '394899003' = 'Oral administration of treatment (navigational concept)', given as 'oral administration of treatment'})</span></td><td>10 ml<span> (Details: http://unitsofmeasure.org code ml = 'ml')</span></td></tr></table><h3>DispenseRequests</h3><table><tr><td>-</td><td><b>ValidityPeriod</b></td><td><b>NumberOfRepeatsAllowed</b></td><td><b>Quantity</b></td><td><b>ExpectedSupplyDuration</b></td></tr><tr><td>*</td><td>Apr 8, 2013 --&gt; May 30, 2013</td><td>20</td><td>100 mcg<span> (Details: http://unitsofmeasure.org code ug = 'ug')</span></td><td>40 days<span> (Details: http://unitsofmeasure.org code d = 'd')</span></td></tr></table></div>"
  },
  "identifier": [
    {
      "use": "official",
      "system": "http://www.bmc/portal/prescriptions",
      "value": "order9837293"
    }
  ],
  "status": "active",
  "medicationReference": {
    "reference": "Medication/f001",
    "display": "prescribed medication"
  },
  "patient": {
    "reference": "Patient/f001",
    "display": "P. van den Heuvel"
  },
  "encounter": {
    "reference": "Encounter/f001",
    "display": "visit who leads to this priscription"
  },
  "dateWritten": "2013-05-25T19:32:52+01:00",
  "prescriber": {
    "reference": "Practitioner/f006",
    "display": "R.A. van den Berk"
  },
  "reasonCode": [
    {
      "coding": [
        {
          "system": "http://snomed.info/sct",
          "code": "13645005",
          "display": "Chronic obstructive pulmonary disease"
        }
      ]
    }
  ],
  "dosageInstruction": [
    {
      "text": "3 tot 4 maal daags 1 flacon",
      "additionalInstructions": [
        {
          "text": "for use during pregnancy, contact physician"
        }
      ],
      "timing": {
        "repeat": {
          "boundsPeriod": {
            "start": "2013-08-04",
            "end": "2013-11-05"
          },
          "frequency": 3,
          "period": 1,
          "periodUnit": "d"
        }
      },
      "siteCodeableConcept": {
        "coding": [
          {
            "system": "http://snomed.info/sct",
            "code": "181220002",
            "display": "Entire oral cavity"
          }
        ]
      },
      "route": {
        "coding": [
          {
            "system": "http://snomed.info/sct",
            "code": "394899003",
            "display": "oral administration of treatment"
          }
        ]
      },
      "doseQuantity": {
        "value": 10,
        "unit": "ml",
        "system": "http://unitsofmeasure.org",
        "code": "ml"
      }
    }
  ],
  "dispenseRequest": {
    "validityPeriod": {
      "start": "2013-04-08",
      "end": "2013-05-30"
    },
    "numberOfRepeatsAllowed": 20,
    "quantity": {
      "value": 100,
      "unit": "mcg",
      "system": "http://unitsofmeasure.org",
      "code": "ug"
    },
    "expectedSupplyDuration": {
      "value": 40,
      "unit": "days",
      "system": "http://unitsofmeasure.org",
      "code": "d"
    }
  }
}