{
  "resourceType": "OperationDefinition",
  "id": "Task-finish",
  "text": {
    "status": "generated",
    "div": "<div xmlns=\"http://www.w3.org/1999/xhtml\"><h2>Finish Task</h2><p>OPERATION: Finish Task</p><div><p>Finish this task.  The task is transitioned to the completed state.</p>\n</div><p>Parameters</p><table class=\"grid\"><tr><td><b>Use</b></td><td><b>Name</b></td><td><b>Cardinality</b></td><td><b>Type</b></td><td><b>Binding</b></td><td><b>Documentation</b></td></tr></table></div>"
  },
  "url": "http://hl7.org/fhir/OperationDefinition/Task-finish",
  "name": "Finish Task",
  "status": "draft",
  "kind": "operation",
  "date": "2016-06-06T20:14:04+00:00",
  "publisher": "HL7 (FHIR Project)",
  "contact": [
    {
      "telecom": [
        {
          "system": "other",
          "value": "http://hl7.org/fhir"
        },
        {
          "system": "email",
          "value": "fhir@lists.hl7.org"
        }
      ]
    }
  ],
  "description": "Finish this task.  The task is transitioned to the completed state.",
  "code": "finish",
  "system": false,
  "instance": true
}