{"date":"2016-06-06T20:14:04+00:00","id":"qs1","identifier":[{"system":"urn:ietf:rfc:3986"}],"item":[{"item":[{"extension":[{"url":"http://hl7.org/fhir/StructureDefinition/questionnaire-itemControl","valueCodeableConcept":{"coding":[{"code":"flyover","display":"Fly-over","system":"http://hl7.org/fhir/questionnaire-item-control"}]}}],"text":"A specific set of Roles/Locations/specialties/services that a practitioner may perform at an organization for a period of time.","type":"display"},{"extension":[{"url":"http://hl7.org/fhir/StructureDefinition/questionnaire-maxOccurs","valueInteger":1},{"url":"http://hl7.org/fhir/StructureDefinition/questionnaire-fhirType","valueString":"string"}],"item":[{"extension":[{"url":"http://hl7.org/fhir/StructureDefinition/questionnaire-itemControl","valueCodeableConcept":{"coding":[{"code":"flyover","display":"Fly-over","system":"http://hl7.org/fhir/questionnaire-item-control"}]}}],"text":"The logical id of the resource, as used in the URL for the resource. Once assigned, this value never changes. The only time that a resource does not have an id is when it is being submitted to the server using a create operation. Bundles always have an id, though it is usually a generated UUID.","type":"display"},{"linkId":"PractitionerRole.id.value","repeats":false,"required":false,"text":"Logical id of this artifact","type":"string"}],"linkId":"PractitionerRole.id","repeats":true,"required":false,"type":"group"},{"extension":[{"url":"http://hl7.org/fhir/StructureDefinition/questionnaire-maxOccurs","valueInteger":1}],"item":[{"extension":[{"url":"http://hl7.org/fhir/StructureDefinition/questionnaire-itemControl","valueCodeableConcept":{"coding":[{"code":"flyover","display":"Fly-over","system":"http://hl7.org/fhir/questionnaire-item-control"}]}}],"text":"The metadata about the resource. This is content that is maintained by the infrastructure. Changes to the content may not always be associated with version changes to the resource.","type":"display"}],"linkId":"PractitionerRole.meta","repeats":true,"required":false,"text":"Metadata about the resource","type":"group"},{"extension":[{"url":"http://hl7.org/fhir/StructureDefinition/questionnaire-maxOccurs","valueInteger":1},{"url":"http://hl7.org/fhir/StructureDefinition/questionnaire-fhirType","valueString":"uri"}],"item":[{"extension":[{"url":"http://hl7.org/fhir/StructureDefinition/questionnaire-itemControl","valueCodeableConcept":{"coding":[{"code":"flyover","display":"Fly-over","system":"http://hl7.org/fhir/questionnaire-item-control"}]}}],"text":"A reference to a set of rules that were followed when the resource was constructed, and which must be understood when processing the content. Asserting this rule set restricts the content to be only understood by a limited set of trading partners. This inherently limits the usefulness of the data in the long term. However, the existing health eco-system is highly fractured, and not yet ready to define, collect, and exchange data in a generally computable sense. Wherever possible, implementers and/or specification writers should avoid using this element as much as possible.","type":"display"},{"linkId":"PractitionerRole.implicitRules.value","repeats":false,"required":false,"text":"A set of rules under which this content was created","type":"string"}],"linkId":"PractitionerRole.implicitRules","repeats":true,"required":false,"type":"group"},{"extension":[{"url":"http://hl7.org/fhir/StructureDefinition/questionnaire-maxOccurs","valueInteger":1},{"url":"http://hl7.org/fhir/StructureDefinition/questionnaire-fhirType","valueString":"code"}],"item":[{"extension":[{"url":"http://hl7.org/fhir/StructureDefinition/questionnaire-itemControl","valueCodeableConcept":{"coding":[{"code":"flyover","display":"Fly-over","system":"http://hl7.org/fhir/questionnaire-item-control"}]}}],"text":"The base language in which the resource is written. Language is provided to support indexing and accessibility (typically, services such as text to speech use the language tag). The html language tag in the narrative applies  to the narrative. The language tag on the resource may be used to specify the language of other presentations generated from the data in the resource  Not all the content has to be in the base language. The Resource.language should not be assumed to apply to the narrative automatically. If a language is specified, it should it also be specified on the div element in the html (see rules in HTML5 for information about the relationship between xml:lang and the html lang attribute).","type":"display"},{"linkId":"PractitionerRole.language.value","repeats":false,"required":false,"text":"language","type":"choice"}],"linkId":"PractitionerRole.language","repeats":true,"required":false,"type":"group"},{"extension":[{"url":"http://hl7.org/fhir/StructureDefinition/questionnaire-maxOccurs","valueInteger":1}],"item":[{"extension":[{"url":"http://hl7.org/fhir/StructureDefinition/questionnaire-itemControl","valueCodeableConcept":{"coding":[{"code":"flyover","display":"Fly-over","system":"http://hl7.org/fhir/questionnaire-item-control"}]}}],"text":"A human-readable narrative that contains a summary of the resource, and may be used to represent the content of the resource to a human. The narrative need not encode all the structured data, but is required to contain sufficient detail to make it \"clinically safe\" for a human to just read the narrative. Resource definitions may define what content should be represented in the narrative to ensure clinical safety. Contained resources do not have narrative. Resources that are not contained SHOULD have a narrative.","type":"display"}],"linkId":"PractitionerRole.text","repeats":true,"required":false,"text":"Text summary of the resource, for human interpretation","type":"group"},{"item":[{"extension":[{"url":"http://hl7.org/fhir/StructureDefinition/questionnaire-itemControl","valueCodeableConcept":{"coding":[{"code":"flyover","display":"Fly-over","system":"http://hl7.org/fhir/questionnaire-item-control"}]}}],"text":"These resources do not have an independent existence apart from the resource that contains them - they cannot be identified independently, and nor can they have their own independent transaction scope. This should never be done when the content can be identified properly, as once identification is lost, it is extremely difficult (and context dependent) to restore it again.","type":"display"}],"linkId":"PractitionerRole.contained","repeats":true,"required":false,"text":"Contained, inline Resources","type":"group"},{"item":[{"extension":[{"url":"http://hl7.org/fhir/StructureDefinition/questionnaire-itemControl","valueCodeableConcept":{"coding":[{"code":"flyover","display":"Fly-over","system":"http://hl7.org/fhir/questionnaire-item-control"}]}}],"text":"May be used to represent additional information that is not part of the basic definition of the resource. In order to make the use of extensions safe and manageable, there is a strict set of governance  applied to the definition and use of extensions. Though any implementer is allowed to define an extension, there is a set of requirements that SHALL be met as part of the definition of the extension. There can be no stigma associated with the use of extensions by any application, project, or standard - regardless of the institution or jurisdiction that uses or defines the extensions.  The use of extensions is what allows the FHIR specification to retain a core level of simplicity for everyone.","type":"display"}],"linkId":"PractitionerRole.extension","repeats":true,"required":false,"text":"Additional Content defined by implementations","type":"group"},{"item":[{"extension":[{"url":"http://hl7.org/fhir/StructureDefinition/questionnaire-itemControl","valueCodeableConcept":{"coding":[{"code":"flyover","display":"Fly-over","system":"http://hl7.org/fhir/questionnaire-item-control"}]}}],"text":"May be used to represent additional information that is not part of the basic definition of the resource, and that modifies the understanding of the element that contains it. Usually modifier elements provide negation or qualification. In order to make the use of extensions safe and manageable, there is a strict set of governance applied to the definition and use of extensions. Though any implementer is allowed to define an extension, there is a set of requirements that SHALL be met as part of the definition of the extension. Applications processing a resource are required to check for modifier extensions. There can be no stigma associated with the use of extensions by any application, project, or standard - regardless of the institution or jurisdiction that uses or defines the extensions.  The use of extensions is what allows the FHIR specification to retain a core level of simplicity for everyone.","type":"display"}],"linkId":"PractitionerRole.modifierExtension","repeats":true,"required":false,"text":"Extensions that cannot be ignored","type":"group"},{"extension":[{"url":"http://hl7.org/fhir/StructureDefinition/questionnaire-fhirType","valueString":"Identifier"}],"item":[{"extension":[{"url":"http://hl7.org/fhir/StructureDefinition/questionnaire-itemControl","valueCodeableConcept":{"coding":[{"code":"flyover","display":"Fly-over","system":"http://hl7.org/fhir/questionnaire-item-control"}]}}],"text":"Business Identifiers that are specific to a role/location.","type":"display"},{"linkId":"PractitionerRole.identifier.label","repeats":false,"required":false,"text":"label:","type":"string"},{"linkId":"PractitionerRole.identifier.system","repeats":false,"required":false,"text":"system:","type":"string"},{"linkId":"PractitionerRole.identifier.value","repeats":false,"required":false,"text":"value:","type":"string"}],"linkId":"PractitionerRole.identifier","repeats":true,"required":false,"text":"Business Identifiers that are specific to a role/location","type":"group"},{"extension":[{"url":"http://hl7.org/fhir/StructureDefinition/questionnaire-maxOccurs","valueInteger":1},{"url":"http://hl7.org/fhir/StructureDefinition/questionnaire-fhirType","valueString":"boolean"}],"item":[{"extension":[{"url":"http://hl7.org/fhir/StructureDefinition/questionnaire-itemControl","valueCodeableConcept":{"coding":[{"code":"flyover","display":"Fly-over","system":"http://hl7.org/fhir/questionnaire-item-control"}]}}],"text":"Whether this practitioner's record is in active use. Default is true. \n\nIf the practitioner is not in use by one organization, then it should mark the period on the PractitonerRole with an end date (even if they are active) as they may be active in another role.","type":"display"},{"linkId":"PractitionerRole.active.value","repeats":false,"required":false,"text":"Whether this practitioner's record is in active use","type":"boolean"}],"linkId":"PractitionerRole.active","repeats":true,"required":false,"type":"group"},{"extension":[{"url":"http://hl7.org/fhir/StructureDefinition/questionnaire-maxOccurs","valueInteger":1},{"url":"http://hl7.org/fhir/StructureDefinition/questionnaire-fhirType","valueString":"Reference"}],"item":[{"extension":[{"url":"http://hl7.org/fhir/StructureDefinition/questionnaire-itemControl","valueCodeableConcept":{"coding":[{"code":"flyover","display":"Fly-over","system":"http://hl7.org/fhir/questionnaire-item-control"}]}}],"text":"Practitioner that is able to provide the defined services for the organation.","type":"display"},{"extension":[{"url":"http://hl7.org/fhir/StructureDefinition/questionnaire-allowedResource","valueCode":"Practitioner"},{"url":"http://hl7.org/fhir/StructureDefinition/questionnaire-referenceFilter","valueString":"subject=$subj&patient=$subj&encounter=$encounter"}],"linkId":"PractitionerRole.practitioner.value","repeats":false,"required":false,"text":"Practitioner that is able to provide the defined services for the organation","type":"reference"}],"linkId":"PractitionerRole.practitioner","repeats":true,"required":false,"type":"group"},{"extension":[{"url":"http://hl7.org/fhir/StructureDefinition/questionnaire-maxOccurs","valueInteger":1},{"url":"http://hl7.org/fhir/StructureDefinition/questionnaire-fhirType","valueString":"Reference"}],"item":[{"extension":[{"url":"http://hl7.org/fhir/StructureDefinition/questionnaire-itemControl","valueCodeableConcept":{"coding":[{"code":"flyover","display":"Fly-over","system":"http://hl7.org/fhir/questionnaire-item-control"}]}}],"text":"The organization where the Practitioner performs the roles associated.","type":"display"},{"extension":[{"url":"http://hl7.org/fhir/StructureDefinition/questionnaire-allowedResource","valueCode":"Organization"},{"url":"http://hl7.org/fhir/StructureDefinition/questionnaire-referenceFilter","valueString":"subject=$subj&patient=$subj&encounter=$encounter"}],"linkId":"PractitionerRole.organization.value","repeats":false,"required":false,"text":"Organization where the roles are available","type":"reference"}],"linkId":"PractitionerRole.organization","repeats":true,"required":false,"type":"group"},{"extension":[{"url":"http://hl7.org/fhir/StructureDefinition/questionnaire-fhirType","valueString":"CodeableConcept"}],"item":[{"extension":[{"url":"http://hl7.org/fhir/StructureDefinition/questionnaire-itemControl","valueCodeableConcept":{"coding":[{"code":"flyover","display":"Fly-over","system":"http://hl7.org/fhir/questionnaire-item-control"}]}}],"text":"Roles which this practitioner is authorized to perform for the organization. A person may have more than one role. At least one role is required.","type":"display"},{"linkId":"PractitionerRole.role.coding","repeats":false,"required":false,"text":"code:","type":"open-choice"},{"linkId":"PractitionerRole.role.text","repeats":false,"required":false,"text":"text:","type":"string"}],"linkId":"PractitionerRole.role","repeats":true,"required":false,"text":"Roles which this practitioner may perform","type":"group"},{"extension":[{"url":"http://hl7.org/fhir/StructureDefinition/questionnaire-fhirType","valueString":"CodeableConcept"}],"item":[{"extension":[{"url":"http://hl7.org/fhir/StructureDefinition/questionnaire-itemControl","valueCodeableConcept":{"coding":[{"code":"flyover","display":"Fly-over","system":"http://hl7.org/fhir/questionnaire-item-control"}]}}],"text":"Specific specialty of the practitioner.","type":"display"},{"linkId":"PractitionerRole.specialty.coding","repeats":false,"required":false,"text":"code:","type":"open-choice"},{"linkId":"PractitionerRole.specialty.text","repeats":false,"required":false,"text":"text:","type":"string"}],"linkId":"PractitionerRole.specialty","repeats":true,"required":false,"text":"Specific specialty of the practitioner","type":"group"},{"extension":[{"url":"http://hl7.org/fhir/StructureDefinition/questionnaire-fhirType","valueString":"Reference"}],"item":[{"extension":[{"url":"http://hl7.org/fhir/StructureDefinition/questionnaire-itemControl","valueCodeableConcept":{"coding":[{"code":"flyover","display":"Fly-over","system":"http://hl7.org/fhir/questionnaire-item-control"}]}}],"text":"The location(s) at which this practitioner provides care.","type":"display"},{"extension":[{"url":"http://hl7.org/fhir/StructureDefinition/questionnaire-allowedResource","valueCode":"Location"},{"url":"http://hl7.org/fhir/StructureDefinition/questionnaire-referenceFilter","valueString":"subject=$subj&patient=$subj&encounter=$encounter"}],"linkId":"PractitionerRole.location.value","repeats":false,"required":false,"text":"The location(s) at which this practitioner provides care","type":"reference"}],"linkId":"PractitionerRole.location","repeats":true,"required":false,"type":"group"},{"extension":[{"url":"http://hl7.org/fhir/StructureDefinition/questionnaire-fhirType","valueString":"Reference"}],"item":[{"extension":[{"url":"http://hl7.org/fhir/StructureDefinition/questionnaire-itemControl","valueCodeableConcept":{"coding":[{"code":"flyover","display":"Fly-over","system":"http://hl7.org/fhir/questionnaire-item-control"}]}}],"text":"The list of healthcare services that this worker provides for this role's Organization/Location(s).","type":"display"},{"extension":[{"url":"http://hl7.org/fhir/StructureDefinition/questionnaire-allowedResource","valueCode":"HealthcareService"},{"url":"http://hl7.org/fhir/StructureDefinition/questionnaire-referenceFilter","valueString":"subject=$subj&patient=$subj&encounter=$encounter"}],"linkId":"PractitionerRole.healthcareService.value","repeats":false,"required":false,"text":"The list of healthcare services that this worker provides for this role's Organization/Location(s)","type":"reference"}],"linkId":"PractitionerRole.healthcareService","repeats":true,"required":false,"type":"group"},{"extension":[{"url":"http://hl7.org/fhir/StructureDefinition/questionnaire-fhirType","valueString":"ContactPoint"}],"item":[{"extension":[{"url":"http://hl7.org/fhir/StructureDefinition/questionnaire-itemControl","valueCodeableConcept":{"coding":[{"code":"flyover","display":"Fly-over","system":"http://hl7.org/fhir/questionnaire-item-control"}]}}],"text":"Contact details that are specific to the role/location/service.","type":"display"},{"linkId":"PractitionerRole.telecom.system","repeats":false,"required":false,"text":"type:","type":"choice"},{"linkId":"PractitionerRole.telecom.value","repeats":false,"required":false,"text":"value:","type":"string"},{"linkId":"PractitionerRole.telecom.use","repeats":false,"required":false,"text":"use:","type":"choice"}],"linkId":"PractitionerRole.telecom","repeats":true,"required":false,"text":"Contact details that are specific to the role/location/service","type":"group"},{"extension":[{"url":"http://hl7.org/fhir/StructureDefinition/questionnaire-maxOccurs","valueInteger":1},{"url":"http://hl7.org/fhir/StructureDefinition/questionnaire-fhirType","valueString":"Period"}],"item":[{"extension":[{"url":"http://hl7.org/fhir/StructureDefinition/questionnaire-itemControl","valueCodeableConcept":{"coding":[{"code":"flyover","display":"Fly-over","system":"http://hl7.org/fhir/questionnaire-item-control"}]}}],"text":"The period during which the person is authorized to act as a practitioner in these role(s) for the organization.","type":"display"},{"linkId":"PractitionerRole.period.low","repeats":false,"required":false,"text":"start:","type":"dateTime"},{"linkId":"PractitionerRole.period.end","repeats":false,"required":false,"text":"end:","type":"dateTime"}],"linkId":"PractitionerRole.period","repeats":true,"required":false,"text":"The period during which the practitioner is authorized to perform in these role(s)","type":"group"},{"item":[{"text":"More detailed availability information may be provided in associated Schedule/Slot resources.","type":"display"},{"extension":[{"url":"http://hl7.org/fhir/StructureDefinition/questionnaire-itemControl","valueCodeableConcept":{"coding":[{"code":"flyover","display":"Fly-over","system":"http://hl7.org/fhir/questionnaire-item-control"}]}}],"text":"A collection of times that the Service Site is available.","type":"display"},{"extension":[{"url":"http://hl7.org/fhir/StructureDefinition/questionnaire-maxOccurs","valueInteger":1},{"url":"http://hl7.org/fhir/StructureDefinition/questionnaire-fhirType","valueString":"string"}],"item":[{"extension":[{"url":"http://hl7.org/fhir/StructureDefinition/questionnaire-itemControl","valueCodeableConcept":{"coding":[{"code":"flyover","display":"Fly-over","system":"http://hl7.org/fhir/questionnaire-item-control"}]}}],"text":"unique id for the element within a resource (for internal references).","type":"display"},{"linkId":"PractitionerRole.availableTime.id.value","repeats":false,"required":false,"text":"xml:id (or equivalent in JSON)","type":"string"}],"linkId":"PractitionerRole.availableTime.id","repeats":true,"required":false,"type":"group"},{"item":[{"extension":[{"url":"http://hl7.org/fhir/StructureDefinition/questionnaire-itemControl","valueCodeableConcept":{"coding":[{"code":"flyover","display":"Fly-over","system":"http://hl7.org/fhir/questionnaire-item-control"}]}}],"text":"May be used to represent additional information that is not part of the basic definition of the element. In order to make the use of extensions safe and manageable, there is a strict set of governance  applied to the definition and use of extensions. Though any implementer is allowed to define an extension, there is a set of requirements that SHALL be met as part of the definition of the extension. There can be no stigma associated with the use of extensions by any application, project, or standard - regardless of the institution or jurisdiction that uses or defines the extensions.  The use of extensions is what allows the FHIR specification to retain a core level of simplicity for everyone.","type":"display"}],"linkId":"PractitionerRole.availableTime.extension","repeats":true,"required":false,"text":"Additional Content defined by implementations","type":"group"},{"item":[{"extension":[{"url":"http://hl7.org/fhir/StructureDefinition/questionnaire-itemControl","valueCodeableConcept":{"coding":[{"code":"flyover","display":"Fly-over","system":"http://hl7.org/fhir/questionnaire-item-control"}]}}],"text":"May be used to represent additional information that is not part of the basic definition of the element, and that modifies the understanding of the element that contains it. Usually modifier elements provide negation or qualification. In order to make the use of extensions safe and manageable, there is a strict set of governance applied to the definition and use of extensions. Though any implementer is allowed to define an extension, there is a set of requirements that SHALL be met as part of the definition of the extension. Applications processing a resource are required to check for modifier extensions. There can be no stigma associated with the use of extensions by any application, project, or standard - regardless of the institution or jurisdiction that uses or defines the extensions.  The use of extensions is what allows the FHIR specification to retain a core level of simplicity for everyone.","type":"display"}],"linkId":"PractitionerRole.availableTime.modifierExtension","repeats":true,"required":false,"text":"Extensions that cannot be ignored","type":"group"},{"extension":[{"url":"http://hl7.org/fhir/StructureDefinition/questionnaire-fhirType","valueString":"code"}],"item":[{"extension":[{"url":"http://hl7.org/fhir/StructureDefinition/questionnaire-itemControl","valueCodeableConcept":{"coding":[{"code":"flyover","display":"Fly-over","system":"http://hl7.org/fhir/questionnaire-item-control"}]}}],"text":"Indicates which days of the week are available between the start and end Times.","type":"display"},{"linkId":"PractitionerRole.availableTime.daysOfWeek.value","repeats":false,"required":false,"text":"days of week","type":"choice"}],"linkId":"PractitionerRole.availableTime.daysOfWeek","repeats":true,"required":false,"type":"group"},{"extension":[{"url":"http://hl7.org/fhir/StructureDefinition/questionnaire-maxOccurs","valueInteger":1},{"url":"http://hl7.org/fhir/StructureDefinition/questionnaire-fhirType","valueString":"boolean"}],"item":[{"extension":[{"url":"http://hl7.org/fhir/StructureDefinition/questionnaire-itemControl","valueCodeableConcept":{"coding":[{"code":"flyover","display":"Fly-over","system":"http://hl7.org/fhir/questionnaire-item-control"}]}}],"text":"Is this always available? (hence times are irrelevant) e.g. 24 hour service.","type":"display"},{"linkId":"PractitionerRole.availableTime.allDay.value","repeats":false,"required":false,"text":"Always available? e.g. 24 hour service","type":"boolean"}],"linkId":"PractitionerRole.availableTime.allDay","repeats":true,"required":false,"type":"group"},{"extension":[{"url":"http://hl7.org/fhir/StructureDefinition/questionnaire-maxOccurs","valueInteger":1},{"url":"http://hl7.org/fhir/StructureDefinition/questionnaire-fhirType","valueString":"time"}],"item":[{"extension":[{"url":"http://hl7.org/fhir/StructureDefinition/questionnaire-itemControl","valueCodeableConcept":{"coding":[{"code":"flyover","display":"Fly-over","system":"http://hl7.org/fhir/questionnaire-item-control"}]}}],"text":"The opening time of day. Note: If the AllDay flag is set, then this time is ignored. The timezone is expected to be for where this HealthcareService is provided at.","type":"display"},{"linkId":"PractitionerRole.availableTime.availableStartTime.value","repeats":false,"required":false,"text":"Opening time of day (ignored if allDay = true)","type":"time"}],"linkId":"PractitionerRole.availableTime.availableStartTime","repeats":true,"required":false,"type":"group"},{"extension":[{"url":"http://hl7.org/fhir/StructureDefinition/questionnaire-maxOccurs","valueInteger":1},{"url":"http://hl7.org/fhir/StructureDefinition/questionnaire-fhirType","valueString":"time"}],"item":[{"extension":[{"url":"http://hl7.org/fhir/StructureDefinition/questionnaire-itemControl","valueCodeableConcept":{"coding":[{"code":"flyover","display":"Fly-over","system":"http://hl7.org/fhir/questionnaire-item-control"}]}}],"text":"The closing time of day. Note: If the AllDay flag is set, then this time is ignored. The timezone is expected to be for where this HealthcareService is provided at.","type":"display"},{"linkId":"PractitionerRole.availableTime.availableEndTime.value","repeats":false,"required":false,"text":"Closing time of day (ignored if allDay = true)","type":"time"}],"linkId":"PractitionerRole.availableTime.availableEndTime","repeats":true,"required":false,"type":"group"}],"linkId":"PractitionerRole.availableTime","repeats":true,"required":false,"text":"Times the Service Site is available","type":"group"},{"item":[{"extension":[{"url":"http://hl7.org/fhir/StructureDefinition/questionnaire-itemControl","valueCodeableConcept":{"coding":[{"code":"flyover","display":"Fly-over","system":"http://hl7.org/fhir/questionnaire-item-control"}]}}],"text":"The HealthcareService is not available during this period of time due to the provided reason.","type":"display"},{"extension":[{"url":"http://hl7.org/fhir/StructureDefinition/questionnaire-maxOccurs","valueInteger":1},{"url":"http://hl7.org/fhir/StructureDefinition/questionnaire-fhirType","valueString":"string"}],"item":[{"extension":[{"url":"http://hl7.org/fhir/StructureDefinition/questionnaire-itemControl","valueCodeableConcept":{"coding":[{"code":"flyover","display":"Fly-over","system":"http://hl7.org/fhir/questionnaire-item-control"}]}}],"text":"unique id for the element within a resource (for internal references).","type":"display"},{"linkId":"PractitionerRole.notAvailable.id.value","repeats":false,"required":false,"text":"xml:id (or equivalent in JSON)","type":"string"}],"linkId":"PractitionerRole.notAvailable.id","repeats":true,"required":false,"type":"group"},{"item":[{"extension":[{"url":"http://hl7.org/fhir/StructureDefinition/questionnaire-itemControl","valueCodeableConcept":{"coding":[{"code":"flyover","display":"Fly-over","system":"http://hl7.org/fhir/questionnaire-item-control"}]}}],"text":"May be used to represent additional information that is not part of the basic definition of the element. In order to make the use of extensions safe and manageable, there is a strict set of governance  applied to the definition and use of extensions. Though any implementer is allowed to define an extension, there is a set of requirements that SHALL be met as part of the definition of the extension. There can be no stigma associated with the use of extensions by any application, project, or standard - regardless of the institution or jurisdiction that uses or defines the extensions.  The use of extensions is what allows the FHIR specification to retain a core level of simplicity for everyone.","type":"display"}],"linkId":"PractitionerRole.notAvailable.extension","repeats":true,"required":false,"text":"Additional Content defined by implementations","type":"group"},{"item":[{"extension":[{"url":"http://hl7.org/fhir/StructureDefinition/questionnaire-itemControl","valueCodeableConcept":{"coding":[{"code":"flyover","display":"Fly-over","system":"http://hl7.org/fhir/questionnaire-item-control"}]}}],"text":"May be used to represent additional information that is not part of the basic definition of the element, and that modifies the understanding of the element that contains it. Usually modifier elements provide negation or qualification. In order to make the use of extensions safe and manageable, there is a strict set of governance applied to the definition and use of extensions. Though any implementer is allowed to define an extension, there is a set of requirements that SHALL be met as part of the definition of the extension. Applications processing a resource are required to check for modifier extensions. There can be no stigma associated with the use of extensions by any application, project, or standard - regardless of the institution or jurisdiction that uses or defines the extensions.  The use of extensions is what allows the FHIR specification to retain a core level of simplicity for everyone.","type":"display"}],"linkId":"PractitionerRole.notAvailable.modifierExtension","repeats":true,"required":false,"text":"Extensions that cannot be ignored","type":"group"},{"extension":[{"url":"http://hl7.org/fhir/StructureDefinition/questionnaire-minOccurs","valueInteger":1},{"url":"http://hl7.org/fhir/StructureDefinition/questionnaire-maxOccurs","valueInteger":1},{"url":"http://hl7.org/fhir/StructureDefinition/questionnaire-fhirType","valueString":"string"}],"item":[{"extension":[{"url":"http://hl7.org/fhir/StructureDefinition/questionnaire-itemControl","valueCodeableConcept":{"coding":[{"code":"flyover","display":"Fly-over","system":"http://hl7.org/fhir/questionnaire-item-control"}]}}],"text":"The reason that can be presented to the user as to why this time is not available.","type":"display"},{"linkId":"PractitionerRole.notAvailable.description.value","repeats":false,"required":false,"text":"Reason presented to the user explaining why time not available","type":"string"}],"linkId":"PractitionerRole.notAvailable.description","repeats":true,"required":true,"type":"group"},{"extension":[{"url":"http://hl7.org/fhir/StructureDefinition/questionnaire-maxOccurs","valueInteger":1},{"url":"http://hl7.org/fhir/StructureDefinition/questionnaire-fhirType","valueString":"Period"}],"item":[{"extension":[{"url":"http://hl7.org/fhir/StructureDefinition/questionnaire-itemControl","valueCodeableConcept":{"coding":[{"code":"flyover","display":"Fly-over","system":"http://hl7.org/fhir/questionnaire-item-control"}]}}],"text":"Service is not available (seasonally or for a public holiday) from this date.","type":"display"},{"linkId":"PractitionerRole.notAvailable.during.low","repeats":false,"required":false,"text":"start:","type":"dateTime"},{"linkId":"PractitionerRole.notAvailable.during.end","repeats":false,"required":false,"text":"end:","type":"dateTime"}],"linkId":"PractitionerRole.notAvailable.during","repeats":true,"required":false,"text":"Service not availablefrom this date","type":"group"}],"linkId":"PractitionerRole.notAvailable","repeats":true,"required":false,"text":"Not available during this time due to provided reason","type":"group"},{"extension":[{"url":"http://hl7.org/fhir/StructureDefinition/questionnaire-maxOccurs","valueInteger":1},{"url":"http://hl7.org/fhir/StructureDefinition/questionnaire-fhirType","valueString":"string"}],"item":[{"extension":[{"url":"http://hl7.org/fhir/StructureDefinition/questionnaire-itemControl","valueCodeableConcept":{"coding":[{"code":"flyover","display":"Fly-over","system":"http://hl7.org/fhir/questionnaire-item-control"}]}}],"text":"A description of site availability exceptions, e.g. public holiday availability. Succinctly describing all possible exceptions to normal site availability as details in the available Times and not available Times.","type":"display"},{"linkId":"PractitionerRole.availabilityExceptions.value","repeats":false,"required":false,"text":"Description of availability exceptions","type":"string"}],"linkId":"PractitionerRole.availabilityExceptions","repeats":true,"required":false,"type":"group"}],"linkId":"PractitionerRole","repeats":true,"required":false,"text":"Roles/organizations the practitioner is associated with","type":"group"}],"publisher":"Health Level Seven International (Patient Administration)","resourceType":"Questionnaire","status":"draft"}