{
  "resourceType": "ValueSet",
  "id": "device-action",
  "meta": {
    "lastUpdated": "2016-06-06T20:14:04.181+00:00",
    "profile": [
      "http://hl7.org/fhir/StructureDefinition/valueset-shareable-definition"
    ]
  },
  "text": {
    "status": "generated",
    "div": "<div xmlns=\"http://www.w3.org/1999/xhtml\"><h2>Procedure Device Action Codes</h2><p>Example value set for Procedure Device Action code (what happened to a device during a procedure.</p><p>This value set includes codes from the following code systems:</p><ul><li>Include all codes defined in <a href=\"codesystem-device-action.html\">http://hl7.org/fhir/device-action</a></li></ul></div>"
  },
  "extension": [
    {
      "url": "http://hl7.org/fhir/StructureDefinition/valueset-oid",
      "valueUri": "urn:oid:2.16.840.1.113883.4.642.2.236"
    }
  ],
  "url": "http://hl7.org/fhir/ValueSet/device-action",
  "version": "1.4.0",
  "name": "Procedure Device Action Codes",
  "status": "draft",
  "experimental": true,
  "publisher": "FHIR Project team",
  "contact": [
    {
      "telecom": [
        {
          "system": "other",
          "value": "http://hl7.org/fhir"
        }
      ]
    }
  ],
  "date": "2016-06-06T20:14:04+00:00",
  "description": "Example value set for Procedure Device Action code (what happened to a device during a procedure.",
  "compose": {
    "include": [
      {
        "system": "http://hl7.org/fhir/device-action"
      }
    ]
  }
}