{"compose":{"include":[{"system":"http://hl7.org/fhir/measure-data-usage"}]},"contact":[{"telecom":[{"system":"other","value":"http://hl7.org/fhir"},{"system":"email","value":"fhir@lists.hl7.org"}]}],"date":"2016-06-06T20:14:04+00:00","description":"The intended usage for supplemental data elements in the measure","experimental":false,"extension":[{"url":"http://hl7.org/fhir/StructureDefinition/valueset-oid","valueUri":"urn:oid:2.16.840.1.113883.4.642.2.905"}],"id":"measure-data-usage","meta":{"lastUpdated":"2016-06-06T20:14:04.181+00:00","profile":["http://hl7.org/fhir/StructureDefinition/valueset-shareable-definition"]},"name":"MeasureDataUsage","publisher":"HL7 (FHIR Project)","resourceType":"ValueSet","status":"draft","text":{"div":"<div xmlns=\"http://www.w3.org/1999/xhtml\"><h2>MeasureDataUsage</h2><p>The intended usage for supplemental data elements in the measure</p><p>This value set includes codes from the following code systems:</p><ul><li>Include all codes defined in <a href=\"codesystem-measure-data-usage.html\">http://hl7.org/fhir/measure-data-usage</a></li></ul></div>","status":"generated"},"url":"http://hl7.org/fhir/ValueSet/measure-data-usage","version":"1.4.0"}