{
  "resourceType": "ValueSet",
  "id": "supplement-type",
  "meta": {
    "lastUpdated": "2016-06-06T20:14:04.181+00:00",
    "profile": [
      "http://hl7.org/fhir/StructureDefinition/valueset-shareable-definition"
    ]
  },
  "text": {
    "status": "generated",
    "div": "<div xmlns=\"http://www.w3.org/1999/xhtml\"><h2>Supplement Type Codes</h2><p>SupplementType :  Codes for nutritional supplements to be provided to the patient. This value set is is composed of SNOMED CT (US Extension) Concepts from SCTID 470581016 Enteral+supplement feeds hierarchy and is provided as a suggestive example.</p><p><b>Copyright Statement:</b> This value set includes content from SNOMED CT, which is copyright © 2002+ International Health Terminology Standards Development Organisation (IHTSDO), and distributed by agreement between IHTSDO and HL7. Implementer use of SNOMED CT is not covered by this agreement.</p><p>This value set includes codes from the following code systems:</p><ul><li>Include these codes as defined in http://snomed.info/sct<table><tr><td><b>Code</b></td><td><b>Display</b></td></tr><tr><td>442901000124106</td><td>Adult clear liquid supplement</td><td/></tr><tr><td>443031000124106</td><td>Adult critical care formula</td><td/></tr><tr><td>443051000124104</td><td>Adult diabetes specialty formula</td><td/></tr><tr><td>442911000124109</td><td>Adult elemental formula</td><td/></tr><tr><td>443021000124108</td><td>Adult hepatic specialty formula</td><td/></tr><tr><td>442971000124100</td><td>Adult high energy formula</td><td/></tr><tr><td>442981000124102</td><td>Adult hydrolyzed protein formula</td><td/></tr><tr><td>442991000124104</td><td>Adult high protein formula</td><td/></tr><tr><td>443011000124100</td><td>Adult high protein high fiber formula</td><td/></tr><tr><td>442961000124107</td><td>Adult low carbohydrate formula</td><td/></tr><tr><td>442951000124105</td><td>Adult pulmonary specialty formula</td><td/></tr><tr><td>442941000124108</td><td>Adult renal specialty formula</td><td/></tr><tr><td>442921000124101</td><td>Adult standard formula</td><td/></tr><tr><td>442931000124103</td><td>Adult soy protein isolate formula</td><td/></tr><tr><td>444331000124106</td><td>Diabetic meal replacement bar</td><td/></tr><tr><td>443361000124100</td><td>Pediatric Formula</td><td/></tr><tr><td>443391000124108</td><td>Pediatric clear liquid supplement</td><td/></tr><tr><td>443401000124105</td><td>Pediatric elemental formula</td><td/></tr><tr><td>443491000124103</td><td>Pediatric high energy formula</td><td/></tr><tr><td>443501000124106</td><td>Pediatric high energy formula with increased fiber</td><td/></tr><tr><td>443421000124100</td><td>Pediatric hydrolyzed protein formula</td><td/></tr><tr><td>443471000124104</td><td>Pediatric increased fiber formula</td><td/></tr><tr><td>444431000124104</td><td>Pediatric reduced energy formula</td><td/></tr><tr><td>443451000124109</td><td>Pediatric standard formula</td><td/></tr><tr><td>444321000124108</td><td>Standard pudding oral supplement</td><td/></tr><tr><td>441561000124106</td><td>Standard enteral formula with fiber</td><td/></tr><tr><td>443461000124106</td><td>Standard Formula</td><td/></tr><tr><td>441531000124102</td><td>Standard Enteral Formula</td><td/></tr><tr><td>443561000124107</td><td>Soy based formula</td><td/></tr><tr><td>443481000124101</td><td>Renal Formula</td><td/></tr><tr><td>441571000124104</td><td>High energy enteral formula with fiber</td><td/></tr><tr><td>441591000124103</td><td>Diabetic enteral formula with fiber</td><td/></tr><tr><td>441601000124106</td><td>Diabetic high calorie high protein enteral formula with fiber</td><td/></tr><tr><td>443351000124102</td><td>Increased fiber formula</td><td/></tr><tr><td>443771000124106</td><td>Hydrolyzed protein formula</td><td/></tr><tr><td>441671000124100</td><td>Hydrolyzed peptide-based high protein enteral formula</td><td/></tr><tr><td>443111000124101</td><td>High protein formula</td><td/></tr><tr><td>443431000124102</td><td>High Energy Formula</td><td/></tr><tr><td>443411000124108</td><td>Elemental Formula</td><td/></tr><tr><td>444361000124102</td><td>Electrolyte replacement supplement</td><td/></tr><tr><td>444401000124107</td><td>Frozen electrolyte replacement supplement</td><td/></tr><tr><td>444381000124107</td><td>Liquid electrolyte replacement supplement</td><td/></tr><tr><td>444371000124109</td><td>Powdered electrolyte replacement supplement</td><td/></tr><tr><td>443441000124107</td><td>Clear liquid supplement</td><td/></tr><tr><td>442651000124102</td><td>Adult formula</td><td/></tr></table></li></ul></div>"
  },
  "extension": [
    {
      "url": "http://hl7.org/fhir/StructureDefinition/valueset-oid",
      "valueUri": "urn:oid:2.16.840.1.113883.4.642.2.211"
    }
  ],
  "url": "http://hl7.org/fhir/ValueSet/supplement-type",
  "version": "1.4.0",
  "name": "Supplement Type Codes",
  "status": "draft",
  "experimental": true,
  "publisher": "FHIR NutritionOrder team",
  "contact": [
    {
      "telecom": [
        {
          "system": "other",
          "value": "http://hl7.org/fhir"
        }
      ]
    }
  ],
  "date": "2016-06-06T20:14:04+00:00",
  "description": "SupplementType :  Codes for nutritional supplements to be provided to the patient. This value set is is composed of SNOMED CT (US Extension) Concepts from SCTID 470581016 Enteral+supplement feeds hierarchy and is provided as a suggestive example.",
  "copyright": "This value set includes content from SNOMED CT, which is copyright © 2002+ International Health Terminology Standards Development Organisation (IHTSDO), and distributed by agreement between IHTSDO and HL7. Implementer use of SNOMED CT is not covered by this agreement.",
  "compose": {
    "include": [
      {
        "system": "http://snomed.info/sct",
        "version": "http://snomed.info/sct/US1000124/version/20140901",
        "concept": [
          {
            "code": "442901000124106",
            "display": "Adult clear liquid supplement"
          },
          {
            "code": "443031000124106",
            "display": "Adult critical care formula"
          },
          {
            "code": "443051000124104",
            "display": "Adult diabetes specialty formula"
          },
          {
            "code": "442911000124109",
            "display": "Adult elemental formula"
          },
          {
            "code": "443021000124108",
            "display": "Adult hepatic specialty formula"
          },
          {
            "code": "442971000124100",
            "display": "Adult high energy formula"
          },
          {
            "code": "442981000124102",
            "display": "Adult hydrolyzed protein formula"
          },
          {
            "code": "442991000124104",
            "display": "Adult high protein formula"
          },
          {
            "code": "443011000124100",
            "display": "Adult high protein high fiber formula"
          },
          {
            "code": "442961000124107",
            "display": "Adult low carbohydrate formula"
          },
          {
            "code": "442951000124105",
            "display": "Adult pulmonary specialty formula"
          },
          {
            "code": "442941000124108",
            "display": "Adult renal specialty formula"
          },
          {
            "code": "442921000124101",
            "display": "Adult standard formula"
          },
          {
            "code": "442931000124103",
            "display": "Adult soy protein isolate formula"
          },
          {
            "code": "444331000124106",
            "display": "Diabetic meal replacement bar"
          },
          {
            "code": "443361000124100",
            "display": "Pediatric Formula"
          },
          {
            "code": "443391000124108",
            "display": "Pediatric clear liquid supplement"
          },
          {
            "code": "443401000124105",
            "display": "Pediatric elemental formula"
          },
          {
            "code": "443491000124103",
            "display": "Pediatric high energy formula"
          },
          {
            "code": "443501000124106",
            "display": "Pediatric high energy formula with increased fiber"
          },
          {
            "code": "443421000124100",
            "display": "Pediatric hydrolyzed protein formula"
          },
          {
            "code": "443471000124104",
            "display": "Pediatric increased fiber formula"
          },
          {
            "code": "444431000124104",
            "display": "Pediatric reduced energy formula"
          },
          {
            "code": "443451000124109",
            "display": "Pediatric standard formula"
          },
          {
            "code": "444321000124108",
            "display": "Standard pudding oral supplement"
          },
          {
            "code": "441561000124106",
            "display": "Standard enteral formula with fiber"
          },
          {
            "code": "443461000124106",
            "display": "Standard Formula"
          },
          {
            "code": "441531000124102",
            "display": "Standard Enteral Formula"
          },
          {
            "code": "443561000124107",
            "display": "Soy based formula"
          },
          {
            "code": "443481000124101",
            "display": "Renal Formula"
          },
          {
            "code": "441571000124104",
            "display": "High energy enteral formula with fiber"
          },
          {
            "code": "441591000124103",
            "display": "Diabetic enteral formula with fiber"
          },
          {
            "code": "441601000124106",
            "display": "Diabetic high calorie high protein enteral formula with fiber"
          },
          {
            "code": "443351000124102",
            "display": "Increased fiber formula"
          },
          {
            "code": "443771000124106",
            "display": "Hydrolyzed protein formula"
          },
          {
            "code": "441671000124100",
            "display": "Hydrolyzed peptide-based high protein enteral formula"
          },
          {
            "code": "443111000124101",
            "display": "High protein formula"
          },
          {
            "code": "443431000124102",
            "display": "High Energy Formula"
          },
          {
            "code": "443411000124108",
            "display": "Elemental Formula"
          },
          {
            "code": "444361000124102",
            "display": "Electrolyte replacement supplement"
          },
          {
            "code": "444401000124107",
            "display": "Frozen electrolyte replacement supplement"
          },
          {
            "code": "444381000124107",
            "display": "Liquid electrolyte replacement supplement"
          },
          {
            "code": "444371000124109",
            "display": "Powdered electrolyte replacement supplement"
          },
          {
            "code": "443441000124107",
            "display": "Clear liquid supplement"
          },
          {
            "code": "442651000124102",
            "display": "Adult formula"
          }
        ]
      }
    ]
  }
}