{"compose":{"include":[{"system":"http://hl7.org/fhir/goal-status"}]},"contact":[{"telecom":[{"system":"other","value":"http://hl7.org/fhir"},{"system":"email","value":"fhir@lists.hl7.org"}]}],"date":"2016-06-06T20:14:04+00:00","description":"Indicates whether the goal has been met and is still being targeted","experimental":false,"extension":[{"url":"http://hl7.org/fhir/StructureDefinition/valueset-oid","valueUri":"urn:oid:2.16.840.1.113883.4.642.2.150"}],"id":"goal-status","meta":{"lastUpdated":"2016-06-06T20:14:04.181+00:00","profile":["http://hl7.org/fhir/StructureDefinition/valueset-shareable-definition"]},"name":"GoalStatus","publisher":"HL7 (FHIR Project)","resourceType":"ValueSet","status":"draft","text":{"div":"<div xmlns=\"http://www.w3.org/1999/xhtml\"><h2>GoalStatus</h2><p>Indicates whether the goal has been met and is still being targeted</p><p>This value set includes codes from the following code systems:</p><ul><li>Include all codes defined in <a href=\"codesystem-goal-status.html\">http://hl7.org/fhir/goal-status</a></li></ul></div>","status":"generated"},"url":"http://hl7.org/fhir/ValueSet/goal-status","version":"1.4.0"}