{"compose":{"include":[{"concept":[{"code":"113000","extension":[{"url":"http://hl7.org/fhir/StructureDefinition/valueset-definition","valueString":"Of Interest"}]},{"code":"113001","extension":[{"url":"http://hl7.org/fhir/StructureDefinition/valueset-definition","valueString":"Rejected for Quality Reasons"}]},{"code":"113002","extension":[{"url":"http://hl7.org/fhir/StructureDefinition/valueset-definition","valueString":"For Referring Provider"}]},{"code":"113003","extension":[{"url":"http://hl7.org/fhir/StructureDefinition/valueset-definition","valueString":"For Surgery"}]},{"code":"113004","extension":[{"url":"http://hl7.org/fhir/StructureDefinition/valueset-definition","valueString":"For Teaching"}]},{"code":"113005","extension":[{"url":"http://hl7.org/fhir/StructureDefinition/valueset-definition","valueString":"For Conference"}]},{"code":"113006","extension":[{"url":"http://hl7.org/fhir/StructureDefinition/valueset-definition","valueString":"For Therapy"}]},{"code":"113007","extension":[{"url":"http://hl7.org/fhir/StructureDefinition/valueset-definition","valueString":"For Patient"}]},{"code":"113008","extension":[{"url":"http://hl7.org/fhir/StructureDefinition/valueset-definition","valueString":"For Peer Review"}]},{"code":"113009","extension":[{"url":"http://hl7.org/fhir/StructureDefinition/valueset-definition","valueString":"For Research"}]},{"code":"113010","extension":[{"url":"http://hl7.org/fhir/StructureDefinition/valueset-definition","valueString":"Quality Issue"}]},{"code":"113013","extension":[{"url":"http://hl7.org/fhir/StructureDefinition/valueset-definition","valueString":"Best In Set"}]},{"code":"113018","extension":[{"url":"http://hl7.org/fhir/StructureDefinition/valueset-definition","valueString":"For Printing"}]},{"code":"113020","extension":[{"url":"http://hl7.org/fhir/StructureDefinition/valueset-definition","valueString":"For Report Attachment"}]},{"code":"113021","extension":[{"url":"http://hl7.org/fhir/StructureDefinition/valueset-definition","valueString":"For Litigation"}]},{"code":"113030","extension":[{"url":"http://hl7.org/fhir/StructureDefinition/valueset-definition","valueString":"Manifest"}]},{"code":"113031","extension":[{"url":"http://hl7.org/fhir/StructureDefinition/valueset-definition","valueString":"Signed Manifest"}]},{"code":"113032","extension":[{"url":"http://hl7.org/fhir/StructureDefinition/valueset-definition","valueString":"Complete Study Content"}]},{"code":"113033","extension":[{"url":"http://hl7.org/fhir/StructureDefinition/valueset-definition","valueString":"Signed Complete Study Content"}]},{"code":"113034","extension":[{"url":"http://hl7.org/fhir/StructureDefinition/valueset-definition","valueString":"Complete Acquisition Content"}]},{"code":"113035","extension":[{"url":"http://hl7.org/fhir/StructureDefinition/valueset-definition","valueString":"Signed Complete Acquisition Content"}]},{"code":"113036","extension":[{"url":"http://hl7.org/fhir/StructureDefinition/valueset-definition","valueString":"Group of Frames for Display"}]},{"code":"113037","extension":[{"url":"http://hl7.org/fhir/StructureDefinition/valueset-definition","valueString":"Rejected for Patient Safety Reasons"}]},{"code":"113038","extension":[{"url":"http://hl7.org/fhir/StructureDefinition/valueset-definition","valueString":"Incorrect Modality Worklist Entry"}]},{"code":"113039","extension":[{"url":"http://hl7.org/fhir/StructureDefinition/valueset-definition","valueString":"Data Retention Policy Expired"}]}],"system":"http://nema.org/dicom/dicm"}]},"contact":[{"telecom":[{"system":"other","value":"http://hl7.org/fhir"},{"system":"email","value":"fhir@lists.hl7.org"}]}],"copyright":"These codes are excerpted from Digital Imaging and Communications in Medicine (DICOM) Standard, Part 16: Content Mapping Resource, Copyright 2011 by the National Electrical Manufacturers Association.","date":"2016-06-06T20:14:04+00:00","description":"The document title code of key object selection","experimental":false,"extension":[{"url":"http://hl7.org/fhir/StructureDefinition/valueset-oid","valueUri":"urn:oid:2.16.840.1.113883.4.642.2.159"}],"id":"kos-title","meta":{"lastUpdated":"2016-06-06T20:14:04.181+00:00","profile":["http://hl7.org/fhir/StructureDefinition/valueset-shareable-definition"]},"name":"KOStitle","publisher":"HL7 (FHIR Project)","resourceType":"ValueSet","status":"draft","text":{"div":"<div xmlns=\"http://www.w3.org/1999/xhtml\"><h2>KOStitle</h2><p>The document title code of key object selection</p><p><b>Copyright Statement:</b> These codes are excerpted from Digital Imaging and Communications in Medicine (DICOM) Standard, Part 16: Content Mapping Resource, Copyright 2011 by the National Electrical Manufacturers Association.</p><p>This value set includes codes from the following code systems:</p><ul><li>Include these codes as defined in <a href=\"codesystem-dicom-dcim.html\">http://nema.org/dicom/dicm</a><table><tr><td><b>Code</b></td><td><b>Display</b></td><td><b>Definition</b></td></tr><tr><td>113000</td><td>Of Interest</td><td>Of Interest</td></tr><tr><td>113001</td><td>Rejected for Quality Reasons</td><td>Rejected for Quality Reasons</td></tr><tr><td>113002</td><td>For Referring Provider</td><td>For Referring Provider</td></tr><tr><td>113003</td><td>For Surgery</td><td>For Surgery</td></tr><tr><td>113004</td><td>For Teaching</td><td>For Teaching</td></tr><tr><td>113005</td><td>For Conference</td><td>For Conference</td></tr><tr><td>113006</td><td>For Therapy</td><td>For Therapy</td></tr><tr><td>113007</td><td>For Patient</td><td>For Patient</td></tr><tr><td>113008</td><td>For Peer Review</td><td>For Peer Review</td></tr><tr><td>113009</td><td>For Research</td><td>For Research</td></tr><tr><td>113010</td><td>Quality Issue</td><td>Quality Issue</td></tr><tr><td>113013</td><td>Best In Set</td><td>Best In Set</td></tr><tr><td>113018</td><td>For Printing</td><td>For Printing</td></tr><tr><td>113020</td><td>For Report Attachment</td><td>For Report Attachment</td></tr><tr><td>113021</td><td>For Litigation</td><td>For Litigation</td></tr><tr><td>113030</td><td>Manifest</td><td>Manifest</td></tr><tr><td>113031</td><td>Signed Manifest</td><td>Signed Manifest</td></tr><tr><td>113032</td><td>Complete Study Content</td><td>Complete Study Content</td></tr><tr><td>113033</td><td>Signed Complete Study Content</td><td>Signed Complete Study Content</td></tr><tr><td>113034</td><td>Complete Acquisition Content</td><td>Complete Acquisition Content</td></tr><tr><td>113035</td><td>Signed Complete Acquisition Content</td><td>Signed Complete Acquisition Content</td></tr><tr><td>113036</td><td>Group of Frames for Display</td><td>Group of Frames for Display</td></tr><tr><td>113037</td><td>Rejected for Patient Safety Reasons</td><td>Rejected for Patient Safety Reasons</td></tr><tr><td>113038</td><td>Incorrect Modality Worklist Entry</td><td>Incorrect Modality Worklist Entry</td></tr><tr><td>113039</td><td>Data Retention Policy Expired</td><td>Data Retention Policy Expired</td></tr></table></li></ul></div>","status":"extensions"},"url":"http://hl7.org/fhir/ValueSet/kos-title","version":"1.4.0"}