{
  "resourceType": "ValueSet",
  "id": "HGNC-geneIdentifiers",
  "meta": {
    "lastUpdated": "2016-06-06T20:14:04.181+00:00",
    "profile": [
      "http://hl7.org/fhir/StructureDefinition/valueset-shareable-definition"
    ]
  },
  "text": {
    "status": "generated",
    "div": "<div xmlns=\"http://www.w3.org/1999/xhtml\"><h2>HGNC: Human Gene Nomenclature Committee</h2><p>This value set includes all international curated set of gene identifiers in HGNC </p><p>This value set includes codes from the following code systems:</p><ul><li>Include all codes defined in http://www.genenames.org</li></ul></div>"
  },
  "extension": [
    {
      "url": "http://hl7.org/fhir/StructureDefinition/valueset-oid",
      "valueUri": "urn:oid:2.16.840.1.113883.4.642.2.468"
    }
  ],
  "url": "http://hl7.org/fhir/ValueSet/HGNC-geneIdentifiers",
  "version": "1.4.0",
  "name": "HGNC: Human Gene Nomenclature Committee",
  "status": "draft",
  "experimental": true,
  "publisher": "FHIR Project team",
  "contact": [
    {
      "telecom": [
        {
          "system": "other",
          "value": "http://hl7.org/fhir"
        }
      ]
    }
  ],
  "date": "2016-06-06T20:14:04+00:00",
  "description": "This value set includes all international curated set of gene identifiers in HGNC ",
  "compose": {
    "include": [
      {
        "system": "http://www.genenames.org"
      }
    ]
  }
}