{"compose":{"include":[{"system":"http://hl7.org/fhir/care-plan-activity-status"}]},"contact":[{"telecom":[{"system":"other","value":"http://hl7.org/fhir"},{"system":"email","value":"fhir@lists.hl7.org"}]}],"date":"2016-06-06T20:14:04+00:00","description":"Indicates where the activity is at in its overall life cycle.","experimental":false,"extension":[{"url":"http://hl7.org/fhir/StructureDefinition/valueset-oid","valueUri":"urn:oid:2.16.840.1.113883.4.642.2.65"}],"id":"care-plan-activity-status","meta":{"lastUpdated":"2016-06-06T20:14:04.181+00:00","profile":["http://hl7.org/fhir/StructureDefinition/valueset-shareable-definition"]},"name":"CarePlanActivityStatus","publisher":"HL7 (FHIR Project)","resourceType":"ValueSet","status":"draft","text":{"div":"<div xmlns=\"http://www.w3.org/1999/xhtml\"><h2>CarePlanActivityStatus</h2><p>Indicates where the activity is at in its overall life cycle.</p><p>This value set includes codes from the following code systems:</p><ul><li>Include all codes defined in <a href=\"codesystem-care-plan-activity-status.html\">http://hl7.org/fhir/care-plan-activity-status</a></li></ul></div>","status":"generated"},"url":"http://hl7.org/fhir/ValueSet/care-plan-activity-status","version":"1.4.0"}