{"compose":{"include":[{"system":"http://hl7.org/fhir/LOINC-48002-0-answerlist"}]},"contact":[{"telecom":[{"system":"other","value":"http://hl7.org/fhir"},{"system":"email","value":"fhir@lists.hl7.org"}]}],"date":"2016-06-06T20:14:04+00:00","description":"LOINC answer list for Genomic source class","experimental":false,"extension":[{"url":"http://hl7.org/fhir/StructureDefinition/valueset-oid","valueUri":"urn:oid:2.16.840.1.113883.4.642.2.470"}],"id":"LOINC-48002-0-answerlist","meta":{"lastUpdated":"2016-06-06T20:14:04.181+00:00","profile":["http://hl7.org/fhir/StructureDefinition/valueset-shareable-definition"]},"name":"LOINC 48002-0 answerlist","publisher":"HL7 (FHIR Project)","resourceType":"ValueSet","status":"draft","text":{"div":"<div xmlns=\"http://www.w3.org/1999/xhtml\"><h2>LOINC 48002-0 answerlist</h2><p>LOINC answer list for Genomic source class</p><p>This value set includes codes from the following code systems:</p><ul><li>Include all codes defined in <a href=\"codesystem-LOINC-48002-0-answerlist.html\">http://hl7.org/fhir/LOINC-48002-0-answerlist</a></li></ul></div>","status":"generated"},"url":"http://hl7.org/fhir/ValueSet/LOINC-48002-0-answerlist","version":"1.4.0"}