{
  "resourceType": "ValueSet",
  "id": "detectedissue-category",
  "meta": {
    "lastUpdated": "2016-06-06T20:14:04.181+00:00",
    "profile": [
      "http://hl7.org/fhir/StructureDefinition/valueset-shareable-definition"
    ]
  },
  "text": {
    "status": "generated",
    "div": "<div xmlns=\"http://www.w3.org/1999/xhtml\"><h2>Detected Issue Category</h2><p>Kinds of issues or contraindications, such as 'drug-drug interaction', 'duplicate therapy', etc.</p><p>This value set includes codes from the following code systems:</p><ul><li>Include codes from <a href=\"v3/ActCode/cs.html\">http://hl7.org/fhir/v3/ActCode</a> where concept  is-a  _AdministrationDetectedIssueCode</li><li>Include codes from <a href=\"v3/ActCode/cs.html\">http://hl7.org/fhir/v3/ActCode</a> where concept  is-a  _SupplyDetectedIssueCode</li></ul></div>"
  },
  "extension": [
    {
      "url": "http://hl7.org/fhir/StructureDefinition/valueset-oid",
      "valueUri": "urn:oid:2.16.840.1.113883.4.642.2.103"
    }
  ],
  "url": "http://hl7.org/fhir/ValueSet/detectedissue-category",
  "version": "1.4.0",
  "name": "Detected Issue Category",
  "status": "draft",
  "experimental": true,
  "publisher": "FHIR Project team",
  "contact": [
    {
      "telecom": [
        {
          "system": "other",
          "value": "http://hl7.org/fhir"
        }
      ]
    }
  ],
  "date": "2016-06-06T20:14:04+00:00",
  "description": "Kinds of issues or contraindications, such as 'drug-drug interaction', 'duplicate therapy', etc.",
  "compose": {
    "include": [
      {
        "system": "http://hl7.org/fhir/v3/ActCode",
        "filter": [
          {
            "property": "concept",
            "op": "is-a",
            "value": "_AdministrationDetectedIssueCode"
          }
        ]
      },
      {
        "system": "http://hl7.org/fhir/v3/ActCode",
        "filter": [
          {
            "property": "concept",
            "op": "is-a",
            "value": "_SupplyDetectedIssueCode"
          }
        ]
      }
    ]
  }
}