{"compose":{"include":[{"concept":[{"code":"440622005"},{"code":"394838008"},{"code":"26895000"}],"system":"http://snomed.info/sct"}]},"contact":[{"telecom":[{"system":"other","value":"http://hl7.org/fhir"}]}],"copyright":"This value set includes content from SNOMED CT, which is copyright © 2002+ International Health Terminology Standards Development Organisation (IHTSDO), and distributed by agreement between IHTSDO and HL7. Implementer use of SNOMED CT is not covered by this agreement.","date":"2016-06-06T20:14:04+00:00","description":"Additional information about an event that occurred to a diagnostic order","experimental":true,"extension":[{"url":"http://hl7.org/fhir/StructureDefinition/valueset-oid","valueUri":"urn:oid:2.16.840.1.113883.4.642.2.113"}],"id":"diagnostic-order-event","meta":{"lastUpdated":"2016-06-06T20:14:04.181+00:00","profile":["http://hl7.org/fhir/StructureDefinition/valueset-shareable-definition"]},"name":"Diagnostic Order Event Codes","publisher":"Orders and Observations Working Group","resourceType":"ValueSet","status":"draft","text":{"div":"<div xmlns=\"http://www.w3.org/1999/xhtml\"><h2>Diagnostic Order Event Codes</h2><p>Additional information about an event that occurred to a diagnostic order</p><p><b>Copyright Statement:</b> This value set includes content from SNOMED CT, which is copyright © 2002+ International Health Terminology Standards Development Organisation (IHTSDO), and distributed by agreement between IHTSDO and HL7. Implementer use of SNOMED CT is not covered by this agreement.</p><p>This value set includes codes from the following code systems:</p><ul><li>Include these codes as defined in http://snomed.info/sct<table><tr><td><b>Code</b></td><td><b>Display</b></td></tr><tr><td>440622005</td><td>Specimen received (situation)</td><td/></tr><tr><td>394838008</td><td>Test request (procedure)</td><td/></tr><tr><td>26895000</td><td>Laboratory test order cancelation (procedure)</td><td/></tr></table></li></ul></div>","status":"generated"},"url":"http://hl7.org/fhir/ValueSet/diagnostic-order-event","version":"1.4.0"}