{"compose":{"include":[{"concept":[{"code":"AR","display":"Autorefraction"},{"code":"BMD","display":"Bone Mineral Densitometry"},{"code":"BDUS","display":"Ultrasound Bone Densitometry"},{"code":"EPS","display":"Cardiac Electrophysiology"},{"code":"CR","display":"Computed Radiography"},{"code":"CT","display":"Computed Tomography"},{"code":"DX","display":"Digital Radiography"},{"code":"ECG","display":"Electrocardiography"},{"code":"ES","display":"Endoscopy"},{"code":"XC","display":"External-camera Photography"},{"code":"GM","display":"General Microscopy"},{"code":"HD","display":"Hemodynamic Waveform"},{"code":"IO","display":"Intra-oral Radiography"},{"code":"IVOCT","display":"Intravascular Optical Coherence Tomography"},{"code":"IVUS","display":"Intravascular Ultrasound"},{"code":"KER","display":"Keratometry"},{"code":"LEN","display":"Lensometry"},{"code":"MR","display":"Magnetic Resonance"},{"code":"MG","display":"Mammography"},{"code":"NM","display":"Nuclear Medicine"},{"code":"OAM","display":"Ophthalmic Axial Measurements"},{"code":"OCT","display":"Optical Coherence Tomography"},{"code":"OPM","display":"Ophthalmic Mapping"},{"code":"OP","display":"Ophthalmic Photography"},{"code":"OPR","display":"Ophthalmic Refraction"},{"code":"OPT","display":"Ophthalmic Tomography"},{"code":"OPV","display":"Ophthalmic Visual Field"},{"code":"OSS","display":"Optical Surface Scanner"},{"code":"PX","display":"Panoramic X-Ray"},{"code":"PT","display":"Positron emission tomography"},{"code":"RF","display":"Radiofluoroscopy"},{"code":"RG","display":"Radiographic imaging"},{"code":"SM","display":"Slide Microscopy"},{"code":"SRF","display":"Subjective Refraction"},{"code":"US","display":"Ultrasound"},{"code":"VA","display":"Visual Acuity"},{"code":"XA","display":"X-Ray Angiography"}],"system":"http://nema.org/dicom/dicm"}]},"contact":[{"telecom":[{"system":"other","value":"http://medical.nema.org/medical/dicom/current/output/html/part16.html#sect_CID_29"}]}],"copyright":"These codes are excerpted from Digital Imaging and Communications in Medicine (DICOM) Standard, Part 16: Content Mapping Resource, Copyright 2011 by the National Electrical Manufacturers Association.","date":"2016-06-06T20:14:04+00:00","description":"This Value Set includes codes that may be used to identify an image or waveform acquisition modality, as used in the ImagingStudy resource, Dicom  Attribute Modality (0008,0060) or HL7 v2 Table 0259 (see HL7 v2.6 Chapter 8 Section 8.8.8.47). It generally corresponds to a class of diagnostic equipment, or to a specific acquisition function or technique in a device.","experimental":true,"extensible":true,"extension":[{"url":"http://hl7.org/fhir/StructureDefinition/valueset-oid","valueUri":"urn:oid:2.16.840.1.113883.4.642.2.158"}],"id":"dicom-cid29","meta":{"lastUpdated":"2016-06-06T20:14:04.181+00:00","profile":["http://hl7.org/fhir/StructureDefinition/valueset-shareable-definition"]},"name":"Acquisition Modality Codes","publisher":"National Electrical Manufacturers Association (DICOM)","requirements":"This Value Set is not the complete set of codes that may appear in the Attribute Modality (0008,0060); these are only the codes associated with orderable acquisition processes (not post-processing).","resourceType":"ValueSet","status":"active","text":{"div":"<div xmlns=\"http://www.w3.org/1999/xhtml\"><h2>Acquisition Modality Codes</h2><p>This Value Set includes codes that may be used to identify an image or waveform acquisition modality, as used in the ImagingStudy resource, Dicom  Attribute Modality (0008,0060) or HL7 v2 Table 0259 (see HL7 v2.6 Chapter 8 Section 8.8.8.47). It generally corresponds to a class of diagnostic equipment, or to a specific acquisition function or technique in a device.</p><p><b>Copyright Statement:</b> These codes are excerpted from Digital Imaging and Communications in Medicine (DICOM) Standard, Part 16: Content Mapping Resource, Copyright 2011 by the National Electrical Manufacturers Association.</p><p>This value set includes codes from the following code systems:</p><ul><li>Include these codes as defined in <a href=\"codesystem-dicom-dcim.html\">http://nema.org/dicom/dicm</a><table><tr><td><b>Code</b></td><td><b>Display</b></td></tr><tr><td>AR</td><td>Autorefraction</td><td>Autorefraction device</td></tr><tr><td>BMD</td><td>Bone Mineral Densitometry</td><td>Bone Mineral Densitometry by X-Ray (modality), including dual-energy X-Ray absorptiometry (DXA) and morphometric X-Ray absorptiometry (MXA)</td></tr><tr><td>BDUS</td><td>Ultrasound Bone Densitometry</td><td>Ultrasound Bone Densitometry (modality)</td></tr><tr><td>EPS</td><td>Cardiac Electrophysiology</td><td>Cardiac Electrophysiology device</td></tr><tr><td>CR</td><td>Computed Radiography</td><td>Computed Radiography device</td></tr><tr><td>CT</td><td>Computed Tomography</td><td>Computed Tomography device</td></tr><tr><td>DX</td><td>Digital Radiography</td><td>Digital Radiography device</td></tr><tr><td>ECG</td><td>Electrocardiography</td><td>Electrocardiography device</td></tr><tr><td>ES</td><td>Endoscopy</td><td>Endoscopy device</td></tr><tr><td>XC</td><td>External-camera Photography</td><td>External-camera Photography device</td></tr><tr><td>GM</td><td>General Microscopy</td><td>General Microscopy device</td></tr><tr><td>HD</td><td>Hemodynamic Waveform</td><td>Hemodynamic Waveform acquisition device</td></tr><tr><td>IO</td><td>Intra-oral Radiography</td><td>Intra-oral Radiography device</td></tr><tr><td>IVOCT</td><td>Intravascular Optical Coherence Tomography</td><td>An acquisition device, process or method that performs intravascular optical coherence tomography</td></tr><tr><td>IVUS</td><td>Intravascular Ultrasound</td><td>Intravascular Ultrasound device</td></tr><tr><td>KER</td><td>Keratometry</td><td>Keratometry device</td></tr><tr><td>LEN</td><td>Lensometry</td><td>Lensometry device</td></tr><tr><td>MR</td><td>Magnetic Resonance</td><td>Magnetic Resonance device</td></tr><tr><td>MG</td><td>Mammography</td><td>Mammography device</td></tr><tr><td>NM</td><td>Nuclear Medicine</td><td>Nuclear Medicine device</td></tr><tr><td>OAM</td><td>Ophthalmic Axial Measurements</td><td>Measurements of the axial length of the eye, which are done by various devices</td></tr><tr><td>OCT</td><td>Optical Coherence Tomography</td><td>Modality device that uses an interferometric, non-invasive optical tomographic technique to image 2D slices and 3D volumes of tissue using visible and near visible frequencies</td></tr><tr><td>OPM</td><td>Ophthalmic Mapping</td><td>Modality device that measures corneal topography, corneal or retinal thickness, and other similar parameters that are typically displayed as maps</td></tr><tr><td>OP</td><td>Ophthalmic Photography</td><td>Ophthalmic photography modality</td></tr><tr><td>OPR</td><td>Ophthalmic Refraction</td><td>Modality device that measures the refractive characteristics of the eye</td></tr><tr><td>OPT</td><td>Ophthalmic Tomography</td><td>Tomography of the eye acquired by a modality that is based on light and optical principles. Tomography based on other principles, such as ultrasound, is excluded</td></tr><tr><td>OPV</td><td>Ophthalmic Visual Field</td><td>Modality device that measures visual fields and perform visual perimetry</td></tr><tr><td>OSS</td><td>Optical Surface Scanner</td><td>An acquisition device, process or method that performs optical surface scanning</td></tr><tr><td>PX</td><td>Panoramic X-Ray</td><td>Panoramic X-Ray device</td></tr><tr><td>PT</td><td>Positron emission tomography</td><td>Positron emission tomography (PET) device</td></tr><tr><td>RF</td><td>Radiofluoroscopy</td><td>Radiofluoroscopy device</td></tr><tr><td>RG</td><td>Radiographic imaging</td><td>Radiographic imaging (conventional film/screen)</td></tr><tr><td>SM</td><td>Slide Microscopy</td><td>Slide Microscopy</td></tr><tr><td>SRF</td><td>Subjective Refraction</td><td>Subjective Refraction device</td></tr><tr><td>US</td><td>Ultrasound</td><td>Ultrasound device</td></tr><tr><td>VA</td><td>Visual Acuity</td><td>Visual Acuity device</td></tr><tr><td>XA</td><td>X-Ray Angiography</td><td>X-Ray Angiography device</td></tr></table></li></ul></div>","status":"generated"},"url":"http://hl7.org/fhir/ValueSet/dicom-cid29","version":"20121129"}