{"compose":{"include":[{"concept":[{"code":"24642003"},{"code":"409063005"},{"code":"409073007"},{"code":"387713003"},{"code":"103693007"},{"code":"46947000"}],"system":"http://snomed.info/sct"}]},"contact":[{"telecom":[{"system":"other","value":"http://hl7.org/fhir"}]}],"copyright":"This value set includes content from SNOMED CT, which is copyright © 2002+ International Health Terminology Standards Development Organisation (IHTSDO), and distributed by agreement between IHTSDO and HL7. Implementer use of SNOMED CT is not covered by this agreement.","date":"2016-06-06T20:14:04+00:00","description":"Procedure Category code: A selection of relevant SNOMED CT codes.","experimental":true,"extension":[{"url":"http://hl7.org/fhir/StructureDefinition/valueset-oid","valueUri":"urn:oid:2.16.840.1.113883.4.642.2.241"}],"id":"procedure-category","meta":{"lastUpdated":"2016-06-06T20:14:04.181+00:00","profile":["http://hl7.org/fhir/StructureDefinition/valueset-shareable-definition"]},"name":"Procedure Category Codes (SNOMED CT)","publisher":"FHIR Project team","resourceType":"ValueSet","status":"draft","text":{"div":"<div xmlns=\"http://www.w3.org/1999/xhtml\"><h2>Procedure Category Codes (SNOMED CT)</h2><p>Procedure Category code: A selection of relevant SNOMED CT codes.</p><p><b>Copyright Statement:</b> This value set includes content from SNOMED CT, which is copyright © 2002+ International Health Terminology Standards Development Organisation (IHTSDO), and distributed by agreement between IHTSDO and HL7. Implementer use of SNOMED CT is not covered by this agreement.</p><p>This value set includes codes from the following code systems:</p><ul><li>Include these codes as defined in http://snomed.info/sct<table><tr><td><b>Code</b></td><td><b>Display</b></td></tr><tr><td>24642003</td><td>Psychiatry procedure or service (procedure)</td><td/></tr><tr><td>409063005</td><td>Counseling (procedure)</td><td/></tr><tr><td>409073007</td><td>Education (procedure)</td><td/></tr><tr><td>387713003</td><td>Surgical procedure (procedure)</td><td/></tr><tr><td>103693007</td><td>Diagnostic procedure (procedure)</td><td/></tr><tr><td>46947000</td><td>Chiropractic manipulation (procedure)</td><td/></tr></table></li></ul></div>","status":"generated"},"url":"http://hl7.org/fhir/ValueSet/procedure-category","version":"1.4.0"}