{"compose":{"include":[{"system":"http://hl7.org/fhir/v2/0078"}]},"contact":[{"telecom":[{"system":"other","value":"http://hl7.org/fhir"}]}],"date":"2016-06-06T20:14:04+00:00","description":"This value set defines the set of codes that can be used to indicate the meaning/use of a reference range.","experimental":true,"extension":[{"url":"http://hl7.org/fhir/StructureDefinition/valueset-oid","valueUri":"urn:oid:2.16.840.1.113883.4.642.2.218"}],"id":"observation-interpretation","meta":{"lastUpdated":"2016-06-06T20:14:04.181+00:00","profile":["http://hl7.org/fhir/StructureDefinition/valueset-shareable-definition"]},"name":"Observation Interpretation Codes","publisher":"FHIR Project team","resourceType":"ValueSet","status":"draft","text":{"div":"<div xmlns=\"http://www.w3.org/1999/xhtml\"><h2>Observation Interpretation Codes</h2><p>This value set defines the set of codes that can be used to indicate the meaning/use of a reference range.</p><p>This value set includes codes from the following code systems:</p><ul><li>Include all codes defined in <a href=\"v2/0078/index.html\">http://hl7.org/fhir/v2/0078</a></li></ul></div>","status":"generated"},"url":"http://hl7.org/fhir/ValueSet/observation-interpretation","version":"1.4.0"}