{
  "resourceType": "ValueSet",
  "id": "profile-code",
  "meta": {
    "lastUpdated": "2016-06-06T20:14:04.181+00:00",
    "profile": [
      "http://hl7.org/fhir/StructureDefinition/valueset-shareable-definition"
    ]
  },
  "text": {
    "status": "generated",
    "div": "<div xmlns=\"http://www.w3.org/1999/xhtml\"><h2>Structure Definition Codes</h2><p>Codes for the meaning of the defined structure.</p><p><b>Copyright Statement:</b> This value set includes content from SNOMED CT, which is copyright Â© 2002+ International Health Terminology Standards Development Organisation (IHTSDO), and distributed by agreement between IHTSDO and HL7. Implementer use of SNOMED CT is not covered by this agreement. This content LOINCÂ© is copyright Â© 1995 Regenstrief Institute, Inc. and the LOINC Committee, and available at no cost under the license at http://loinc.org/terms-of-use.</p><p>This value set includes codes from the following code systems:</p><ul><li>Include all codes defined in http://snomed.info/sct</li><li>Include all codes defined in http://loinc.org</li></ul></div>"
  },
  "extension": [
    {
      "url": "http://hl7.org/fhir/StructureDefinition/valueset-oid",
      "valueUri": "urn:oid:2.16.840.1.113883.4.642.2.350"
    }
  ],
  "url": "http://hl7.org/fhir/ValueSet/profile-code",
  "version": "1.4.0",
  "name": "Structure Definition Codes",
  "status": "draft",
  "experimental": true,
  "publisher": "FHIR Project team",
  "contact": [
    {
      "telecom": [
        {
          "system": "other",
          "value": "http://hl7.org/fhir"
        }
      ]
    }
  ],
  "date": "2016-06-06T20:14:04+00:00",
  "description": "Codes for the meaning of the defined structure.",
  "copyright": "This value set includes content from SNOMED CT, which is copyright Â© 2002+ International Health Terminology Standards Development Organisation (IHTSDO), and distributed by agreement between IHTSDO and HL7. Implementer use of SNOMED CT is not covered by this agreement. This content LOINCÂ© is copyright Â© 1995 Regenstrief Institute, Inc. and the LOINC Committee, and available at no cost under the license at http://loinc.org/terms-of-use.",
  "compose": {
    "include": [
      {
        "system": "http://snomed.info/sct"
      },
      {
        "system": "http://loinc.org"
      }
    ]
  }
}