{"compose":{"include":[{"system":"http://hl7.org/fhir/patient-contact-relationship"}]},"contact":[{"telecom":[{"system":"other","value":"http://hl7.org/fhir"}]}],"date":"2016-06-06T20:14:04+00:00","description":"This value set defines a set of codes that are used to indicate the nature of the relationship between a patient and a contactperson for that patient.","experimental":true,"extension":[{"url":"http://hl7.org/fhir/StructureDefinition/valueset-oid","valueUri":"urn:oid:2.16.840.1.113883.4.642.2.233"}],"id":"patient-contact-relationship","meta":{"lastUpdated":"2016-06-06T20:14:04.181+00:00","profile":["http://hl7.org/fhir/StructureDefinition/valueset-shareable-definition"]},"name":"PatientContactRelationship","publisher":"FHIR Project team","resourceType":"ValueSet","status":"draft","text":{"div":"<div xmlns=\"http://www.w3.org/1999/xhtml\"><h2>PatientContactRelationship</h2><p>This value set defines a set of codes that are used to indicate the nature of the relationship between a patient and a contactperson for that patient.</p><p>This value set includes codes from the following code systems:</p><ul><li>Include all codes defined in <a href=\"codesystem-patient-contact-relationship.html\">http://hl7.org/fhir/patient-contact-relationship</a></li></ul></div>","status":"generated"},"url":"http://hl7.org/fhir/ValueSet/patient-contact-relationship","version":"1.4.0"}