{"compose":{"include":[{"system":"http://hl7.org/fhir/vaccination-protocol-dose-status-reason"}]},"contact":[{"telecom":[{"system":"other","value":"http://hl7.org/fhir"}]}],"date":"2016-06-06T20:14:04+00:00","description":"The value set to instantiate this attribute should be drawn from a terminologically robust code system that consists of or contains concepts to support the medication process, in particular the process and reasons for dispensing. This value set is provided as a suggestive example.","experimental":true,"extension":[{"url":"http://hl7.org/fhir/StructureDefinition/valueset-oid","valueUri":"urn:oid:2.16.840.1.113883.4.642.2.167"}],"id":"vaccination-protocol-dose-status-reason","meta":{"lastUpdated":"2016-06-06T20:14:04.181+00:00","profile":["http://hl7.org/fhir/StructureDefinition/valueset-shareable-definition"]},"name":"Vaccination Protocol Dose Status Reason codes","publisher":"FHIR Project team","resourceType":"ValueSet","status":"draft","text":{"div":"<div xmlns=\"http://www.w3.org/1999/xhtml\"><h2>Vaccination Protocol Dose Status Reason codes</h2><p>The value set to instantiate this attribute should be drawn from a terminologically robust code system that consists of or contains concepts to support the medication process, in particular the process and reasons for dispensing. This value set is provided as a suggestive example.</p><p>This value set includes codes from the following code systems:</p><ul><li>Include all codes defined in <a href=\"codesystem-vaccination-protocol-dose-status-reason.html\">http://hl7.org/fhir/vaccination-protocol-dose-status-reason</a></li></ul></div>","status":"generated"},"url":"http://hl7.org/fhir/ValueSet/vaccination-protocol-dose-status-reason","version":"1.4.0"}