{
  "resourceType": "ValueSet",
  "id": "action-participant-type",
  "meta": {
    "lastUpdated": "2016-06-06T20:14:04.181+00:00",
    "profile": [
      "http://hl7.org/fhir/StructureDefinition/valueset-shareable-definition"
    ]
  },
  "text": {
    "status": "generated",
    "div": "<div xmlns=\"http://www.w3.org/1999/xhtml\"><h2>ParticipantType</h2><p>The type of participant for the action</p><p>This value set includes codes from the following code systems:</p><ul><li>Include all codes defined in <a href=\"codesystem-action-participant-type.html\">http://hl7.org/fhir/action-participant-type</a></li></ul></div>"
  },
  "extension": [
    {
      "url": "http://hl7.org/fhir/StructureDefinition/valueset-oid",
      "valueUri": "urn:oid:2.16.840.1.113883.4.642.2.139"
    }
  ],
  "url": "http://hl7.org/fhir/ValueSet/action-participant-type",
  "version": "1.4.0",
  "name": "ParticipantType",
  "status": "draft",
  "experimental": false,
  "publisher": "HL7 (FHIR Project)",
  "contact": [
    {
      "telecom": [
        {
          "system": "other",
          "value": "http://hl7.org/fhir"
        },
        {
          "system": "email",
          "value": "fhir@lists.hl7.org"
        }
      ]
    }
  ],
  "date": "2016-06-06T20:14:04+00:00",
  "description": "The type of participant for the action",
  "compose": {
    "include": [
      {
        "system": "http://hl7.org/fhir/action-participant-type"
      }
    ]
  }
}