{"compose":{"include":[{"filter":[{"op":"is-a","property":"concept","value":"434711009"}],"system":"http://snomed.info/sct"}]},"contact":[{"telecom":[{"system":"other","value":"http://hl7.org/fhir"}]}],"copyright":"This value set includes content from SNOMED CT, which is copyright © 2002+ International Health Terminology Standards Development Organisation (IHTSDO), and distributed by agreement between IHTSDO and HL7. Implementer use of SNOMED CT is not covered by this agreement.","date":"2016-06-06T20:14:04+00:00","description":"Containers which may hold specimens or specimen containers - all SNOMED CT specimen containers.","experimental":true,"extension":[{"url":"http://hl7.org/fhir/StructureDefinition/valueset-oid","valueUri":"urn:oid:2.16.840.1.113883.4.642.2.277"}],"id":"specimen-container-type","meta":{"lastUpdated":"2016-06-06T20:14:04.181+00:00","profile":["http://hl7.org/fhir/StructureDefinition/valueset-shareable-definition"]},"name":"SpecimenContainer","publisher":"FHIR Project team","resourceType":"ValueSet","status":"draft","text":{"div":"<div xmlns=\"http://www.w3.org/1999/xhtml\"><h2>SpecimenContainer</h2><p>Containers which may hold specimens or specimen containers - all SNOMED CT specimen containers.</p><p><b>Copyright Statement:</b> This value set includes content from SNOMED CT, which is copyright © 2002+ International Health Terminology Standards Development Organisation (IHTSDO), and distributed by agreement between IHTSDO and HL7. Implementer use of SNOMED CT is not covered by this agreement.</p><p>This value set includes codes from the following code systems:</p><ul><li>Include codes from http://snomed.info/sct where concept  is-a  434711009</li></ul></div>","status":"generated"},"url":"http://hl7.org/fhir/ValueSet/specimen-container-type","version":"1.4.0"}