{"compose":{"include":[{"system":"http://hl7.org/fhir/concept-map-equivalence"}]},"contact":[{"telecom":[{"system":"other","value":"http://hl7.org/fhir"},{"system":"email","value":"fhir@lists.hl7.org"}]}],"date":"2016-06-06T20:14:04+00:00","description":"The degree of equivalence between concepts.","experimental":false,"extension":[{"url":"http://hl7.org/fhir/StructureDefinition/valueset-oid","valueUri":"urn:oid:2.16.840.1.113883.4.642.2.9"}],"id":"concept-map-equivalence","meta":{"lastUpdated":"2016-06-06T20:14:04.181+00:00","profile":["http://hl7.org/fhir/StructureDefinition/valueset-shareable-definition"]},"name":"ConceptMapEquivalence","publisher":"HL7 (FHIR Project)","resourceType":"ValueSet","status":"draft","text":{"div":"<div xmlns=\"http://www.w3.org/1999/xhtml\"><h2>ConceptMapEquivalence</h2><p>The degree of equivalence between concepts.</p><p>This value set includes codes from the following code systems:</p><ul><li>Include all codes defined in <a href=\"codesystem-concept-map-equivalence.html\">http://hl7.org/fhir/concept-map-equivalence</a></li></ul></div>","status":"generated"},"url":"http://hl7.org/fhir/ValueSet/concept-map-equivalence","version":"1.4.0"}