{"compose":{"include":[{"system":"http://hl7.org/fhir/encounter-special-arrangements"}]},"contact":[{"telecom":[{"system":"other","value":"http://hl7.org/fhir"}]}],"date":"2016-06-06T20:14:04+00:00","description":"This value set defines a set of codes that can be used to indicate the kinds of special arrangements in place for a patients visit.","experimental":true,"extension":[{"url":"http://hl7.org/fhir/StructureDefinition/valueset-oid","valueUri":"urn:oid:2.16.840.1.113883.4.642.2.141"}],"id":"encounter-special-arrangements","meta":{"lastUpdated":"2016-06-06T20:14:04.181+00:00","profile":["http://hl7.org/fhir/StructureDefinition/valueset-shareable-definition"]},"name":"SpecialArrangements","publisher":"FHIR Project team","resourceType":"ValueSet","status":"draft","text":{"div":"<div xmlns=\"http://www.w3.org/1999/xhtml\"><h2>SpecialArrangements</h2><p>This value set defines a set of codes that can be used to indicate the kinds of special arrangements in place for a patients visit.</p><p>This value set includes codes from the following code systems:</p><ul><li>Include all codes defined in <a href=\"codesystem-encounter-special-arrangements.html\">http://hl7.org/fhir/encounter-special-arrangements</a></li></ul></div>","status":"generated"},"url":"http://hl7.org/fhir/ValueSet/encounter-special-arrangements","version":"1.4.0"}