{"compose":{"include":[{"system":"http://hl7.org/fhir/list-empty-reason"}]},"contact":[{"telecom":[{"system":"other","value":"http://hl7.org/fhir"}]}],"date":"2016-06-06T20:14:04+00:00","description":"General reasons for a list to be empty. Reasons are either related to a summary list (i.e. problem or medication list) or to a workflow related list (i.e. consultation list).","experimental":true,"extension":[{"url":"http://hl7.org/fhir/StructureDefinition/valueset-oid","valueUri":"urn:oid:2.16.840.1.113883.4.642.2.176"}],"id":"list-empty-reason","meta":{"lastUpdated":"2016-06-06T20:14:04.181+00:00","profile":["http://hl7.org/fhir/StructureDefinition/valueset-shareable-definition"]},"name":"List Empty Reasons","publisher":"FHIR Project","resourceType":"ValueSet","status":"draft","text":{"div":"<div xmlns=\"http://www.w3.org/1999/xhtml\"><h2>List Empty Reasons</h2><p>General reasons for a list to be empty. Reasons are either related to a summary list (i.e. problem or medication list) or to a workflow related list (i.e. consultation list).</p><p>This value set includes codes from the following code systems:</p><ul><li>Include all codes defined in <a href=\"codesystem-list-empty-reason.html\">http://hl7.org/fhir/list-empty-reason</a></li></ul></div>","status":"generated"},"url":"http://hl7.org/fhir/ValueSet/list-empty-reason","version":"1.4.0"}