{"compose":{"include":[{"system":"http://hl7.org/fhir/transaction-mode"}]},"contact":[{"telecom":[{"system":"other","value":"http://hl7.org/fhir"},{"system":"email","value":"fhir@lists.hl7.org"}]}],"date":"2016-06-06T20:14:04+00:00","description":"A code that indicates how transactions are supported.","experimental":false,"extension":[{"url":"http://hl7.org/fhir/StructureDefinition/valueset-oid","valueUri":"urn:oid:2.16.840.1.113883.4.642.2.90"}],"id":"transaction-mode","meta":{"lastUpdated":"2016-06-06T20:14:04.181+00:00","profile":["http://hl7.org/fhir/StructureDefinition/valueset-shareable-definition"]},"name":"TransactionMode","publisher":"HL7 (FHIR Project)","resourceType":"ValueSet","status":"draft","text":{"div":"<div xmlns=\"http://www.w3.org/1999/xhtml\"><h2>TransactionMode</h2><p>A code that indicates how transactions are supported.</p><p>This value set includes codes from the following code systems:</p><ul><li>Include all codes defined in <a href=\"codesystem-transaction-mode.html\">http://hl7.org/fhir/transaction-mode</a></li></ul></div>","status":"generated"},"url":"http://hl7.org/fhir/ValueSet/transaction-mode","version":"1.4.0"}