{"compose":{"include":[{"concept":[{"code":"Cel"},{"code":"[degF]"}],"system":"http://unitsofmeasure.org"}]},"contact":[{"telecom":[{"system":"other","value":"http://hl7.org/fhir"},{"system":"email","value":"fhir@lists.hl7.org"}]}],"copyright":"UCUM is Copyright © 1999-2013 Regenstrief Institute, Inc. and The UCUM Organization, Indianapolis, IN. All rights reserved. See http://unitsofmeasure.org/trac//wiki/TermsOfUse for details","date":"2016-06-06T20:14:04+00:00","description":"UCUM units for recording Body Temperature","experimental":true,"extensible":false,"extension":[{"url":"http://hl7.org/fhir/StructureDefinition/valueset-oid","valueUri":"urn:oid:2.16.840.1.113883.4.642.2.914"}],"id":"ucum-bodytemp","meta":{"lastUpdated":"2016-06-06T20:14:04.181+00:00","profile":["http://hl7.org/fhir/StructureDefinition/valueset-shareable-definition"]},"name":"Body Temperature Units","publisher":"FHIR Project","resourceType":"ValueSet","status":"draft","text":{"div":"<div xmlns=\"http://www.w3.org/1999/xhtml\"><h2>Body Temperature Units</h2><p>UCUM units for recording Body Temperature</p><p><b>Copyright Statement:</b> UCUM is Copyright © 1999-2013 Regenstrief Institute, Inc. and The UCUM Organization, Indianapolis, IN. All rights reserved. See http://unitsofmeasure.org/trac//wiki/TermsOfUse for details</p><p>This value set includes codes from the following code systems:</p><ul><li>Include these codes as defined in http://unitsofmeasure.org<table><tr><td><b>Code</b></td><td><b>Display</b></td></tr><tr><td>Cel</td><td>Cel</td><td/></tr><tr><td>[degF]</td><td>degF</td><td/></tr></table></li></ul></div>","status":"generated"},"url":"http://hl7.org/fhir/ValueSet/ucum-bodytemp","version":"1.4.0"}