{"compose":{"include":[{"system":"http://hl7.org/fhir/observation-category"}]},"contact":[{"telecom":[{"system":"other","value":"http://hl7.org/fhir"}]}],"date":"2016-06-06T20:14:04+00:00","description":"Observation Category codes.","experimental":true,"extension":[{"url":"http://hl7.org/fhir/StructureDefinition/valueset-oid","valueUri":"urn:oid:2.16.840.1.113883.4.642.2.222"}],"id":"observation-category","meta":{"lastUpdated":"2016-06-06T20:14:04.181+00:00","profile":["http://hl7.org/fhir/StructureDefinition/valueset-shareable-definition"]},"name":"Observation Category Codes","publisher":"FHIR Project team","resourceType":"ValueSet","status":"draft","text":{"div":"<div xmlns=\"http://www.w3.org/1999/xhtml\"><h2>Observation Category Codes</h2><p>Observation Category codes.</p><p>This value set includes codes from the following code systems:</p><ul><li>Include all codes defined in <a href=\"codesystem-observation-category.html\">http://hl7.org/fhir/observation-category</a></li></ul></div>","status":"generated"},"url":"http://hl7.org/fhir/ValueSet/observation-category","version":"1.4.0"}