{
  "resourceType": "ValueSet",
  "id": "payeetype",
  "meta": {
    "lastUpdated": "2016-06-06T20:14:04.181+00:00",
    "profile": [
      "http://hl7.org/fhir/StructureDefinition/valueset-shareable-definition"
    ]
  },
  "text": {
    "status": "generated",
    "div": "<div xmlns=\"http://www.w3.org/1999/xhtml\"><h2>Payee Type Codes</h2><p>This value set includes sample Payee Type codes.</p><p><b>Copyright Statement:</b> This is an example set.</p><p>This value set includes codes from the following code systems:</p><ul><li>Include all codes defined in <a href=\"codesystem-payeetype.html\">http://hl7.org/fhir/payeetype</a></li></ul></div>"
  },
  "extension": [
    {
      "url": "http://hl7.org/fhir/StructureDefinition/valueset-oid",
      "valueUri": "urn:oid:2.16.840.1.113883.4.642.2.21"
    }
  ],
  "url": "http://hl7.org/fhir/ValueSet/payeetype",
  "version": "1.4.0",
  "name": "Payee Type Codes",
  "status": "draft",
  "experimental": true,
  "publisher": "Financial Management",
  "contact": [
    {
      "telecom": [
        {
          "system": "other",
          "value": "http://hl7.org/fhir"
        }
      ]
    }
  ],
  "date": "2016-06-06T20:14:04+00:00",
  "description": "This value set includes sample Payee Type codes.",
  "copyright": "This is an example set.",
  "compose": {
    "include": [
      {
        "system": "http://hl7.org/fhir/payeetype"
      }
    ]
  }
}