{
  "resourceType": "ValueSet",
  "id": "sequence-variationID",
  "meta": {
    "lastUpdated": "2016-06-06T20:14:04.181+00:00",
    "profile": [
      "http://hl7.org/fhir/StructureDefinition/valueset-shareable-definition"
    ]
  },
  "text": {
    "status": "generated",
    "div": "<div xmlns=\"http://www.w3.org/1999/xhtml\"><h2>dbSNP</h2><p>This value set includes all SNP codes</p><p><b>Copyright Statement:</b> This content from LOINC® is copyright © 1995 Regenstrief Institute, Inc. and the LOINC Committee, and available at no cost under the license at http://loinc.org/terms-of-use.</p><p>This value set includes codes from the following code systems:</p><ul><li>Include all codes defined in http://www.ncbi.nlm.nih.gov/projects/SNP</li></ul></div>"
  },
  "extension": [
    {
      "url": "http://hl7.org/fhir/StructureDefinition/valueset-oid",
      "valueUri": "urn:oid:2.16.840.1.113883.4.642.2.474"
    }
  ],
  "url": "http://hl7.org/fhir/ValueSet/sequence-variationID",
  "version": "1.4.0",
  "name": "dbSNP",
  "status": "draft",
  "experimental": true,
  "publisher": "FHIR Project team",
  "contact": [
    {
      "telecom": [
        {
          "system": "other",
          "value": "http://hl7.org/fhir"
        }
      ]
    }
  ],
  "date": "2016-06-06T20:14:04+00:00",
  "description": "This value set includes all SNP codes",
  "copyright": "This content from LOINC® is copyright © 1995 Regenstrief Institute, Inc. and the LOINC Committee, and available at no cost under the license at http://loinc.org/terms-of-use.",
  "compose": {
    "include": [
      {
        "system": "http://www.ncbi.nlm.nih.gov/projects/SNP"
      }
    ]
  }
}