{"compose":{"include":[{"system":"http://hl7.org/fhir/message-reasons-encounter"}]},"contact":[{"telecom":[{"system":"other","value":"http://hl7.org/fhir"}]}],"date":"2016-06-06T20:14:04+00:00","description":"Example Message Reasons. These are the set of codes that might be used an updating an encounter using admin-update.","experimental":true,"extension":[{"url":"http://hl7.org/fhir/StructureDefinition/valueset-oid","valueUri":"urn:oid:2.16.840.1.113883.4.642.2.202"}],"id":"message-reason-encounter","meta":{"lastUpdated":"2016-06-06T20:14:04.181+00:00","profile":["http://hl7.org/fhir/StructureDefinition/valueset-shareable-definition"]},"name":"Example Message Reason Codes","publisher":"FHIR Project","resourceType":"ValueSet","status":"draft","text":{"div":"<div xmlns=\"http://www.w3.org/1999/xhtml\"><h2>Example Message Reason Codes</h2><p>Example Message Reasons. These are the set of codes that might be used an updating an encounter using admin-update.</p><p>This value set includes codes from the following code systems:</p><ul><li>Include all codes defined in <a href=\"codesystem-message-reason-encounter.html\">http://hl7.org/fhir/message-reasons-encounter</a></li></ul></div>","status":"generated"},"url":"http://hl7.org/fhir/ValueSet/message-reason-encounter","version":"1.4.0"}