{"compose":{"include":[{"concept":[{"code":"1857005"},{"code":"397430003"},{"code":"14189004"},{"code":"36989005"},{"code":"36653000"},{"code":"76902006"},{"code":"709410003"},{"code":"27836007"},{"code":"398102009"}],"system":"http://snomed.info/sct"}]},"contact":[{"telecom":[{"system":"other","value":"http://hl7.org/fhir"}]}],"copyright":"This value set includes content from SNOMED CT, which is copyright © 2002+ International Health Terminology Standards Development Organisation (IHTSDO), and distributed by agreement between IHTSDO and HL7. Implementer use of SNOMED CT is not covered by this agreement.","date":"2016-06-06T20:14:04+00:00","description":"The value set to instantiate this attribute should be drawn from a terminologically robust code system that consists of or contains concepts to support the medication process, in particular the process and reasons for dispensing. This value set is provided as a suggestive example and includes tSNOMED CT concepts from the 64572001 (Disease) hierarchy.","experimental":true,"extension":[{"url":"http://hl7.org/fhir/StructureDefinition/valueset-oid","valueUri":"urn:oid:2.16.840.1.113883.4.642.2.415"}],"id":"vaccination-protocol-dose-target","meta":{"lastUpdated":"2016-06-06T20:14:04.181+00:00","profile":["http://hl7.org/fhir/StructureDefinition/valueset-shareable-definition"]},"name":"Vaccination Protocol Dose Target Codes","publisher":"FHIR Project team","resourceType":"ValueSet","status":"draft","text":{"div":"<div xmlns=\"http://www.w3.org/1999/xhtml\"><h2>Vaccination Protocol Dose Target Codes</h2><p>The value set to instantiate this attribute should be drawn from a terminologically robust code system that consists of or contains concepts to support the medication process, in particular the process and reasons for dispensing. This value set is provided as a suggestive example and includes tSNOMED CT concepts from the 64572001 (Disease) hierarchy.</p><p><b>Copyright Statement:</b> This value set includes content from SNOMED CT, which is copyright © 2002+ International Health Terminology Standards Development Organisation (IHTSDO), and distributed by agreement between IHTSDO and HL7. Implementer use of SNOMED CT is not covered by this agreement.</p><p>This value set includes codes from the following code systems:</p><ul><li>Include these codes as defined in http://snomed.info/sct<table><tr><td><b>Code</b></td><td><b>Display</b></td></tr><tr><td>1857005</td><td>Congenital rubella syndrome (disorder)</td><td/></tr><tr><td>397430003</td><td>Diphtheria due to Corynebacterium diphtheriae (disorder)</td><td/></tr><tr><td>14189004</td><td>Measles (disorder)</td><td/></tr><tr><td>36989005</td><td>Mumps (disorder)</td><td/></tr><tr><td>36653000</td><td>Rubella (disorder)</td><td/></tr><tr><td>76902006</td><td>Tetanus (disorder)</td><td/></tr><tr><td>709410003</td><td>Haemophilus influenzae type b infection (disorder)</td><td/></tr><tr><td>27836007</td><td>Pertussis (disorder)</td><td/></tr><tr><td>398102009</td><td>Acute poliomyelitis (disorder)</td><td/></tr></table></li></ul></div>","status":"generated"},"url":"http://hl7.org/fhir/ValueSet/vaccination-protocol-dose-target","version":"1.4.0"}