{"compose":{"include":[{"system":"http://hl7.org/fhir/substance-category"}]},"contact":[{"telecom":[{"system":"other","value":"http://www.hl7.org/Special/committees/orders/index.cfm"}]}],"date":"2016-06-06T20:14:04+00:00","description":"Substance category codes","experimental":true,"extension":[{"url":"http://hl7.org/fhir/StructureDefinition/valueset-oid","valueUri":"urn:oid:2.16.840.1.113883.4.642.2.279"}],"id":"substance-category","meta":{"lastUpdated":"2016-06-06T20:14:04.181+00:00","profile":["http://hl7.org/fhir/StructureDefinition/valueset-shareable-definition"]},"name":"Substance Category Codes","publisher":"HL7 Orders and Observations Workgroup","resourceType":"ValueSet","status":"draft","text":{"div":"<div xmlns=\"http://www.w3.org/1999/xhtml\"><h2>Substance Category Codes</h2><p>Substance category codes</p><p>This value set includes codes from the following code systems:</p><ul><li>Include all codes defined in <a href=\"codesystem-substance-category.html\">http://hl7.org/fhir/substance-category</a></li></ul></div>","status":"generated"},"url":"http://hl7.org/fhir/ValueSet/substance-category","version":"1.4.0"}