{
  "resourceType": "ValueSet",
  "id": "doc-typecodes",
  "meta": {
    "lastUpdated": "2016-06-06T20:14:04.181+00:00",
    "profile": [
      "http://hl7.org/fhir/StructureDefinition/valueset-shareable-definition"
    ]
  },
  "text": {
    "status": "generated",
    "div": "<div xmlns=\"http://www.w3.org/1999/xhtml\"><h2>FHIR Document Type Codes</h2><p>FHIR Document Codes - all LOINC codes where scale type = 'DOC'.</p><p><b>Copyright Statement:</b> This content from LOINC® is copyright © 1995 Regenstrief Institute, Inc. and the LOINC Committee, and available at no cost under the license at http://loinc.org/terms-of-use.</p><p>This value set includes codes from the following code systems:</p><ul><li>Include codes from http://loinc.org where SCALE_TYP  =  Doc</li></ul></div>"
  },
  "extension": [
    {
      "url": "http://hl7.org/fhir/StructureDefinition/valueset-oid",
      "valueUri": "urn:oid:2.16.840.1.113883.4.642.2.121"
    }
  ],
  "url": "http://hl7.org/fhir/ValueSet/doc-typecodes",
  "version": "1.4.0",
  "name": "FHIR Document Type Codes",
  "status": "draft",
  "experimental": true,
  "publisher": "HL7",
  "contact": [
    {
      "telecom": [
        {
          "system": "other",
          "value": "http://hl7.org"
        }
      ]
    }
  ],
  "date": "2016-06-06T20:14:04+00:00",
  "description": "FHIR Document Codes - all LOINC codes where scale type = 'DOC'.",
  "copyright": "This content from LOINC® is copyright © 1995 Regenstrief Institute, Inc. and the LOINC Committee, and available at no cost under the license at http://loinc.org/terms-of-use.",
  "compose": {
    "include": [
      {
        "system": "http://loinc.org",
        "filter": [
          {
            "property": "SCALE_TYP",
            "op": "=",
            "value": "Doc"
          }
        ]
      }
    ]
  }
}