{
  "resourceType": "ValueSet",
  "id": "instance-availability",
  "meta": {
    "lastUpdated": "2016-06-06T20:14:04.181+00:00",
    "profile": [
      "http://hl7.org/fhir/StructureDefinition/valueset-shareable-definition"
    ]
  },
  "text": {
    "status": "extensions",
    "div": "<div xmlns=\"http://www.w3.org/1999/xhtml\"><h2>InstanceAvailability</h2><p>Availability of the resource</p><p><b>Copyright Statement:</b> These codes are excerpted from Digital Imaging and Communications in Medicine (DICOM) Standard, Part 16: Content Mapping Resource, Copyright 2011 by the National Electrical Manufacturers Association</p><p>This value set includes codes from the following code systems:</p><ul><li>Include these codes as defined in <a href=\"codesystem-dicom-dcim.html\">http://nema.org/dicom/dicm</a><table><tr><td><b>Code</b></td><td><b>Display</b></td><td><b>Definition</b></td></tr><tr><td>ONLINE</td><td>Online</td><td>Resources are immediately available.</td></tr><tr><td>OFFLINE</td><td>Offline</td><td>Resources need to be retrieved by manual intervention.</td></tr><tr><td>NEARLINE</td><td>Nearline</td><td>Resources need to be retrieved from relatively slow media.</td></tr><tr><td>UNAVAILABLE</td><td>Unavailable</td><td>Resources cannot be retrieved.</td></tr></table></li></ul></div>"
  },
  "extension": [
    {
      "url": "http://hl7.org/fhir/StructureDefinition/valueset-oid",
      "valueUri": "urn:oid:2.16.840.1.113883.4.642.2.157"
    }
  ],
  "url": "http://hl7.org/fhir/ValueSet/instance-availability",
  "version": "1.4.0",
  "name": "InstanceAvailability",
  "status": "draft",
  "experimental": false,
  "publisher": "HL7 (FHIR Project)",
  "contact": [
    {
      "telecom": [
        {
          "system": "other",
          "value": "http://hl7.org/fhir"
        },
        {
          "system": "email",
          "value": "fhir@lists.hl7.org"
        }
      ]
    }
  ],
  "date": "2016-06-06T20:14:04+00:00",
  "description": "Availability of the resource",
  "copyright": "These codes are excerpted from Digital Imaging and Communications in Medicine (DICOM) Standard, Part 16: Content Mapping Resource, Copyright 2011 by the National Electrical Manufacturers Association",
  "compose": {
    "include": [
      {
        "system": "http://nema.org/dicom/dicm",
        "concept": [
          {
            "extension": [
              {
                "url": "http://hl7.org/fhir/StructureDefinition/valueset-definition",
                "valueString": "Resources are immediately available."
              }
            ],
            "code": "ONLINE"
          },
          {
            "extension": [
              {
                "url": "http://hl7.org/fhir/StructureDefinition/valueset-definition",
                "valueString": "Resources need to be retrieved by manual intervention."
              }
            ],
            "code": "OFFLINE"
          },
          {
            "extension": [
              {
                "url": "http://hl7.org/fhir/StructureDefinition/valueset-definition",
                "valueString": "Resources need to be retrieved from relatively slow media."
              }
            ],
            "code": "NEARLINE"
          },
          {
            "extension": [
              {
                "url": "http://hl7.org/fhir/StructureDefinition/valueset-definition",
                "valueString": "Resources cannot be retrieved."
              }
            ],
            "code": "UNAVAILABLE"
          }
        ]
      }
    ]
  }
}