{"compose":{"include":[{"system":"http://hl7.org/fhir/paymentstatus"}]},"contact":[{"telecom":[{"system":"other","value":"http://hl7.org/fhir"}]}],"copyright":"This is an example set.","date":"2016-06-06T20:14:04+00:00","description":"This value set includes a sample set of Payment Status codes.","experimental":true,"extension":[{"url":"http://hl7.org/fhir/StructureDefinition/valueset-oid","valueUri":"urn:oid:2.16.840.1.113883.4.642.2.334"}],"id":"payment-status","meta":{"lastUpdated":"2016-06-06T20:14:04.181+00:00","profile":["http://hl7.org/fhir/StructureDefinition/valueset-shareable-definition"]},"name":"Payment Status Codes","publisher":"Financial Management","resourceType":"ValueSet","status":"draft","text":{"div":"<div xmlns=\"http://www.w3.org/1999/xhtml\"><h2>Payment Status Codes</h2><p>This value set includes a sample set of Payment Status codes.</p><p><b>Copyright Statement:</b> This is an example set.</p><p>This value set includes codes from the following code systems:</p><ul><li>Include all codes defined in <a href=\"codesystem-payment-status.html\">http://hl7.org/fhir/paymentstatus</a></li></ul></div>","status":"generated"},"url":"http://hl7.org/fhir/ValueSet/payment-status","version":"1.4.0"}