{"compose":{"include":[{"system":"http://hl7.org/fhir/encounter-state"}]},"contact":[{"telecom":[{"system":"other","value":"http://hl7.org/fhir"},{"system":"email","value":"fhir@lists.hl7.org"}]}],"date":"2016-06-06T20:14:04+00:00","description":"Current state of the encounter","experimental":false,"extension":[{"url":"http://hl7.org/fhir/StructureDefinition/valueset-oid","valueUri":"urn:oid:2.16.840.1.113883.4.642.2.136"}],"id":"encounter-state","meta":{"lastUpdated":"2016-06-06T20:14:04.181+00:00","profile":["http://hl7.org/fhir/StructureDefinition/valueset-shareable-definition"]},"name":"EncounterState","publisher":"HL7 (FHIR Project)","resourceType":"ValueSet","status":"draft","text":{"div":"<div xmlns=\"http://www.w3.org/1999/xhtml\"><h2>EncounterState</h2><p>Current state of the encounter</p><p>This value set includes codes from the following code systems:</p><ul><li>Include all codes defined in <a href=\"codesystem-encounter-state.html\">http://hl7.org/fhir/encounter-state</a></li></ul></div>","status":"generated"},"url":"http://hl7.org/fhir/ValueSet/encounter-state","version":"1.4.0"}