{"compose":{"exclude":[{"concept":[{"code":"_ParticipationAncillary"}],"system":"http://hl7.org/fhir/v3/ParticipationType"}],"include":[{"filter":[{"op":"is-a","property":"concept","value":"_ParticipationAncillary"}],"system":"http://hl7.org/fhir/v3/ParticipationType"},{"concept":[{"code":"SPRF"},{"code":"PPRF"},{"code":"PART"}],"system":"http://hl7.org/fhir/v3/ParticipationType"},{"system":"http://hl7.org/fhir/participant-type"}]},"contact":[{"telecom":[{"system":"other","value":"http://hl7.org/fhir"}]}],"date":"2016-06-06T20:14:04+00:00","description":"This value set defines a set of codes that can be used to indicate how an individual participates in an encounter.","experimental":true,"extension":[{"url":"http://hl7.org/fhir/StructureDefinition/valueset-oid","valueUri":"urn:oid:2.16.840.1.113883.4.642.2.139"}],"id":"encounter-participant-type","meta":{"lastUpdated":"2016-06-06T20:14:04.181+00:00","profile":["http://hl7.org/fhir/StructureDefinition/valueset-shareable-definition"]},"name":"ParticipantType","publisher":"FHIR Project team","resourceType":"ValueSet","status":"draft","text":{"div":"<div xmlns=\"http://www.w3.org/1999/xhtml\"><h2>ParticipantType</h2><p>This value set defines a set of codes that can be used to indicate how an individual participates in an encounter.</p><p>This value set includes codes from the following code systems:</p><ul><li>Include codes from <a href=\"v3/ParticipationType/cs.html\">http://hl7.org/fhir/v3/ParticipationType</a> where concept  is-a  _ParticipationAncillary</li><li>Include these codes as defined in <a href=\"v3/ParticipationType/cs.html\">http://hl7.org/fhir/v3/ParticipationType</a><table><tr><td><b>Code</b></td><td><b>Display</b></td></tr><tr><td>SPRF</td><td>secondary performer</td><td>A person assisting in an act through his substantial presence and involvement   This includes: assistants, technicians, associates, or whatever the job titles may be.</td></tr><tr><td>PPRF</td><td>primary performer</td><td>The principal or primary performer of the act.</td></tr><tr><td>PART</td><td>Participation</td><td>Indicates that the target of the participation is involved in some manner in the act, but does not qualify how.</td></tr></table></li><li>Include all codes defined in <a href=\"codesystem-encounter-participant-type.html\">http://hl7.org/fhir/participant-type</a></li><li>Exclude these codes as defined in <a href=\"v3/ParticipationType/cs.html\">http://hl7.org/fhir/v3/ParticipationType</a><table><tr><td><b>Code</b></td><td><b>Display</b></td></tr><tr><td>_ParticipationAncillary</td><td/><td/></tr></table></li></ul></div>","status":"generated"},"url":"http://hl7.org/fhir/ValueSet/encounter-participant-type","version":"1.4.0"}