{
  "resourceType": "ValueSet",
  "id": "constraint-severity",
  "meta": {
    "lastUpdated": "2016-06-06T20:14:04.181+00:00",
    "profile": [
      "http://hl7.org/fhir/StructureDefinition/valueset-shareable-definition"
    ]
  },
  "text": {
    "status": "generated",
    "div": "<div xmlns=\"http://www.w3.org/1999/xhtml\"><h2>ConstraintSeverity</h2><p>SHALL applications comply with this constraint?</p><p>This value set includes codes from the following code systems:</p><ul><li>Include all codes defined in <a href=\"codesystem-constraint-severity.html\">http://hl7.org/fhir/constraint-severity</a></li></ul></div>"
  },
  "extension": [
    {
      "url": "http://hl7.org/fhir/StructureDefinition/valueset-oid",
      "valueUri": "urn:oid:2.16.840.1.113883.4.642.2.44"
    }
  ],
  "url": "http://hl7.org/fhir/ValueSet/constraint-severity",
  "version": "1.4.0",
  "name": "ConstraintSeverity",
  "status": "draft",
  "experimental": false,
  "publisher": "HL7 (FHIR Project)",
  "contact": [
    {
      "telecom": [
        {
          "system": "other",
          "value": "http://hl7.org/fhir"
        },
        {
          "system": "email",
          "value": "fhir@lists.hl7.org"
        }
      ]
    }
  ],
  "date": "2016-06-06T20:14:04+00:00",
  "description": "SHALL applications comply with this constraint?",
  "compose": {
    "include": [
      {
        "system": "http://hl7.org/fhir/constraint-severity"
      }
    ]
  }
}