{"compose":{"import":["http://hl7.org/fhir/ValueSet/v3-Race"],"include":[{"concept":[{"code":"248153007"},{"code":"248152002"},{"code":"77386006"}],"system":"http://snomed.info/sct"},{"system":"http://hl7.org/fhir/referencerange-meaning"}]},"contact":[{"telecom":[{"system":"other","value":"http://hl7.org/fhir"}]}],"copyright":"This value set includes content from SNOMED CT, which is copyright © 2002+ International Health Terminology Standards Development Organisation (IHTSDO), and distributed by agreement between IHTSDO and HL7. Implementer use of SNOMED CT is not covered by this agreement.","date":"2016-06-06T20:14:04+00:00","description":"This value set defines a set of codes that can be used to indicate the meaning/use of a reference range.","experimental":true,"extension":[{"url":"http://hl7.org/fhir/StructureDefinition/valueset-oid","valueUri":"urn:oid:2.16.840.1.113883.4.642.2.217"}],"id":"referencerange-meaning","meta":{"lastUpdated":"2016-06-06T20:14:04.181+00:00","profile":["http://hl7.org/fhir/StructureDefinition/valueset-shareable-definition"]},"name":"Observation Reference Range Meaning Codes","publisher":"FHIR Project team","resourceType":"ValueSet","status":"draft","text":{"div":"<div xmlns=\"http://www.w3.org/1999/xhtml\"><h2>Observation Reference Range Meaning Codes</h2><p>This value set defines a set of codes that can be used to indicate the meaning/use of a reference range.</p><p><b>Copyright Statement:</b> This value set includes content from SNOMED CT, which is copyright © 2002+ International Health Terminology Standards Development Organisation (IHTSDO), and distributed by agreement between IHTSDO and HL7. Implementer use of SNOMED CT is not covered by this agreement.</p><p>This value set includes codes from the following code systems:</p><ul><li>Import all the codes that are contained in <a href=\"v3/Race/vs.html\">http://hl7.org/fhir/ValueSet/v3-Race</a></li><li>Include these codes as defined in http://snomed.info/sct<table><tr><td><b>Code</b></td><td><b>Display</b></td></tr><tr><td>248153007</td><td>Male (finding)</td><td/></tr><tr><td>248152002</td><td>Female (finding)</td><td/></tr><tr><td>77386006</td><td>Patient currently pregnant (finding)</td><td/></tr></table></li><li>Include all codes defined in <a href=\"codesystem-referencerange-meaning.html\">http://hl7.org/fhir/referencerange-meaning</a></li></ul></div>","status":"generated"},"url":"http://hl7.org/fhir/ValueSet/referencerange-meaning","version":"1.4.0"}